file,speaker,type,chars,text
"fsp_campaign_ch1_s16_l0.mp3","amara","dialogue",12,"I'll go too."
"fsp_campaign_ch1_s16_l2.mp3","amara","dialogue",99,"Fifty-five people, Mikhail. This is the first operation for the person I recommended. I need to go."
"fsp_campaign_ch10_s07_l0.mp3","amara","dialogue",55,"Thomas Alder was a member of Talon Group's Mars branch."
"fsp_campaign_ch10_s07_l1.mp3","amara","dialogue",39,"He infiltrated FSP. From the beginning."
"fsp_campaign_ch10_s07_l3.mp3","amara","dialogue",36,"To divide FSP. It worked. Partially."
"fsp_campaign_ch10_s17_l4.mp3","amara","dialogue",22,"Or in a different way."
"fsp_campaign_ch10_s21_l0.mp3","amara","dialogue",61,"The Earth-side coalition is trying to block Gaia's departure."
"fsp_campaign_ch10_s21_l2.mp3","amara","dialogue",78,"Mars economic blockade. Pressure on MCC. Demanding they reverse the agreement."
"fsp_campaign_ch10_s29_l0.mp3","amara","dialogue",35,"Seventy-two hours. MCC is wavering."
"fsp_campaign_ch10_s29_l2.mp3","amara","dialogue",77,"Earth-side pressure is strong. If sanctions are real MCC's economy collapses."
"fsp_campaign_ch7_s06_l0.mp3","amara","dialogue",69,"Amara Okafor. From southern Hellas. Eleven years as a representative."
"fsp_campaign_ch7_s06_l1.mp3","amara","dialogue",116,"FSP's next step is negotiation. With MCC too. With CV too. Negotiate while fighting. That is how to survive on Mars."
"fsp_campaign_ch7_s06_l2.mp3","amara","dialogue",64,"What Mikhail built I will carry forward. But in a different way."
"fsp_campaign_ch7_s10b_amara_vs_mikhail_l0.mp3","amara","dialogue",74,"Mikhail. FSP can sit at the negotiating table with MCC. If I become chair."
"fsp_campaign_ch7_s10b_amara_vs_mikhail_l2.mp3","amara","dialogue",70,"The safety of miners. Legal protection. Without those there's nothing."
"fsp_campaign_ch7_s12b_delay_debate_l0.mp3","amara","dialogue",47,"Must postpone the election. Crisis comes first."
"fsp_campaign_ch9_s15_l0.mp3","amara","dialogue",31,"Who does Pilgrim Arms work for."
"fsp_campaign_ch9_s17_l4.mp3","amara","dialogue",30,"Those who can fight. Come now."
"fsp_campaign_ch9_s19_l1.mp3","amara","dialogue",34,"I know where the remaining one is."
"fsp_campaign_ch9_s19_l3.mp3","amara","dialogue",17,"No. Still enough."
"fsp_campaign_ch9_s25_l5.mp3","amara","dialogue",20,"I'm fine. I can sit."
"fsp_campaign_ch9_s43_l0.mp3","amara","dialogue",14,"Reverend Hale."
"fsp_campaign_ch9_s43_l2.mp3","amara","dialogue",47,"When the names are recorded... what comes next."
"fsp_campaign_ch9_s43_l4.mp3","amara","dialogue",20,"How do names decide."
"fsp_prologue_p31_l0.mp3","amara","dialogue",27,"You came. Took a long time."
"fsp_prologue_p31_l1.mp3","amara","dialogue",29,"How's Mars? First impression."
"fsp_prologue_p31_l2.mp3","amara","dialogue",79,"You don't have to say. It's right not to know yet. Need a few more days to see."
"cv_prologue_s04_l0.mp3","bartender","dialogue",53,"People have been going south. Three this month alone."
"cv_prologue_s04_l1.mp3","bartender","dialogue",15,"None came back."
"cv_prologue_s04_l2.mp3","bartender","dialogue",81,"Don't know if they're dead or if they stayed. Don't know if there's a difference."
"prologue_shared_s32_l0.mp3","berk","dialogue",47,"Is there a first-time Mars passenger among you."
"prologue_shared_s32_l1.mp3","berk","dialogue",111,"If it's your first time act like it's your second. Mars doesn't know the difference. Not knowing is the danger."
"prologue_shared_s32_l2.mp3","berk","dialogue",57,"Ten hours to Hellas Central. Everyone stay in your seats."
"prologue_shared_s48_l0.mp3","berk","dialogue",32,"Looks like that your first time."
"prologue_shared_s48_l1.mp3","berk","dialogue",83,"Looks like that your second time too. Third. You don't get used to it. That's Mars."
"prologue_shared_s48_l2.mp3","berk","dialogue",20,"Where are you going."
"cv_campaign_ch10_s03_l0.mp3","butcher","dialogue",9,"You came."
"cv_campaign_ch10_s03_l1.mp3","butcher","dialogue",90,"You see the photo. You know the names. Thirty years. The names look younger. I look older."
"cv_campaign_ch10_s03_l2.mp3","butcher","dialogue",50,"The next CV is you. My decision. My last decision."
"cv_campaign_ch10_s06_l0.mp3","butcher","dialogue",41,"Something to tell you. For the last time."
"cv_campaign_ch10_s06_l1.mp3","butcher","dialogue",93,"The night before Zone 12. The person who called me. Didn't know for thirty years. Now I know."
"cv_campaign_ch10_s06_l2.mp3","butcher","dialogue",81,"It was someone inside MCC. They saved my life. Don't know why. But they saved it."
"cv_campaign_ch10_s10_l0.mp3","butcher","dialogue",128,"Chen's mother saved me thirty years ago. Chen stayed inside MCC for twenty-two years. For the same reason. That's why CV exists."
"cv_campaign_ch10_s10_l1.mp3","butcher","dialogue",59,"We chose different doors. For the same reason. That's Mars."
"cv_campaign_ch10_s14_l0.mp3","butcher","dialogue",45,"I'll give you the photo. The names are in it."
"cv_campaign_ch10_s14_l1.mp3","butcher","dialogue",103,"I'll give you the prosthetic too. Made at seventeen. Thirty years old. Still works. Cinder repaired it."
"cv_campaign_ch10_s14_l2.mp3","butcher","dialogue",32,"Those are CV. The rest you make."
"cv_campaign_ch10_s18_l0.mp3","butcher","dialogue",90,"For thirty years I touched the names. On the back of the photo. Now they're on the inside."
"cv_campaign_ch10_s18_l1.mp3","butcher","dialogue",37,"Cinder knows better. How to remember."
"cv_campaign_ch10_s20_l2.mp3","butcher","dialogue",27,"You decide. It's yours now."
"cv_campaign_ch10_s22_l0.mp3","butcher","dialogue",40,"Names in it. On the back. Remember them."
"cv_campaign_ch10_s22_l1.mp3","butcher","dialogue",47,"When they're gone write them again. That's all."
"cv_campaign_ch10_s28_l0.mp3","butcher","dialogue",44,"Last question. If you're CV what kind of CV."
"cv_campaign_ch10_s28_l1.mp3","butcher","dialogue",77,"Thirty years ago I decided at seventeen. Not to sign. That was the beginning."
"cv_campaign_ch10_s28_l2.mp3","butcher","dialogue",21,"What's your decision."
"cv_campaign_ch10_s30_l3.mp3","butcher","dialogue",30,"The demilitarized zone clause."
"cv_campaign_ch10_s32_l0.mp3","butcher","dialogue",16,"Ask me directly."
"cv_campaign_ch10_s32_l2.mp3","butcher","dialogue",70,"Zone 12 names are in the agreement. Cinder signed as Zone 12 survivor."
"cv_campaign_ch10_s32_l3.mp3","butcher","dialogue",67,"That's what thirty years wanted. The names in an official document."
"cv_campaign_ch10_s32_l4.mp3","butcher","dialogue",73,"If a five-kilometer demilitarized zone is the price for that. It's cheap."
"cv_campaign_ch10_s34_l1.mp3","butcher","dialogue",7,"Say it."
"cv_campaign_ch10_s34_l4.mp3","butcher","dialogue",7,"I know."
"cv_campaign_ch10_s34_l5.mp3","butcher","dialogue",60,"That's why the prosthetic must be given. To the next person."
"cv_campaign_ch10_s36_l2.mp3","butcher","dialogue",41,"On Mars there were always people waiting."
"cv_campaign_ch10_s36_l3.mp3","butcher","dialogue",73,"For thirty years I waited too. For the day these names would be recorded."
"cv_campaign_ch10_s36_l4.mp3","butcher","dialogue",27,"Done. That waiting is done."
"cv_campaign_ch10_s36_l5.mp3","butcher","dialogue",19,"Now make them wait."
"cv_campaign_ch5_s_success_l0.mp3","butcher","dialogue",52,"Today we did what couldn't be done thirty years ago."
"cv_campaign_ch5_s_success_l1.mp3","butcher","dialogue",72,"Someone made a declaration back then too. Back then nobody protected it."
"cv_campaign_ch5_s03_l0.mp3","butcher","dialogue",25,"Kepler belongs to nobody?"
"cv_campaign_ch5_s03_l1.mp3","butcher","dialogue",153,"Thirty years ago there were those words too. That the mines didn't belong to anyone. That they belonged to the miners. You know what happened after that."
"cv_campaign_ch5_s03_l2.mp3","butcher","dialogue",55,"Watch anyway. Cinder said this time might be different."
"cv_campaign_ch5_s08_l2.mp3","butcher","dialogue",15,"Too many words."
"cv_campaign_ch5_s11_l1.mp3","butcher","dialogue",5,"Fine."
"cv_campaign_ch5_s11_l3.mp3","butcher","dialogue",54,"Wherever you need to go, you go regardless of the day."
"cv_campaign_ch5_s14_l2.mp3","butcher","dialogue",13,"What is this."
"cv_campaign_ch5_s21_l1.mp3","butcher","dialogue",5,"What?"
"cv_campaign_ch5_s23_l0.mp3","butcher","dialogue",47,"Thirty years ago I heard it too. Similar words."
"cv_campaign_ch5_s23_l1.mp3","butcher","dialogue",57,"Back then there weren't people like those. Not that many."
"cv_campaign_ch5_s25_l2.mp3","butcher","dialogue",26,"Then MCC sees this as war."
"cv_campaign_ch5_s29_l0.mp3","butcher","dialogue",13,"These people."
"cv_campaign_ch5_s29_l1.mp3","butcher","dialogue",61,"Photo from thirty years ago. Similar. Different faces though."
"cv_campaign_ch5_s29_l3.mp3","butcher","dialogue",20,"You saw? Now decide."
"cv_campaign_ch5_s34_l0.mp3","butcher","dialogue",7,"Cinder."
"cv_campaign_ch5_s34_l2.mp3","butcher","dialogue",43,"The Sandstone Promise. That was here today."
"cv_campaign_ch6_s_success_l0.mp3","butcher","dialogue",9,"Survived."
"cv_campaign_ch6_s_success_l1.mp3","butcher","dialogue",68,"The names survived too. That's what matters. More than us surviving."
"cv_campaign_ch6_s_success_l2.mp3","butcher","dialogue",87,"There's empty space on the back of the photo. That's where your name goes. Test passed."
"cv_campaign_ch6_s03_l0.mp3","butcher","dialogue",4,"Sit."
"cv_campaign_ch6_s03_l1.mp3","butcher","dialogue",95,"Thirty years ago. The people in this photo. MCC mine. It was Hellas Zone 4. There was a strike."
"cv_campaign_ch6_s03_l2.mp3","butcher","dialogue",137,"MCC ended it. The strike. How, you already know without me saying. I survived. Among the people in this photo I'm the only one who lived."
"cv_campaign_ch6_s05_l0.mp3","butcher","dialogue",113,"Zone 12. I was there. The night before the accident. Someone called me. Outside the base. Didn't say why. I went."
"cv_campaign_ch6_s05_l1.mp3","butcher","dialogue",76,"When I came back the next morning there was no tunnel. No people. Just dirt."
"cv_campaign_ch6_s05_l2.mp3","butcher","dialogue",64,"For thirty years I've thought about one thing. Why was I called."
"cv_campaign_ch6_s08_l0.mp3","butcher","dialogue",72,"The names. On the back of the photo there are names. Have you seen them."
"cv_campaign_ch6_s08_l1.mp3","butcher","dialogue",111,"At first there were eighty-three. By the end of the strike fewer. After the tunnel collapsed there was just me."
"cv_campaign_ch6_s08_l2.mp3","butcher","dialogue",80,"The names are on the back of the photo. That's all. What names built. That's CV."
"cv_campaign_ch6_s10_l0.mp3","butcher","dialogue",147,"Didn't sign. Instead I lost the arm. A machine grabbed it. Called it an accident. Made the prosthetic myself. Materials taken from tunnel wreckage."
"cv_campaign_ch6_s10_l1.mp3","butcher","dialogue",60,"At seventeen. This arm has been with me since. Thirty years."
"cv_campaign_ch6_s14_l0.mp3","butcher","dialogue",48,"Thirty years have passed. Is CV still necessary."
"cv_campaign_ch6_s14_l1.mp3","butcher","dialogue",130,"The names are on the back of the photo. Names from thirty years ago. New names keep appearing. Zone 12. There are names there too."
"cv_campaign_ch6_s14_l2.mp3","butcher","dialogue",69,"The day names stop appearing. That day CV can disappear too. Not yet."
"cv_campaign_ch6_s16_l0.mp3","butcher","dialogue",73,"The one who survives has an obligation. You know what that obligation is."
"cv_campaign_ch6_s16_l1.mp3","butcher","dialogue",131,"Remembering the names. That's all there is. Even if MCC deletes them. Even if FSP ignores them. Remembering. That's the obligation."
"cv_campaign_ch6_s18_l0.mp3","butcher","dialogue",95,"I have something to ask you. This is a test. There's no wrong answer. You don't have to answer."
"cv_campaign_ch6_s18_l1.mp3","butcher","dialogue",55,"The reason you came here. The first reason. What is it."
"cv_campaign_ch6_s20_l0.mp3","butcher","dialogue",167,"At seventeen I wrote names on the tunnel wall. In chalk. Those names disappeared. When the tunnel collapsed. So I wrote them again. On the back of the photo. On paper."
"cv_campaign_ch6_s20_l1.mp3","butcher","dialogue",95,"That's how you remember. When they disappear you write them again. That's the reason I am here."
"cv_campaign_ch6_s24_l0.mp3","butcher","dialogue",67,"There's a reason I called you tonight. I'm going to ask for a name."
"cv_campaign_ch6_s24_l1.mp3","butcher","dialogue",91,"A name you've lost. A name you remember. Without that I don't know where you are inside CV."
"cv_campaign_ch6_s26_l0.mp3","butcher","dialogue",112,"I remembered names for thirty years. Every night. Before sleeping. I said the names. Out loud. Where no one was."
"cv_campaign_ch6_s26_l1.mp3","butcher","dialogue",86,"That's why I'm still here. As long as there are names I must be here too. It's simple."
"cv_campaign_ch6_s28_l0.mp3","butcher","dialogue",129,"MCC is going to touch the Zone 12 records again. This time to erase them completely. Digital records. Paper records. All of them."
"cv_campaign_ch6_s28_l1.mp3","butcher","dialogue",35,"Cinder found out. No time. Tonight."
"cv_campaign_ch6_s28_l2.mp3","butcher","dialogue",65,"You have to go. You have to get the records. The names are there."
"cv_campaign_ch6_s32_l0.mp3","butcher","dialogue",49,"One more thing to ask you. This is the real test."
"cv_campaign_ch6_s32_l1.mp3","butcher","dialogue",92,"The one who survives has an obligation. You know what that obligation is. What do you think."
"cv_campaign_ch6_s35_l0.mp3","butcher","dialogue",27,"Bring them back. The names."
"cv_campaign_ch6_s35_l1.mp3","butcher","dialogue",43,"Thirty years ago I was alone. Today is not."
"cv_campaign_ch7_s_success_l0.mp3","butcher","dialogue",17,"I'm not dead yet."
"cv_campaign_ch7_s09_l0.mp3","butcher","dialogue",17,"I'm not dead yet."
"cv_campaign_ch7_s09_l1.mp3","butcher","dialogue",76,"If you want to talk about CV's next leader wait until I'm dead. Still alive."
"cv_campaign_ch7_s09_l2.mp3","butcher","dialogue",39,"And it's not you who decides. I decide."
"cv_campaign_ch7_s11_l0.mp3","butcher","dialogue",94,"If CV splits it's all over. Thirty years is over. The names on the back of the photo are over."
"cv_campaign_ch7_s11_l1.mp3","butcher","dialogue",47,"MCC knows it. They're waiting. For us to split."
"cv_campaign_ch7_s17_l0.mp3","butcher","dialogue",75,"Deliver a message to Reza. If you take the passage alone you hold it alone."
"cv_campaign_ch7_s17_l1.mp3","butcher","dialogue",50,"CV is CV. Not Crow's. Not Reza's. While I'm alive."
"cv_campaign_ch7_s21_l0.mp3","butcher","dialogue",48,"Listen to what Reza wants. Don't shoot. Not yet."
"cv_campaign_ch7_s21_l1.mp3","butcher","dialogue",47,"CV has never split in thirty years. Same today."
"cv_campaign_ch7_s25_l0.mp3","butcher","dialogue",113,"Names on the back of this photo. Never split. Not once. The names splitting is the tunnel collapsing. That's all."
"cv_campaign_ch7_s25_l1.mp3","butcher","dialogue",61,"Deliver to Reza. The tunnel doesn't collapse while I'm alive."
"cv_campaign_ch7_s29_l0.mp3","butcher","dialogue",70,"Crow. Reza. Both are CV. Both are on the back of the photo. The names."
"cv_campaign_ch7_s29_l1.mp3","butcher","dialogue",80,"Names shooting at each other. Worse than the tunnel collapsing thirty years ago."
"cv_campaign_ch7_s31_l1.mp3","butcher","dialogue",8,"Knew it."
"cv_campaign_ch7_s31_l2.mp3","butcher","dialogue",49,"Crow. Reza. Stop them together. That comes first."
"cv_campaign_ch7_s33_l0.mp3","butcher","dialogue",5,"Reza."
"cv_campaign_ch7_s33_l1.mp3","butcher","dialogue",36,"Western passage. You hold it. Today."
"cv_campaign_ch7_s33_l2.mp3","butcher","dialogue",35,"We talk later. After today is over."
"cv_campaign_ch8_s_success_l0.mp3","butcher","dialogue",9,"We lived."
"cv_campaign_ch8_s_success_l1.mp3","butcher","dialogue",34,"Lived one more day. That's enough."
"cv_campaign_ch8_s_success_l2.mp3","butcher","dialogue",55,"You. The next one. My decision. The photo is the proof."
"cv_campaign_ch8_s03_l0.mp3","butcher","dialogue",17,"Today is the day."
"cv_campaign_ch8_s03_l1.mp3","butcher","dialogue",102,"CV has to gamble. We need to make a place at the Olympus table. Or overturn the table. One of the two."
"cv_campaign_ch8_s03_l2.mp3","butcher","dialogue",69,"You make the decision. I can't guarantee after today. The lungs know."
"cv_campaign_ch8_s07_l0.mp3","butcher","dialogue",50,"Need to talk about a successor. Need to do it now."
"cv_campaign_ch8_s07_l1.mp3","butcher","dialogue",51,"My decision. Not yours. But I'll hear what you say."
"cv_campaign_ch8_s13_l0.mp3","butcher","dialogue",60,"I haven't forgotten the names in thirty years. You know how."
"cv_campaign_ch8_s13_l1.mp3","butcher","dialogue",107,"I made the names the reason. The reason to be a leader. The reason CV exists. Then they can't be forgotten."
"cv_campaign_ch8_s17_l0.mp3","butcher","dialogue",95,"Erebus is CV's. Since thirty years ago. Not something MCC made. We made it. The names are here."
"cv_campaign_ch8_s17_l1.mp3","butcher","dialogue",65,"CV has to go to Olympus. Has to make a place at the table. Today."
"cv_campaign_ch8_s21_l0.mp3","butcher","dialogue",44,"Something to ask you. This is the last test."
"cv_campaign_ch8_s21_l1.mp3","butcher","dialogue",51,"If you're CV's next leader. What will you do first."
"cv_campaign_ch8_s23_l0.mp3","butcher","dialogue",67,"I know. Roughly what you'll choose. But I want to hear it from you."
"cv_campaign_ch8_s23_l1.mp3","butcher","dialogue",68,"At seventeen I didn't sign. The reason for that is in this room now."
"cv_campaign_ch8_s27_l0.mp3","butcher","dialogue",57,"I'll decide the successor. Before that we have to gamble."
"cv_campaign_ch8_s27_l1.mp3","butcher","dialogue",73,"Olympus. Need to make a CV seat. Or destroy the table. That's the gamble."
"cv_campaign_ch8_s27_l2.mp3","butcher","dialogue",103,"Thirty years ago it was the strike. Today it's Olympus. Nothing's changed. But we have to be different."
"cv_campaign_ch8_s33_l0.mp3","butcher","dialogue",61,"Argyre Plains. Didn't come here thirty years ago. First time."
"cv_campaign_ch8_s33_l1.mp3","butcher","dialogue",76,"Started in the canyon. Continued in Erebus. Could end here. That's fine too."
"cv_campaign_ch1_s06_l0.mp3","butcher_vasquez","dialogue",12,"Still alive."
"cv_campaign_ch1_s06_l1.mp3","butcher_vasquez","dialogue",38,"Looks like you've got nothing to lose."
"cv_campaign_ch1_s06_l3.mp3","butcher_vasquez","dialogue",32,"Don't need to talk. They all do."
"cv_campaign_ch1_s08_l0.mp3","butcher_vasquez","dialogue",40,"There are three ways to survive on Mars."
"cv_campaign_ch1_s08_l1.mp3","butcher_vasquez","dialogue",10,"Be strong."
"cv_campaign_ch1_s08_l2.mp3","butcher_vasquez","dialogue",10,"Be useful."
"cv_campaign_ch1_s08_l3.mp3","butcher_vasquez","dialogue",10,"Disappear."
"cv_campaign_ch1_s19_l0.mp3","butcher_vasquez","dialogue",46,"Win and you pass. Lose and try again tomorrow."
"cv_campaign_ch1_s19_l1.mp3","butcher_vasquez","dialogue",31,"Don't kill. Just put them down."
"cv_campaign_ch1_s28_l0.mp3","butcher_vasquez","dialogue",33,"Minus one hundred. You know that."
"cv_campaign_ch1_s28_l2.mp3","butcher_vasquez","dialogue",39,"Knowing and experiencing are different."
"cv_campaign_ch1_s33_l0.mp3","butcher_vasquez","dialogue",8,"Come in."
"cv_campaign_ch1_s33_l1.mp3","butcher_vasquez","dialogue",54,"People have died there through the night. But not you."
"cv_campaign_ch1_s38_l0.mp3","butcher_vasquez","dialogue",63,"Reza. MCC informant. Three days of investigation. A conclusion."
"cv_campaign_ch1_s38_l1.mp3","butcher_vasquez","dialogue",87,"CV doesn't forgive betrayal. In a place with no rules that's the one thing that exists."
"cv_campaign_ch1_s38_l3.mp3","butcher_vasquez","dialogue",17,"There's evidence."
"cv_campaign_ch1_s47_l1.mp3","butcher_vasquez","dialogue",35,"Alive means there's still a chance."
"cv_campaign_ch2_s34_l0.mp3","butcher_vasquez","dialogue",9,"No blood."
"cv_campaign_ch2_s34_l1.mp3","butcher_vasquez","dialogue",42,"The workers didn't trigger the alarm. Why."
"cv_campaign_ch2_s34_l3.mp3","butcher_vasquez","dialogue",6,"I see."
"cv_campaign_ch2_s42_l0.mp3","butcher_vasquez","dialogue",43,"On Mars first operations are all like that."
"cv_campaign_ch2_s42_l1.mp3","butcher_vasquez","dialogue",41,"Equipment can be retrieved. People can't."
"cv_campaign_ch2_s42_l2.mp3","butcher_vasquez","dialogue",40,"You came back. That's enough. For today."
"cv_campaign_ch3_s03_l0.mp3","butcher_vasquez","dialogue",13,"Loyalty test."
"cv_campaign_ch3_s03_l1.mp3","butcher_vasquez","dialogue",90,"CV lives by the code. Only those who keep the code can be here. It's time to confirm that."
"cv_campaign_ch3_s07_l0.mp3","butcher_vasquez","dialogue",74,"Reza caused harm to CV. Not small harm. The code doesn't forgive betrayal."
"cv_campaign_ch3_s07_l1.mp3","butcher_vasquez","dialogue",78,"But — you said that name. Aisha. That's why Reza is here. Your choice existed."
"cv_campaign_ch3_s07_l2.mp3","butcher_vasquez","dialogue",30,"Now you handle it. What to do."
"cv_campaign_ch3_s23_l0.mp3","butcher_vasquez","dialogue",13,"Release Reza."
"cv_campaign_ch3_s23_l2.mp3","butcher_vasquez","dialogue",43,"It's the code. A promise was made. Keep it."
"cv_campaign_ch3_s45_l0.mp3","butcher_vasquez","dialogue",18,"You kept the code."
"cv_campaign_ch3_s45_l1.mp3","butcher_vasquez","dialogue",104,"Few people in CV make their own code. Most don't even know what the code is. That's why they don't last."
"cv_campaign_ch4_s44_l0.mp3","butcher_vasquez","dialogue",17,"I know the names."
"cv_campaign_ch4_s44_l2.mp3","butcher_vasquez","dialogue",71,"From the beginning. Knew why Cinder came to CV. That's why you're here."
"cv_prologue_s26_l0.mp3","butcher_vasquez","dialogue",12,"Still alive."
"cv_prologue_s26_l1.mp3","butcher_vasquez","dialogue",35,"You heard the rumor. That's enough."
"cv_campaign_ch9_s06_l0.mp3","chen","dialogue",8,"CV came."
"cv_campaign_ch9_s06_l1.mp3","chen","dialogue",47,"You weren't on the agenda. But you came so sit."
"cv_campaign_ch9_s06_l2.mp3","chen","dialogue",42,"Three chairs. One was empty. Now it isn't."
"cv_campaign_ch9_s12_l0.mp3","chen","dialogue",48,"MCC records show eleven Zone 12 deaths. Correct."
"cv_campaign_ch9_s12_l1.mp3","chen","dialogue",118,"The report exists. The revision request exists. The record that revision didn't happen exists. MCC records everything."
"cv_campaign_ch9_s12_l2.mp3","chen","dialogue",58,"You're asking whether that record should be at this table."
"cv_campaign_ch9_s14_l1.mp3","chen","dialogue",32,"For twenty-two years I've known."
"cv_campaign_ch9_s15_l0.mp3","chen","dialogue",75,"My parents died in the mines. Not Zone 12. A different tunnel. Same method."
"cv_campaign_ch9_s15_l1.mp3","chen","dialogue",80,"I've been inside MCC for twenty-two years. Trying to change things. Still there."
"cv_campaign_ch9_s15_l2.mp3","chen","dialogue",58,"You and I came from the same place. Chose different doors."
"cv_campaign_ch9_s17_l1.mp3","chen","dialogue",67,"I know them. Four of them are on this mountain. Since this morning."
"cv_campaign_ch9_s19_l0.mp3","chen","dialogue",59,"Don't know who the target is. Me. Rev. Hale. Or one of you."
"cv_campaign_ch9_s19_l1.mp3","chen","dialogue",65,"It's possible. Someone who wants this meeting to fail hired them."
"cv_campaign_ch9_s19_l2.mp3","chen","dialogue",58,"Or from inside the MCC board. That possibility exists too."
"cv_campaign_ch9_s21_l1.mp3","chen","dialogue",41,"Two east. Two west. They know we're here."
"cv_campaign_ch9_s23_l0.mp3","chen","dialogue",24,"Cinder Grace. One thing."
"cv_campaign_ch9_s23_l1.mp3","chen","dialogue",66,"Zone 12 records. In MCC archives. I've unlocked them. As of today."
"cv_campaign_ch9_s23_l2.mp3","chen","dialogue",42,"When the talks are over you can take them."
"cv_campaign_ch9_s25_l1.mp3","chen","dialogue",20,"It took a long time."
"cv_campaign_ch9_s27_l0.mp3","chen","dialogue",19,"You have to decide."
"cv_campaign_ch9_s27_l1.mp3","chen","dialogue",82,"Whom to protect. Or whether to stop the assassination or not. This is CV's choice."
"cv_campaign_ch9_s27_l2.mp3","chen","dialogue",57,"The talks must continue. The names must be at this table."
"cv_campaign_ch9_s31_l0.mp3","chen","dialogue",31,"CV has no reason to protect me."
"cv_campaign_ch9_s31_l2.mp3","chen","dialogue",22,"Is that reason enough."
"cv_campaign_ch9_s34_l0.mp3","chen","dialogue",44,"I'll drink the tea. First time in this room."
"cv_campaign_ch9_s34_l1.mp3","chen","dialogue",64,"There's a way to drink inside a mask. A method bureaucrats know."
"cv_campaign_ch9_s34_l3.mp3","chen","dialogue",51,"Cinder is outside. You are inside. And I drink tea."
"cv_campaign_ch9_s34_l4.mp3","chen","dialogue",30,"Each of us doing our own work."
"cv_campaign_ch9_s36_l1.mp3","chen","dialogue",32,"He said Ramos. The captured one."
"cv_campaign_ch9_s36_l3.mp3","chen","dialogue",54,"Talon Group. Mars conflict consultants. Earth capital."
"cv_campaign_ch9_s36_l5.mp3","chen","dialogue",37,"That is the most profitable business."
"cv_campaign_ch9_s40_l0.mp3","chen","dialogue",45,"Include Zone 12 in the agreement. Explicitly."
"cv_campaign_ch9_s40_l3.mp3","chen","dialogue",33,"And investigation of Talon Group."
"cv_campaign_ch9_s40_l5.mp3","chen","dialogue",39,"Agreed. An independent body must do it."
"cv_campaign_ch9_s44_l0.mp3","chen","dialogue",36,"The Zone 12 records. Take them. Now."
"cv_campaign_ch9_s44_l2.mp3","chen","dialogue",50,"A copy. I brought it when I came up this mountain."
"cv_campaign_ch9_s44_l3.mp3","chen","dialogue",57,"Twenty-two years I waited. For the day I could give this."
"mcc_campaign_ch10_s06_l0.mp3","chen","dialogue",4,"Sit."
"mcc_campaign_ch10_s06_l1.mp3","chen","dialogue",66,"There are things you need to know before entering the board today."
"mcc_campaign_ch10_s06_l2.mp3","chen","dialogue",85,"Everything I'm going to say is true. Things that have been true for twenty-two years."
"mcc_campaign_ch10_s07_l0.mp3","chen","dialogue",70,"I was born on Mars. Second generation. My parents worked in the mines."
"mcc_campaign_ch10_s07_l1.mp3","chen","dialogue",101,"When the Zone 12 accident happened I had been at MCC for two years. I was on the internal audit team."
"mcc_campaign_ch10_s07_l2.mp3","chen","dialogue",42,"That was the first time I saw the records."
"mcc_campaign_ch10_s09_l0.mp3","chen","dialogue",43,"The locking of the records wasn't my doing."
"mcc_campaign_ch10_s09_l1.mp3","chen","dialogue",100,"What I did was — ensure that record didn't completely disappear. Leaving it in the archive sublevel."
"mcc_campaign_ch10_s09_l2.mp3","chen","dialogue",54,"It was there until you found it. For twenty-two years."
"mcc_campaign_ch10_s11_l0.mp3","chen","dialogue",83,"Thirty years ago. The day before the Zone 12 accident. My mother contacted Butcher."
"mcc_campaign_ch10_s11_l1.mp3","chen","dialogue",128,"My mother was also a Zone 12 miner. She knew the MCC communication frequencies. She accessed the tunnel communication frequency."
"mcc_campaign_ch10_s11_l2.mp3","chen","dialogue",108,"She told him to leave now. Didn't say why. Just told him to leave. It was eight years before my mother died."
"mcc_campaign_ch10_s13_l0.mp3","chen","dialogue",98,"I heard it from my mother. Before she died. That MCC knew and let it go. That cost was the reason."
"mcc_campaign_ch10_s13_l1.mp3","chen","dialogue",81,"That was all my mother could do. Even one person. Getting them out of the tunnel."
"mcc_campaign_ch10_s13_l2.mp3","chen","dialogue",90,"I entered MCC after that. After my mother died. Twenty-two years ago. That was the reason."
"mcc_campaign_ch10_s15_l0.mp3","chen","dialogue",20,"Look out the window."
"mcc_campaign_ch10_s15_l1.mp3","chen","dialogue",111,"Hellas Central. The city MCC built. Where my parents worked. Where C-7 block children now write names in chalk."
"mcc_campaign_ch10_s15_l2.mp3","chen","dialogue",140,"For twenty-two years this was the goal. The things visible from this window changing. Add my mother's thirty years and it goes back further."
"mcc_campaign_ch10_s17_l0.mp3","chen","dialogue",7,"Lifang."
"mcc_campaign_ch10_s17_l2.mp3","chen","dialogue",57,"Report what happened to the Pilgrim Arms team at Olympus."
"mcc_campaign_ch10_s20_l0.mp3","chen","dialogue",7,"I knew."
"mcc_campaign_ch10_s20_l1.mp3","chen","dialogue",71,"That's why I secured information on Pilgrim Arms first. Before Olympus."
"mcc_campaign_ch10_s20_l2.mp3","chen","dialogue",87,"Now that information is evidence. Evidence to be used at the ten o'clock board meeting."
"mcc_campaign_ch10_s22_l0.mp3","chen","dialogue",49,"At the board meeting Osei will try to dismiss me."
"mcc_campaign_ch10_s22_l1.mp3","chen","dialogue",108,"He'll frame the Zone 12 record release as an MCC confidential leak. Marchetti will waver. Ryu stays neutral."
"mcc_campaign_ch10_s22_l2.mp3","chen","dialogue",23,"That's when I need you."
"mcc_campaign_ch10_s27_l0.mp3","chen","dialogue",25,"You said breach of trust."
"mcc_campaign_ch10_s27_l1.mp3","chen","dialogue",82,"Then Director Osei. What was suppressing the Zone 12 safety defect report in 2004?"
"mcc_campaign_ch10_s27_l2.mp3","chen","dialogue",98,"Eleven people died from that decision. The director who signed that decision is here in this room."
"mcc_campaign_ch10_s29_l0.mp3","chen","dialogue",115,"And one more thing. Here is the document showing Director Osei commissioned Pilgrim Arms for the Olympus operation."
"mcc_campaign_ch10_s29_l1.mp3","chen","dialogue",41,"The target is also noted here. It was me."
"mcc_campaign_ch10_s35_l2.mp3","chen","dialogue",74,"A suitable moment was needed. A moment when records could become evidence."
"mcc_campaign_ch10_s36_l0.mp3","chen","dialogue",35,"And someone was needed to bring it."
"mcc_campaign_ch10_s36_l1.mp3","chen","dialogue",24,"That person is here now."
"mcc_campaign_ch10_s40_l0.mp3","chen","dialogue",29,"We survived the board. Today."
"mcc_campaign_ch10_s40_l1.mp3","chen","dialogue",61,"There's board tomorrow. Next month too. It continues on Mars."
"mcc_campaign_ch10_s40_l2.mp3","chen","dialogue",65,"That's why a decision is needed. Whether to continue inside this."
"mcc_campaign_ch10_s42_l0.mp3","chen","dialogue",48,"Running MCC is power. But power has a direction."
"mcc_campaign_ch10_s42_l1.mp3","chen","dialogue",86,"I had a direction. For twenty-two years. Someone is needed to continue that direction."
"mcc_campaign_ch10_s42_l2.mp3","chen","dialogue",61,"That could be you. Or it might not be. The decision is yours."
"mcc_campaign_ch10_s43_l0.mp3","chen","dialogue",46,"Look out the window. All of Hellas is visible."
"mcc_campaign_ch10_s43_l1.mp3","chen","dialogue",91,"Upper floors. Administration. Middle. Engineers. Lower. Workers. Mines. All of that is MCC."
"mcc_campaign_ch10_s43_l2.mp3","chen","dialogue",115,"What to do with this is the choice. Inheriting it. Completing it as an empire. Leaving. Transcending. All of those."
"mcc_campaign_ch10_s45_l0.mp3","chen","dialogue",62,"When my parents died in the mines the cause section was blank."
"mcc_campaign_ch10_s45_l1.mp3","chen","dialogue",68,"Twenty-two years have passed. I don't know how much has been filled."
"mcc_campaign_ch10_s45_l2.mp3","chen","dialogue",46,"But today I drank this tea. That's all I know."
"mcc_campaign_ch3_s_success_l0.mp3","chen","dialogue",12,"You're back."
"mcc_campaign_ch3_s_success_l1.mp3","chen","dialogue",76,"Mission complete. Data arrived. The report would go to the 25-Degree Lounge."
"mcc_campaign_ch3_s_success_l2.mp3","chen","dialogue",55,"Take some tea. Today we drink in this room. Both of us."
"mcc_campaign_ch3_s07_l0.mp3","chen","dialogue",9,"Sit down."
"mcc_campaign_ch3_s07_l1.mp3","chen","dialogue",51,"I read the report. The audit results. You wrote it."
"mcc_campaign_ch3_s07_l2.mp3","chen","dialogue",14,"Take some tea."
"mcc_campaign_ch3_s09_l0.mp3","chen","dialogue",106,"Three deaths in Sector 7. You put it in the report. That was either courageous or foolish. One of the two."
"mcc_campaign_ch3_s09_l1.mp3","chen","dialogue",53,"I don't dislike either. They come from the same root."
"mcc_campaign_ch3_s09_l2.mp3","chen","dialogue",69,"Twenty years in MCC. New arrivals who write that in reports are rare."
"mcc_campaign_ch3_s11_l0.mp3","chen","dialogue",91,"I'll tell you about my parents. They worked in the mines. Both. I was left alone at twelve."
"mcc_campaign_ch3_s11_l1.mp3","chen","dialogue",58,"There was an accident report. The cause section was blank."
"mcc_campaign_ch3_s11_l2.mp3","chen","dialogue",40,"That's why I entered MCC. To fill it in."
"mcc_campaign_ch3_s13_l0.mp3","chen","dialogue",46,"Twenty-two years. Was it filled? I'm not sure."
"mcc_campaign_ch3_s13_l1.mp3","chen","dialogue",104,"Inside MCC you can fill in cause sections. To a degree. Rules can be changed. Checklists can be changed."
"mcc_campaign_ch3_s13_l2.mp3","chen","dialogue",92,"But outside MCC nothing can be changed. On Mars. That's what I learned. It took a long time."
"mcc_campaign_ch3_s15_l0.mp3","chen","dialogue",82,"There's a new mission. Kepler Crater. Mineral survey. There's something out there."
"mcc_campaign_ch3_s15_l1.mp3","chen","dialogue",74,"A geology team went. The report was incomplete. It needs to be done again."
"mcc_campaign_ch3_s15_l2.mp3","chen","dialogue",56,"You're going. There's a reason. You'll understand later."
"mcc_campaign_ch3_s17_l0.mp3","chen","dialogue",76,"You'll meet Liang Wei. A geologist. External to MCC. Independent researcher."
"mcc_campaign_ch3_s17_l1.mp3","chen","dialogue",110,"Thirty years studying Kepler. A person who spent thirty years in one place on Mars. That person saw something."
"mcc_campaign_ch3_s17_l2.mp3","chen","dialogue",82,"Confirm what it is. Then report to me. Not the geology team report. Your thoughts."
"mcc_campaign_ch3_s19_l0.mp3","chen","dialogue",49,"You can ask why this room is twenty-five degrees."
"mcc_campaign_ch3_s19_l1.mp3","chen","dialogue",107,"Standard indoor temperature on Mars is 18 degrees. Seven degrees more expensive. Energy cost. Paid monthly."
"mcc_campaign_ch3_s19_l2.mp3","chen","dialogue",141,"Do you know where that money comes from? Miners' work allowances. Contract clause 32. Infrastructure maintenance surcharge. Everyone pays it."
"mcc_campaign_ch3_s19_l3.mp3","chen","dialogue",92,"I maintain twenty-five degrees knowing that. That's the meaning of this room. To not forget."
"mcc_campaign_ch3_s21_l0.mp3","chen","dialogue",81,"MCC runs Mars. Mines. Oxygen. Water. Refineries. Without those people can't live."
"mcc_campaign_ch3_s21_l1.mp3","chen","dialogue",50,"The issue is how that power is used. Who holds it."
"mcc_campaign_ch3_s21_l2.mp3","chen","dialogue",113,"I've watched that for twenty-two years. I know which direction it should go. I need someone to go that direction."
"mcc_campaign_ch3_s23_l0.mp3","chen","dialogue",41,"One more thing before the Kepler mission."
"mcc_campaign_ch3_s23_l1.mp3","chen","dialogue",96,"The MCC board saw the Sector 7 report. They know your name. Attention isn't always a good thing."
"mcc_campaign_ch3_s23_l2.mp3","chen","dialogue",51,"But I called you here. Think about what that means."
"mcc_campaign_ch3_s25_l0.mp3","chen","dialogue",66,"FSP knows about Kepler. CV does too. Whoever moves first takes it."
"mcc_campaign_ch3_s25_l1.mp3","chen","dialogue",46,"MCC needs to move first. You need to be there."
"mcc_campaign_ch3_s25_l2.mp3","chen","dialogue",125,"Cooperate with Liang Wei. But remember where Liang Wei's research goes. The Kepler data belongs to MCC. It's in the contract."
"mcc_campaign_ch3_s27_l0.mp3","chen","dialogue",18,"Finished your tea?"
"mcc_campaign_ch3_s27_l1.mp3","chen","dialogue",89,"Tea doesn't cool at twenty-five degrees. It's the same temperature whenever you drink it."
"mcc_campaign_ch3_s27_l2.mp3","chen","dialogue",107,"That's what this room teaches. Some things don't change with time. That can be power or it can be a burden."
"mcc_campaign_ch3_s29_l0.mp3","chen","dialogue",39,"Last question. Why did you come to MCC."
"mcc_campaign_ch3_s29_l1.mp3","chen","dialogue",36,"No need to answer. Just remember it."
"mcc_campaign_ch3_s29_l2.mp3","chen","dialogue",109,"Mars changes people. It makes you forget the reason. People who don't forget that reason last on this planet."
"mcc_campaign_ch3_s32_l0.mp3","chen","dialogue",5,"Good."
"mcc_campaign_ch3_s32_l1.mp3","chen","dialogue",99,"Go to Kepler. This week. Get equipment from the technical division. Lifang has Liang Wei's contact."
"mcc_campaign_ch3_s32_l2.mp3","chen","dialogue",62,"When you return come here. This room. Have another cup of tea."
"mcc_campaign_ch6_s_success_l0.mp3","chen","dialogue",20,"Received the report."
"mcc_campaign_ch6_s_success_l1.mp3","chen","dialogue",128,"The lights of block C-7 had gone dark outside the window. It was MCC's night. From the 25-Degree Lounge everything looked small."
"mcc_campaign_ch6_s_success_l2.mp3","chen","dialogue",95,"Small things going dark looked even smaller. But they're not small. That must not be forgotten."
"mcc_campaign_ch6_s04_l0.mp3","chen","dialogue",70,"Labor district block C-7. The FSP contact network operates from there."
"mcc_campaign_ch6_s04_l1.mp3","chen","dialogue",88,"MCC has known that. For a long time. Tonight that block's operating permit is suspended."
"mcc_campaign_ch6_s04_l2.mp3","chen","dialogue",87,"There's work for you. Secure the miner database in that sector. Before FSP extracts it."
"mcc_campaign_ch6_s06_l0.mp3","chen","dialogue",44,"There are miners in block C-7. Families too."
"mcc_campaign_ch6_s06_l1.mp3","chen","dialogue",95,"If the database is secured their contract renewals proceed. Otherwise renewals are put on hold."
"mcc_campaign_ch6_s06_l2.mp3","chen","dialogue",30,"That is MCC's way. Understood?"
"mcc_campaign_ch7_s_success_l0.mp3","chen","dialogue",19,"The board approved."
"mcc_campaign_ch7_s_success_l1.mp3","chen","dialogue",75,"Drinking the tea in this room. Whether that had a reason even I don't know."
"mcc_campaign_ch7_s_success_l2.mp3","chen","dialogue",42,"But today it was like that. That's enough."
"mcc_campaign_ch7_s04_l0.mp3","chen","dialogue",9,"You came."
"mcc_campaign_ch7_s04_l1.mp3","chen","dialogue",71,"You're entering the board for the first time. There are things to know."
"mcc_campaign_ch7_s04_l2.mp3","chen","dialogue",85,"Directors don't answer questions directly. The question is the answer. Remember that."
"mcc_campaign_ch7_s08_l0.mp3","chen","dialogue",79,"The board begins. You wrote the Sector 7 report. And secured the Kepler sample."
"mcc_campaign_ch7_s08_l1.mp3","chen","dialogue",58,"The directors called you here because of those two things."
"mcc_campaign_ch7_s08_l2.mp3","chen","dialogue",67,"It's an evaluation. Whether you're someone who can enter the board."
"mcc_campaign_ch7_s10_l0.mp3","chen","dialogue",79,"Director Osei is asking. Sector 7 report. Three deaths. How you knew the truth."
"mcc_campaign_ch7_s10_l1.mp3","chen","dialogue",55,"The board already knows. But wants to hear it from you."
"mcc_campaign_ch7_s12_l0.mp3","chen","dialogue",34,"The board has permitted questions."
"mcc_campaign_ch7_s12_l1.mp3","chen","dialogue",103,"Director Marchetti — Kepler sample. Ancient Metal possibility. What if FSP already has the information."
"mcc_campaign_ch7_s12_l2.mp3","chen","dialogue",26,"These are yours to answer."
"mcc_campaign_ch7_s14_l0.mp3","chen","dialogue",48,"Director Ryu is asking. How to handle Liang Wei."
"mcc_campaign_ch7_s14_l1.mp3","chen","dialogue",77,"Convert to MCC affiliation. Maintain as independent researcher. Or the third."
"mcc_campaign_ch7_s14_l2.mp3","chen","dialogue",73,"The third isn't said clearly. But in the board the third is always there."
"mcc_campaign_ch7_s16_l0.mp3","chen","dialogue",70,"The directors are reacting. Subtly. Setting down pens. Shifting gazes."
"mcc_campaign_ch7_s16_l1.mp3","chen","dialogue",46,"Read those. That's the work done in this room."
"mcc_campaign_ch7_s18_l0.mp3","chen","dialogue",69,"Director Osei is asking again. Block C-7. Server. What you did there."
"mcc_campaign_ch7_s18_l1.mp3","chen","dialogue",58,"The board knows everything. But wants to hear it from you."
"mcc_campaign_ch7_s18_l2.mp3","chen","dialogue",42,"In this room silence is the same as a lie."
"mcc_campaign_ch7_s20_l0.mp3","chen","dialogue",25,"Say it. Before the board."
"mcc_campaign_ch7_s20_l1.mp3","chen","dialogue",82,"And if you tell the truth — what the board does with that is the board's decision."
"mcc_campaign_ch7_s22_l0.mp3","chen","dialogue",92,"Director Marchetti speaks again. It's been confirmed FSP received leaked Kepler information."
"mcc_campaign_ch7_s22_l1.mp3","chen","dialogue",84,"It was an internal MCC geology team leak. That team member has already been handled."
"mcc_campaign_ch7_s22_l2.mp3","chen","dialogue",80,"There's information that FSP is sending a team to Kepler. Need to respond first."
"mcc_campaign_ch7_s24_l0.mp3","chen","dialogue",57,"There's a brief halt. Technical reason. There's a window."
"mcc_campaign_ch7_s24_l1.mp3","chen","dialogue",68,"All of Hellas Central visible. A panorama. Block C-7 visible. Small."
"mcc_campaign_ch7_s24_l2.mp3","chen","dialogue",54,"Chalk names not visible. Too small. But they're there."
"mcc_campaign_ch7_s26_l0.mp3","chen","dialogue",76,"Director Ryu requests the final position. How will MCC handle Ancient Metal."
"mcc_campaign_ch7_s26_l1.mp3","chen","dialogue",108,"The board has proposed four options. Exclusive control. Decide after analysis. Full announcement. Or freeze."
"mcc_campaign_ch7_s26_l2.mp3","chen","dialogue",65,"Freeze isn't an option on Mars. But the board always includes it."
"mcc_campaign_ch7_s28_l0.mp3","chen","dialogue",9,"A moment."
"mcc_campaign_ch7_s28_l1.mp3","chen","dialogue",78,"You know how the board sees you. A threat. A small threat still. But a threat."
"mcc_campaign_ch7_s28_l2.mp3","chen","dialogue",63,"I support you. That's dangerous for the board. I know that too."
"mcc_campaign_ch7_s30_l0.mp3","chen","dialogue",82,"The reason the board is testing you. Because they don't know which side you're on."
"mcc_campaign_ch7_s30_l1.mp3","chen","dialogue",84,"Whether it's MCC's side. Or another side. The board always needs to know that first."
"mcc_campaign_ch7_s30_l2.mp3","chen","dialogue",40,"I'm asking the same question. About you."
"mcc_campaign_ch7_s32_l0.mp3","chen","dialogue",38,"The board moves to the second session."
"mcc_campaign_ch7_s32_l1.mp3","chen","dialogue",52,"Kepler site defense operation. FSP team approaching."
"mcc_campaign_ch7_s32_l2.mp3","chen","dialogue",34,"You go. The board has approved it."
"mcc_campaign_ch7_s34_l0.mp3","chen","dialogue",93,"I've been in MCC for twenty-two years. Today was the first time I drank the tea in this room."
"mcc_campaign_ch7_s34_l1.mp3","chen","dialogue",29,"I won't say why. It just was."
"mcc_campaign_ch9_s03_l0.mp3","chen","dialogue",33,"I saw this room. Before entering."
"mcc_campaign_ch9_s03_l1.mp3","chen","dialogue",92,"Three chairs. One table. No windows. A room without windows on Olympus. That's this meeting."
"mcc_campaign_ch9_s03_l2.mp3","chen","dialogue",93,"What is said in a room without windows is real. Not said because of the view through windows."
"mcc_campaign_ch9_s05_l0.mp3","chen","dialogue",34,"Rev. Hale. Cinder Grace. You came."
"mcc_campaign_ch9_s05_l1.mp3","chen","dialogue",150,"Today here we agree on the principles of Mars resource distribution. Or three factions divide Mars each in their own way. Only these two things exist."
"mcc_campaign_ch9_s05_l2.mp3","chen","dialogue",119,"MCC's position is clear. MCC built the infrastructure. MCC operates it. Whatever the cost, whoever pays it must pay it."
"mcc_campaign_ch9_s07_l0.mp3","chen","dialogue",47,"Telling you. This meeting is not a negotiation."
"mcc_campaign_ch9_s07_l1.mp3","chen","dialogue",86,"It's intelligence gathering. What Rev. Hale wants. What Cinder Grace actually brought."
"mcc_campaign_ch9_s07_l2.mp3","chen","dialogue",40,"Knowing that MCC can decide where to go."
"mcc_campaign_ch9_s09_l0.mp3","chen","dialogue",23,"But today is different."
"mcc_campaign_ch9_s09_l1.mp3","chen","dialogue",66,"Cinder Grace brought a photo. Put it on the table. Names. Zone 12."
"mcc_campaign_ch9_s09_l2.mp3","chen","dialogue",68,"Something I had locked away for twenty-two years. It's on the table."
"mcc_campaign_ch9_s11_l0.mp3","chen","dialogue",48,"MCC records show eleven Zone 12 deaths. Correct."
"mcc_campaign_ch9_s11_l1.mp3","chen","dialogue",84,"The report exists. The revision request records exist. Today I unlock those records."
"mcc_campaign_ch9_s11_l2.mp3","chen","dialogue",58,"When Cinder Grace placed the photo on the table I decided."
"mcc_campaign_ch9_s13_l0.mp3","chen","dialogue",87,"My parents died in the mines. On Mars. Twenty-two years ago. The records said accident."
"mcc_campaign_ch9_s13_l1.mp3","chen","dialogue",69,"It wasn't an accident. MCC knew. I found out too. After entering MCC."
"mcc_campaign_ch9_s13_l2.mp3","chen","dialogue",82,"Held on inside for twenty-two years. The Zone 12 records were locked. By my hands."
"mcc_campaign_ch9_s15_l0.mp3","chen","dialogue",72,"Cinder Grace. You and I came from the same place. Chose different doors."
"mcc_campaign_ch9_s15_l1.mp3","chen","dialogue",204,"Thirty years ago there was someone who called seventeen-year-old Butcher out of the tunnel. My mother. She was a Zone 12 miner. She knew the way. Since then I have been carrying that work from inside MCC."
"mcc_campaign_ch9_s17_l0.mp3","chen","dialogue",144,"That's why CV exists. That's why MCC couldn't eliminate Erebus for twenty-two years. Add my mother's thirty years and it goes back even further."
"mcc_campaign_ch9_s17_l1.mp3","chen","dialogue",84,"I blocked it. Inside MCC. Every time the board tried to approve an Erebus operation."
"mcc_campaign_ch9_s19_l0.mp3","chen","dialogue",68,"Pilgrim Arms. Four of them are on this mountain. Since this morning."
"mcc_campaign_ch9_s19_l1.mp3","chen","dialogue",101,"Those who hired them are inside the board. They knew I was going to unlock the Zone 12 records today."
"mcc_campaign_ch9_s19_l2.mp3","chen","dialogue",40,"They're trying to stop me. In this room."
"mcc_campaign_ch9_s21_l0.mp3","chen","dialogue",23,"I'll give you a choice."
"mcc_campaign_ch9_s21_l1.mp3","chen","dialogue",103,"If you follow the board's instructions you don't stop Pilgrim Arms. That's standard procedure. For MCC."
"mcc_campaign_ch9_s21_l2.mp3","chen","dialogue",83,"If you act independently you protect me. But your relationship with the board ends."
"mcc_campaign_ch9_s23_l0.mp3","chen","dialogue",30,"Twenty-two years. To get here."
"mcc_campaign_ch9_s23_l1.mp3","chen","dialogue",83,"When the Zone 12 records are unlocked the board changes. MCC changes. Mars changes."
"mcc_campaign_ch9_s23_l2.mp3","chen","dialogue",39,"That's the reason for twenty-two years."
"mcc_campaign_ch9_s25_l0.mp3","chen","dialogue",55,"Cinder Grace went to stop the eastern side. With tools."
"mcc_campaign_ch9_s25_l1.mp3","chen","dialogue",29,"The west remains. You decide."
"mcc_campaign_ch9_s27_l0.mp3","chen","dialogue",71,"The board is trying to stop me. For the first time in twenty-two years."
"mcc_campaign_ch9_s27_l1.mp3","chen","dialogue",46,"That's proof I'm going in the right direction."
"mcc_campaign_ch9_s29_l0.mp3","chen","dialogue",91,"An agreement is needed. Today. Three factions. The Zone 12 names must be in this agreement."
"mcc_campaign_ch9_s29_l1.mp3","chen","dialogue",79,"That's what the board is trying to stop. Names appearing in official documents."
"mcc_campaign_ch9_s29_l2.mp3","chen","dialogue",19,"It's your decision."
"mcc_campaign_ch9_s31_l0.mp3","chen","dialogue",70,"The western two are approaching. Reaching this room within one minute."
"mcc_campaign_ch9_s31_l1.mp3","chen","dialogue",45,"I'll sign the agreement. While you stop them."
"fsp_campaign_ch9_s05_l1.mp3","chen_weiss","dialogue",45,"Chen Weiss. MCC Southern Hemisphere Governor."
"fsp_campaign_ch9_s07_l1.mp3","chen_weiss","dialogue",84,"MCC's position is clear. Unified Mars administration. All three factions integrated."
"fsp_campaign_ch9_s07_l3.mp3","chen_weiss","dialogue",62,"Integration is cooperation. We should clarify the terminology."
"fsp_campaign_ch9_s11_l2.mp3","chen_weiss","dialogue",38,"Zone 12 was sealed for safety reasons."
"fsp_campaign_ch9_s11_l4.mp3","chen_weiss","dialogue",3,"..."
"fsp_campaign_ch9_s15_l2.mp3","chen_weiss","dialogue",50,"MCC did not hire them. I want to be clear on that."
"fsp_campaign_ch9_s15_l4.mp3","chen_weiss","dialogue",3,"..."
"fsp_campaign_ch9_s17_l2.mp3","chen_weiss","dialogue",47,"If your people came then you're not the target."
"fsp_campaign_ch9_s21_l0.mp3","chen_weiss","dialogue",67,"This summit itself is the target. Someone doesn't want this summit."
"fsp_campaign_ch9_s21_l2.mp3","chen_weiss","dialogue",12,"Who is that."
"fsp_campaign_ch9_s21_l4.mp3","chen_weiss","dialogue",51,"Earth-side capital. Martian division benefits them."
"fsp_campaign_ch9_s23_l0.mp3","chen_weiss","dialogue",27,"Your FSP people are strong."
"fsp_campaign_ch9_s23_l2.mp3","chen_weiss","dialogue",20,"People born on Mars."
"fsp_campaign_ch9_s23_l4.mp3","chen_weiss","dialogue",3,"..."
"fsp_campaign_ch9_s25_l1.mp3","chen_weiss","dialogue",57,"Pilgrim Arms don't name clients. That is their principle."
"fsp_campaign_ch9_s28_l0.mp3","chen_weiss","dialogue",78,"MCC's position is integration. Administrative efficiency. Resource management."
"fsp_campaign_ch9_s28_l1.mp3","chen_weiss","dialogue",52,"Worker registration is... something we can consider."
"fsp_campaign_ch9_s28_l3.mp3","chen_weiss","dialogue",81,"Changing the entire Mars administrative structure is not a one or two day matter."
"fsp_campaign_ch9_s30_l1.mp3","chen_weiss","dialogue",40,"What does that have to do with anything."
"fsp_campaign_ch9_s30_l3.mp3","chen_weiss","dialogue",61,"... I was seventeen. Following my father. He was an engineer."
"fsp_campaign_ch9_s30_l5.mp3","chen_weiss","dialogue",30,"... Red. And empty. Back then."
"fsp_campaign_ch9_s33_l1.mp3","chen_weiss","dialogue",79,"Mars integrated worker registration system. MCC can provide the infrastructure."
"fsp_campaign_ch9_s33_l3.mp3","chen_weiss","dialogue",56,"Make it an independent body. All three factions oversee."
"fsp_campaign_ch9_s39_l4.mp3","chen_weiss","dialogue",49,"Talon. Mars conflict mediation consultants. Them."
"fsp_campaign_ch9_s41_l1.mp3","chen_weiss","dialogue",88,"MCC agrees to provide infrastructure for the Mars Integrated Worker Registration System."
"fsp_campaign_ch9_s41_l5.mp3","chen_weiss","dialogue",71,"Name recording comes first. Rev. Hale is right. That is the foundation."
"fsp_campaign_ch9_s47_l1.mp3","chen_weiss","dialogue",50,"Only a very small number knew the summit location."
"cv_campaign_ch10_s08_l0.mp3","cinder","dialogue",107,"It's Chen Weiss. The reason she entered MCC twenty-two years ago. The reason her parents died in the mines."
"cv_campaign_ch10_s08_l1.mp3","cinder","dialogue",56,"That's why she unlocked the Zone 12 records. At Olympus."
"cv_campaign_ch10_s16_l0.mp3","cinder","dialogue",137,"While repairing I engraved something. Names. Zone 12. And the names from thirty years ago. Inside the prosthetic. Where it can't be seen."
"cv_campaign_ch10_s16_l1.mp3","cinder","dialogue",42,"You feel them when you wear it. The names."
"cv_campaign_ch10_s20_l1.mp3","cinder","dialogue",25,"Tools are ready. Waiting."
"cv_campaign_ch10_s24_l1.mp3","cinder","dialogue",57,"Tools move the same way. Stay in one place and they rust."
"cv_campaign_ch10_s26_l0.mp3","cinder","dialogue",57,"I met CV at Sandstone. Three years ago. Butcher was here."
"cv_campaign_ch10_s26_l1.mp3","cinder","dialogue",81,"I said a name. Zone 12. Eleven people. Butcher listened. Then took out the photo."
"cv_campaign_ch10_s26_l2.mp3","cinder","dialogue",44,"That's how you come to CV. You bring a name."
"cv_campaign_ch10_s30_l5.mp3","cinder","dialogue",37,"Five kilometers is our training area."
"cv_campaign_ch10_s34_l0.mp3","cinder","dialogue",31,"Butcher. One more thing to say."
"cv_campaign_ch10_s34_l2.mp3","cinder","dialogue",75,"The names engraved inside the prosthetic. Someone must keep engraving them."
"cv_campaign_ch10_s34_l3.mp3","cinder","dialogue",79,"Names entering official documents and engraving them on the body are different."
"cv_campaign_ch10_s36_l1.mp3","cinder","dialogue",16,"Tools are ready."
"cv_campaign_ch5_s_success_l2.mp3","cinder","dialogue",20,"Now we protected it."
"cv_campaign_ch5_s05_l0.mp3","cinder","dialogue",30,"Lena from FSP side is visible."
"cv_campaign_ch5_s05_l1.mp3","cinder","dialogue",67,"The person I saw at Sandstone. The fast one. With names on her arm."
"cv_campaign_ch5_s05_l2.mp3","cinder","dialogue",76,"We can protect Kepler together. The Sandstone Promise gets its meaning here."
"cv_campaign_ch5_s08_l0.mp3","cinder","dialogue",48,"Half a day to cross the plains. Avoiding drones."
"cv_campaign_ch5_s08_l1.mp3","cinder","dialogue",75,"I know why Butcher came himself. There was something here thirty years ago."
"cv_campaign_ch5_s11_l0.mp3","cinder","dialogue",64,"Past Erebus the MCC drone density changes. Equipment check here."
"cv_campaign_ch5_s11_l2.mp3","cinder","dialogue",36,"Butcher. Bad day. Your face says so."
"cv_campaign_ch5_s14_l0.mp3","cinder","dialogue",21,"Those are all miners."
"cv_campaign_ch5_s14_l1.mp3","cinder","dialogue",52,"Not just FSP. From Hellas villages too. Word spread."
"cv_campaign_ch5_s16_l0.mp3","cinder","dialogue",21,"Look at those people."
"cv_campaign_ch5_s16_l1.mp3","cinder","dialogue",51,"Some are CV people. Miners from our territory side."
"cv_campaign_ch5_s16_l2.mp3","cinder","dialogue",43,"Don't know if that can be called a faction."
"cv_campaign_ch5_s21_l0.mp3","cinder","dialogue",17,"That is a weapon."
"cv_campaign_ch5_s21_l2.mp3","cinder","dialogue",122,"She said draft constitution. It doesn't exist yet. But she said it. Some things come into being the moment they're spoken."
"cv_campaign_ch5_s21_l3.mp3","cinder","dialogue",41,"Those people just became witnesses to it."
"cv_campaign_ch5_s23_l2.mp3","cinder","dialogue",34,"That's why this time is different."
"cv_campaign_ch5_s25_l0.mp3","cinder","dialogue",49,"Drone coming down. Two minutes to approach range."
"cv_campaign_ch5_s25_l1.mp3","cinder","dialogue",44,"We can take two of three with our equipment."
"cv_campaign_ch5_s25_l3.mp3","cinder","dialogue",18,"It already is war."
"cv_campaign_ch5_s27_l0.mp3","cinder","dialogue",33,"Don't think about selling to MCC."
"cv_campaign_ch5_s27_l1.mp3","cinder","dialogue",58,"There was a promise at Sandstone. I remember that promise."
"cv_campaign_ch5_s27_l2.mp3","cinder","dialogue",52,"Look at those people. Can you sell those people out?"
"cv_campaign_ch5_s29_l2.mp3","cinder","dialogue",27,"Butcher took out the photo."
"cv_campaign_ch5_s32_l0.mp3","cinder","dialogue",26,"FSP looked weak. At first."
"cv_campaign_ch5_s32_l1.mp3","cinder","dialogue",88,"But those people came. Not called. FSP didn't call them. Those people came on their own."
"cv_campaign_ch5_s32_l2.mp3","cinder","dialogue",53,"That is FSP's strength. First time I understood that."
"cv_campaign_ch5_s34_l1.mp3","cinder","dialogue",4,"Yes."
"cv_campaign_ch5_s34_l3.mp3","cinder","dialogue",35,"I know. I said I remember promises."
"cv_campaign_ch5_s37_l0.mp3","cinder","dialogue",36,"Boss. Do you know what we did today?"
"cv_campaign_ch5_s37_l1.mp3","cinder","dialogue",40,"We took a side. CV taking sides is rare."
"cv_campaign_ch5_s37_l2.mp3","cinder","dialogue",56,"But this is right. First time I'm certain of that today."
"cv_campaign_ch6_s12_l0.mp3","cinder","dialogue",110,"I was MCC for six years. Engineer. I wrote the Zone 12 report. Support beam defects. MCC told me to revise it."
"cv_campaign_ch6_s12_l1.mp3","cinder","dialogue",78,"Didn't revise it. Got fired. A week later the tunnel collapsed. Eleven people."
"cv_campaign_ch6_s12_l2.mp3","cinder","dialogue",24,"That's why I came to CV."
"cv_campaign_ch6_s22_l0.mp3","cinder","dialogue",27,"The Zone 12 names are here."
"cv_campaign_ch6_s22_l1.mp3","cinder","dialogue",111,"Butcher wrote them. When I came to CV. I said the names. He listened. Then wrote them on the back of the photo."
"cv_campaign_ch6_s22_l2.mp3","cinder","dialogue",41,"That's how you join CV. You bring a name."
"cv_campaign_ch6_s30_l0.mp3","cinder","dialogue",84,"I'll guide you. I know the route. Archive sublevel two. MCC security is three zones."
"cv_campaign_ch6_s30_l1.mp3","cinder","dialogue",75,"A place I went often six years ago. I remember. Memory lasts quite a while."
"cv_campaign_ch7_s_success_l1.mp3","cinder","dialogue",12,"CV survived."
"cv_campaign_ch7_s_success_l2.mp3","cinder","dialogue",55,"I can touch my tools again. There are things to repair."
"cv_campaign_ch7_s03_l0.mp3","cinder","dialogue",27,"The doctor said six months."
"cv_campaign_ch7_s03_l1.mp3","cinder","dialogue",98,"Butcher heard it. Said nothing. Put the prosthetic back on and stood. Said there was a CV meeting."
"cv_campaign_ch7_s03_l2.mp3","cinder","dialogue",80,"That's how this person has lived since thirty years ago. As if nothing is wrong."
"cv_campaign_ch7_s07_l0.mp3","cinder","dialogue",47,"Can't be a leader. Leading people isn't my way."
"cv_campaign_ch7_s07_l1.mp3","cinder","dialogue",67,"My way is fixing. Broken things. With tools. Not commanding people."
"cv_campaign_ch7_s07_l2.mp3","cinder","dialogue",34,"Crow is right. It shouldn't be me."
"cv_campaign_ch7_s15_l0.mp3","cinder","dialogue",81,"Besides the western passage there's a southern bypass. A route Reza doesn't know."
"cv_campaign_ch7_s15_l1.mp3","cinder","dialogue",62,"I dug it two years ago. For emergencies. Only I knew about it."
"cv_campaign_ch7_s15_l2.mp3","cinder","dialogue",36,"Can't be a leader but I know routes."
"cv_campaign_ch7_s27_l0.mp3","cinder","dialogue",46,"Southern passage is open. Supply line secured."
"cv_campaign_ch7_s27_l1.mp3","cinder","dialogue",87,"Even if Reza blocks the west the base can function. Three days worth of supplies moved."
"cv_campaign_ch7_s27_l2.mp3","cinder","dialogue",48,"Can't be a leader but I can keep the base alive."
"cv_campaign_ch8_s05_l0.mp3","cinder","dialogue",48,"While MCC and FSP are on Olympus we decide here."
"cv_campaign_ch8_s05_l1.mp3","cinder","dialogue",44,"What CV is. What it will become. Here today."
"cv_campaign_ch8_s05_l2.mp3","cinder","dialogue",40,"I'll pick up my tools. That's my answer."
"cv_campaign_ch8_s11_l0.mp3","cinder","dialogue",86,"I know the names. The ones on the back of the photo. I asked to write them all myself."
"cv_campaign_ch8_s11_l1.mp3","cinder","dialogue",69,"But leading people isn't mine. It's different from fixing with tools."
"cv_campaign_ch8_s11_l2.mp3","cinder","dialogue",83,"If I take a seat I don't want I'm afraid I'll forget the names. That's what I fear."
"cv_campaign_ch8_s19_l0.mp3","cinder","dialogue",61,"Twelve hours to Olympus. If all of CV moves it'll be noticed."
"cv_campaign_ch8_s19_l1.mp3","cinder","dialogue",60,"Need to go small. Three is enough. Cinder. You. And Butcher."
"cv_campaign_ch8_s19_l2.mp3","cinder","dialogue",94,"Butcher put the names on the table here for the first time. That needs to work at Olympus too."
"cv_campaign_ch8_s25_l1.mp3","cinder","dialogue",51,"Twelve hours to Olympus. No time. Need another way."
"cv_campaign_ch8_s25_l2.mp3","cinder","dialogue",80,"Can stop the talks. Block Olympus's communications relay. One hour to get there."
"cv_campaign_ch8_s29_l0.mp3","cinder","dialogue",68,"Anyone here seen Olympus from Argyre. On a clear day you can see it."
"cv_campaign_ch8_s29_l2.mp3","cinder","dialogue",60,"Better to decide where you can see. That's the way of today."
"cv_campaign_ch8_s31_l1.mp3","cinder","dialogue",68,"I'll stop the vehicles. Have the tools. Remote shutdown is possible."
"cv_campaign_ch9_s04_l0.mp3","cinder","dialogue",17,"Cinder Grace. CV."
"cv_campaign_ch9_s04_l1.mp3","cinder","dialogue",103,"Before coming here I asked Butcher what to say. He said he didn't know. Just touch your tools, he said."
"cv_campaign_ch9_s04_l2.mp3","cinder","dialogue",84,"CV didn't come to negotiate. Came to be here. At this table. So as not to disappear."
"cv_campaign_ch9_s08_l0.mp3","cinder","dialogue",69,"CV delegation. Cinder Grace. And this is the person who came with me."
"cv_campaign_ch9_s08_l1.mp3","cinder","dialogue",86,"Butcher is at Erebus. Lung problem. But I brought his words. On the back of the photo."
"cv_campaign_ch9_s10_l0.mp3","cinder","dialogue",154,"Eleven died in Zone 12. I was there. As MCC. I wrote the report. Support beam defects. MCC told me to revise. I didn't. A week later the tunnel collapsed."
"cv_campaign_ch9_s10_l1.mp3","cinder","dialogue",81,"These names need to be at this table. Names that were in none of MCC, FSP, or CV."
"cv_campaign_ch9_s14_l0.mp3","cinder","dialogue",18,"You knew. You did."
"cv_campaign_ch9_s14_l2.mp3","cinder","dialogue",9,"Then why."
"cv_campaign_ch9_s17_l0.mp3","cinder","dialogue",25,"Do you know Pilgrim Arms."
"cv_campaign_ch9_s17_l2.mp3","cinder","dialogue",10,"Assassins."
"cv_campaign_ch9_s21_l0.mp3","cinder","dialogue",28,"Four people. Where are they."
"cv_campaign_ch9_s21_l2.mp3","cinder","dialogue",69,"I have tools. Can cut east communications. That isolates two of them."
"cv_campaign_ch9_s25_l0.mp3","cinder","dialogue",17,"Twenty-two years."
"cv_campaign_ch9_s25_l2.mp3","cinder","dialogue",60,"I'll take them. And I'll put the names on this table. Today."
"cv_campaign_ch9_s29_l0.mp3","cinder","dialogue",62,"Eastern comms cut. Two isolated. But the other two are moving."
"cv_campaign_ch9_s29_l1.mp3","cinder","dialogue",39,"Found out who the target is. It's Chen."
"cv_campaign_ch9_s31_l1.mp3","cinder","dialogue",33,"You unlocked the Zone 12 records."
"cv_campaign_ch9_s36_l0.mp3","cinder","dialogue",55,"East two stopped. West two blocked by Rev. Hale's team."
"cv_campaign_ch9_s36_l2.mp3","cinder","dialogue",23,"Do you know the client."
"cv_campaign_ch9_s36_l4.mp3","cinder","dialogue",39,"Those who sell peace while blocking it."
"cv_campaign_ch9_s38_l1.mp3","cinder","dialogue",3,"..."
"cv_campaign_ch9_s38_l2.mp3","cinder","dialogue",10,"Call them."
"cv_campaign_ch9_s38_l5.mp3","cinder","dialogue",3,"..."
"cv_campaign_ch9_s40_l2.mp3","cinder","dialogue",54,"That's what Butcher wanted. The names in the document."
"cv_campaign_ch9_s40_l4.mp3","cinder","dialogue",37,"MCC can't conduct that investigation."
"cv_campaign_ch9_s42_l1.mp3","cinder","dialogue",4,"Who."
"cv_campaign_ch9_s42_l3.mp3","cinder","dialogue",44,"I'm the CV representative. I already signed."
"cv_campaign_ch9_s42_l5.mp3","cinder","dialogue",3,"..."
"cv_campaign_ch9_s44_l1.mp3","cinder","dialogue",20,"The archive is here."
"cv_campaign_ch9_s44_l4.mp3","cinder","dialogue",3,"..."
"cv_campaign_ch9_s44_l5.mp3","cinder","dialogue",20,"Butcher will see it."
"fsp_campaign_ch4_s_success_l0.mp3","cinder","dialogue",15,"It's a promise."
"fsp_campaign_ch4_s_success_l1.mp3","cinder","dialogue",94,"CV remembers promises. Said we learned it in the mines. In the mines one promise saves a life."
"fsp_campaign_ch4_s_success_l2.mp3","cinder","dialogue",49,"The Zone 12 name. The one on the arm. I remember."
"fsp_campaign_ch4_s05_l0.mp3","cinder","dialogue",9,"FSP came."
"fsp_campaign_ch4_s05_l1.mp3","cinder","dialogue",71,"Butcher didn't want this meeting. I convinced him. It took a long time."
"fsp_campaign_ch4_s05_l2.mp3","cinder","dialogue",109,"Once only. If a promise is made here today it is a promise. CV remembers promises. Learned that in the mines."
"fsp_campaign_ch4_s10_l0.mp3","cinder","dialogue",22,"That's a Zone 12 name."
"fsp_campaign_ch4_s10_l2.mp3","cinder","dialogue",29,"Three years ago. I was there."
"fsp_campaign_ch4_s12_l0.mp3","cinder","dialogue",128,"I'll state the terms of the promise. FSP recognizes CV territory. CV doesn't touch FSP workers. If MCC attacks we hold together."
"fsp_campaign_ch4_s12_l1.mp3","cinder","dialogue",39,"That's all. Simple. Simple things last."
"fsp_campaign_ch4_s15_l0.mp3","cinder","dialogue",45,"MCC is watching. There's a drone to the east."
"fsp_campaign_ch4_s15_l1.mp3","cinder","dialogue",105,"That's fine. A promise can be made where it's seen. Sturdier than promises made where they can't be seen."
"fsp_campaign_ch4_s18_test2_l0.mp3","cinder","dialogue",25,"Do you know what this is?"
"fsp_campaign_ch4_s18_test2_l2.mp3","cinder","dialogue",41,"If I plant it here it means CV territory."
"fsp_campaign_ch4_s18_test2_l3.mp3","cinder","dialogue",28,"I won't plant it. Not today."
"fsp_campaign_ch4_s20_test4_l0.mp3","cinder","dialogue",7,"Second."
"fsp_campaign_ch4_s20_test4_l1.mp3","cinder","dialogue",35,"If I turn my back what will you do."
"fsp_campaign_ch4_s20_test4_l3.mp3","cinder","dialogue",5,"Good."
"fsp_campaign_ch4_s23_oath2_l0.mp3","cinder","dialogue",39,"This is how contracts are made on Mars."
"fsp_campaign_ch4_s23_oath2_l1.mp3","cinder","dialogue",55,"Cut each other's hands and shake. That is the contract."
"fsp_campaign_ch4_s23_oath2_l2.mp3","cinder","dialogue",62,"This is a contract. On Mars a contract is valid even in death."
"fsp_campaign_ch4_s25_oath4_l1.mp3","cinder","dialogue",61,"Someone with decision-making authority in FSP needs to do it."
"fsp_campaign_ch4_s27_mcc_seen_l0.mp3","cinder","dialogue",42,"MCC drone has been watching. Since before."
"fsp_campaign_ch4_s27_mcc_seen_l2.mp3","cinder","dialogue",42,"Good. If it's recorded it can't be undone."
"fsp_campaign_ch4_s30_weight2_l1.mp3","cinder","dialogue",30,"Our people. Butcher sent them."
"fsp_campaign_ch4_s30_weight2_l3.mp3","cinder","dialogue",50,"Even not wanting it, he prepared. That is Butcher."
"fsp_campaign_ch4_s32_weight3_l0.mp3","cinder","dialogue",69,"There's business at Kepler Crater. Liang Wei will make a declaration."
"fsp_campaign_ch4_s32_weight3_l2.mp3","cinder","dialogue",46,"That's why today here mattered. Before Kepler."
"fsp_campaign_ch4_s34_zone12_l1.mp3","cinder","dialogue",10,"Won't say."
"fsp_campaign_ch4_s34_zone12_l3.mp3","cinder","dialogue",16,"Yes. It's yours."
"mcc_campaign_ch8_s_success_l0.mp3","cinder","dialogue",40,"I still don't know which side you're on."
"mcc_campaign_ch8_s_success_l1.mp3","cinder","dialogue",30,"Maybe that's the better thing."
"mcc_campaign_ch8_s_success_l2.mp3","cinder","dialogue",84,"When the Zone 12 testimony is recorded contact me. There are things I can help with."
"mcc_campaign_ch8_s06_l0.mp3","cinder","dialogue",18,"You came from MCC."
"mcc_campaign_ch8_s06_l1.mp3","cinder","dialogue",177,"There's only one reason an MCC person comes here. You want to know what I'm moving. I'll tell you. A person. A miner who survived a mine accident. Listed as dead in MCC records."
"mcc_campaign_ch8_s06_l2.mp3","cinder","dialogue",72,"Three years ago I was MCC too. That's how I know how they handle things."
"mcc_campaign_ch8_s08_l0.mp3","cinder","dialogue",78,"The Sector 7 death report. Three cases. Are you the one who wrote that in MCC."
"mcc_campaign_ch8_s08_l1.mp3","cinder","dialogue",84,"That report is why this person is still alive. When it got out we were able to move."
"mcc_campaign_ch8_s08_l2.mp3","cinder","dialogue",45,"Then what you do here today is your decision."
"mcc_campaign_ch8_s10_l0.mp3","cinder","dialogue",17,"You know Zone 12."
"mcc_campaign_ch8_s10_l1.mp3","cinder","dialogue",169,"I was an MCC engineer for six years. I wrote the Zone 12 report. Support beam defects. MCC told me to revise. I didn't. A week later the tunnel collapsed. Eleven people."
"mcc_campaign_ch8_s10_l2.mp3","cinder","dialogue",42,"That's why I came to CV. That's my reason."
"mcc_campaign_ch8_s12_l0.mp3","cinder","dialogue",36,"What's your reason for being in MCC."
"mcc_campaign_ch8_s12_l1.mp3","cinder","dialogue",91,"The Sector 7 report. You wrote the truth. Not the way MCC wanted. Is that part of a reason."
"mcc_campaign_ch8_s12_l2.mp3","cinder","dialogue",61,"People with reasons and without are different. On Mars. Here."
"mcc_campaign_ch8_s14_l0.mp3","cinder","dialogue",38,"MCC team coming. You didn't send them."
"mcc_campaign_ch8_s14_l1.mp3","cinder","dialogue",87,"The miner is here. A person not in the records. MCC sees and eliminates. You know that."
"mcc_campaign_ch8_s16_l0.mp3","cinder","dialogue",127,"This person has been hiding for three years. After Zone 12. You know MCC's method of eliminating witnesses. It was that method."
"mcc_campaign_ch8_s16_l1.mp3","cinder","dialogue",99,"Need someone to put it in the record. What this person saw. At Zone 12. Someone must write it down."
"mcc_campaign_ch8_s18_l0.mp3","cinder","dialogue",75,"I think you have a reason for being in MCC. Because of the Sector 7 report."
"mcc_campaign_ch8_s18_l1.mp3","cinder","dialogue",62,"If that's the reason I think I know what you'll do here today."
"mcc_campaign_ch8_s18_l2.mp3","cinder","dialogue",67,"It's strange that you're not trying to kill me. I'm CV. You're MCC."
"mcc_campaign_ch8_s20_l0.mp3","cinder","dialogue",118,"There's a way to fight inside MCC. Writing reports. Putting things in the record. That's the way to fight from inside."
"mcc_campaign_ch8_s20_l1.mp3","cinder","dialogue",49,"I didn't know that way. So I went outside. To CV."
"mcc_campaign_ch8_s20_l2.mp3","cinder","dialogue",49,"You know the inside way. That's the harder thing."
"mcc_campaign_ch8_s22_l0.mp3","cinder","dialogue",34,"Three minutes. Decide within that."
"mcc_campaign_ch8_s22_l1.mp3","cinder","dialogue",72,"I'm leaving with this person. If you block me we fight. If not we don't."
"mcc_campaign_ch8_s22_l2.mp3","cinder","dialogue",17,"It's your choice."
"mcc_campaign_ch8_s24_l0.mp3","cinder","dialogue",79,"There's a survivor from Zone 12. There was nobody to speak to. For three years."
"mcc_campaign_ch8_s24_l1.mp3","cinder","dialogue",96,"If what this person saw is put on record things change. Even before the MCC board things change."
"mcc_campaign_ch8_s26_l0.mp3","cinder","dialogue",40,"I still don't know which side you're on."
"mcc_campaign_ch8_s26_l1.mp3","cinder","dialogue",111,"Maybe that's the better thing. Someone whose side is unknown is either the most dangerous. Or the most hopeful."
"mcc_campaign_ch8_s28_l0.mp3","cinder","dialogue",13,"No time. Now."
"cv_campaign_ch4_s05_l0.mp3","cinder_grace","dialogue",21,"Can you come with me?"
"cv_campaign_ch4_s05_l2.mp3","cinder_grace","dialogue",38,"Hellas outer. Zone 12. Abandoned mine."
"cv_campaign_ch4_s05_l4.mp3","cinder_grace","dialogue",32,"I'll tell you when we get there."
"cv_campaign_ch4_s09_l0.mp3","cinder_grace","dialogue",11,"This is it."
"cv_campaign_ch4_s09_l2.mp3","cinder_grace","dialogue",14,"For six years."
"cv_campaign_ch4_s11_l0.mp3","cinder_grace","dialogue",24,"Eleven people died here."
"cv_campaign_ch4_s11_l2.mp3","cinder_grace","dialogue",61,"Three years ago. Tunnel collapse. Not in MCC records. Erased."
"cv_campaign_ch4_s13_l0.mp3","cinder_grace","dialogue",129,"I was a mechanical engineer. In charge of tunnel support systems. For six years. If the systems were in order, people didn't die."
"cv_campaign_ch4_s13_l1.mp3","cinder_grace","dialogue",66,"I wrote a report. Support beam defects. Immediate repair required."
"cv_campaign_ch4_s13_l2.mp3","cinder_grace","dialogue",67,"The MCC supervisor returned it. Told me to revise. I didn't revise."
"cv_campaign_ch4_s15_l0.mp3","cinder_grace","dialogue",33,"Here. Where the tunnel collapsed."
"cv_campaign_ch4_s15_l1.mp3","cinder_grace","dialogue",54,"One week after. One week after I submitted the report."
"cv_campaign_ch4_s15_l2.mp3","cinder_grace","dialogue",40,"Eleven people were here. During a shift."
"cv_campaign_ch4_s17_l0.mp3","cinder_grace","dialogue",77,"There are names. Eleven. Not in MCC records. But I have them. In this report."
"cv_campaign_ch4_s17_l1.mp3","cinder_grace","dialogue",62,"Written three years ago. The original. What MCC couldn't take."
"cv_campaign_ch4_s17_l2.mp3","cinder_grace","dialogue",81,"I don't know why I'm telling you this. Just wanted to say it. For the first time."
"cv_campaign_ch4_s19_l0.mp3","cinder_grace","dialogue",118,"MCC erased this from records. The accident became as if it never happened. The eleven became as if they never existed."
"cv_campaign_ch4_s19_l1.mp3","cinder_grace","dialogue",47,"I left MCC because of this. Not expelled. Left."
"cv_campaign_ch4_s19_l2.mp3","cinder_grace","dialogue",31,"That difference matters. To me."
"cv_campaign_ch4_s21_l0.mp3","cinder_grace","dialogue",75,"I didn't come to CV for money. I came because there was nowhere else to go."
"cv_campaign_ch4_s21_l1.mp3","cinder_grace","dialogue",113,"Butcher heard about this. He came. Without a word. Just sat by the fire. Together. That was all. That was enough."
"cv_campaign_ch4_s23_l0.mp3","cinder_grace","dialogue",25,"I'm not only telling you."
"cv_campaign_ch4_s23_l1.mp3","cinder_grace","dialogue",89,"Everyone on Mars should know. The names. People who died here. People not in the records."
"cv_campaign_ch4_s23_l2.mp3","cinder_grace","dialogue",43,"But I don't know how yet. How to tell them."
"cv_campaign_ch4_s27_l0.mp3","cinder_grace","dialogue",20,"I'll read the names."
"cv_campaign_ch4_s27_l1.mp3","cinder_grace","dialogue",15,"Can you listen?"
"cv_campaign_ch4_s31_l0.mp3","cinder_grace","dialogue",10,"Thank you."
"cv_campaign_ch4_s31_l2.mp3","cinder_grace","dialogue",34,"For listening. Just for listening."
"cv_campaign_ch4_s33_l0.mp3","cinder_grace","dialogue",13,"MCC. Why now."
"cv_campaign_ch4_s33_l2.mp3","cinder_grace","dialogue",70,"Because of the report. They know the report exists. Have always known."
"cv_campaign_ch4_s35_l0.mp3","cinder_grace","dialogue",69,"Need to leave. There's another exit. Worked here three years. I know."
"cv_campaign_ch4_s35_l2.mp3","cinder_grace","dialogue",54,"Taking it. It's in memory too. But paper lasts longer."
"cv_campaign_ch4_s39_l0.mp3","cinder_grace","dialogue",10,"We're out."
"cv_campaign_ch4_s39_l2.mp3","cinder_grace","dialogue",14,"Yes. That too."
"cv_campaign_ch4_s42_l0.mp3","cinder_grace","dialogue",16,"Lost the report."
"cv_campaign_ch4_s42_l1.mp3","cinder_grace","dialogue",23,"But the names are here."
"cv_campaign_ch4_s42_l2.mp3","cinder_grace","dialogue",45,"In memory. You heard them too. That's enough."
"cv_campaign_ch4_s44_l1.mp3","cinder_grace","dialogue",9,"You knew?"
"cv_prologue_s30_l0.mp3","cinder_grace","dialogue",12,"Rough hands."
"cv_prologue_s30_l1.mp3","cinder_grace","dialogue",25,"What have you been doing."
"cv_prologue_s30_l3.mp3","cinder_grace","dialogue",32,"Do that here and you'll be fine."
"fsp_campaign_ch9_s05_l2.mp3","cinder_grace","dialogue",32,"Cinder Grace. CV representative."
"fsp_campaign_ch9_s05_l4.mp3","cinder_grace","dialogue",22,"Then why are you here."
"fsp_campaign_ch9_s07_l2.mp3","cinder_grace","dialogue",51,"Integration means absorption. CV won't be absorbed."
"fsp_campaign_ch9_s11_l0.mp3","cinder_grace","dialogue",20,"There's Zone 12 too."
"fsp_campaign_ch9_s11_l1.mp3","cinder_grace","dialogue",45,"The one MCC sealed off. We lost people there."
"fsp_campaign_ch9_s11_l3.mp3","cinder_grace","dialogue",47,"Do you know the names. The ones who died there."
"fsp_campaign_ch9_s13_l4.mp3","cinder_grace","dialogue",45,"They didn't climb up. They were already here."
"fsp_campaign_ch9_s15_l1.mp3","cinder_grace","dialogue",60,"The best assassination outfit on Mars. Anyone can hire them."
"fsp_campaign_ch9_s17_l1.mp3","cinder_grace","dialogue",37,"I fight outside. My people are there."
"fsp_campaign_ch9_s17_l3.mp3","cinder_grace","dialogue",47,"They're not my people. I could be a target too."
"fsp_campaign_ch9_s25_l0.mp3","cinder_grace","dialogue",59,"Interrogate the subdued ones and the client might come out."
"fsp_campaign_ch9_s25_l2.mp3","cinder_grace","dialogue",27,"Principles have exceptions."
"fsp_campaign_ch9_s28_l2.mp3","cinder_grace","dialogue",38,"Consider. You call that consideration?"
"fsp_campaign_ch9_s28_l4.mp3","cinder_grace","dialogue",64,"People died because of that structure. Do you consider that too?"
"fsp_campaign_ch9_s31_l1.mp3","cinder_grace","dialogue",22,"I don't tell my story."
"fsp_campaign_ch9_s31_l3.mp3","cinder_grace","dialogue",3,"..."
"fsp_campaign_ch9_s31_l4.mp3","cinder_grace","dialogue",48,"I was born there. In Zone 12. That's why I know."
"fsp_campaign_ch9_s33_l2.mp3","cinder_grace","dialogue",41,"If MCC manages it MCC can also delete it."
"fsp_campaign_ch9_s39_l0.mp3","cinder_grace","dialogue",50,"Tell us the client. Tell us and we'll protect you."
"fsp_campaign_ch9_s39_l2.mp3","cinder_grace","dialogue",54,"Principle put you here. Is principle on your side now?"
"fsp_campaign_ch9_s41_l2.mp3","cinder_grace","dialogue",81,"CV supports recording of names in unofficial residential areas including Zone 12."
"fsp_campaign_ch9_s47_l0.mp3","cinder_grace","dialogue",45,"It came from inside. Talon knew our location."
"fsp_campaign_ch9_s47_l3.mp3","cinder_grace","dialogue",37,"That's what MCC and CV would say too."
"cv_campaign_ch10_s12_l0.mp3","crow","dialogue",81,"Three MCC teams outside Erebus. One FSP team. They call it agreement enforcement."
"cv_campaign_ch10_s12_l1.mp3","crow","dialogue",109,"The Olympus agreement had a CV territory clause. Five kilometers outside the CV base is a demilitarized zone."
"cv_campaign_ch10_s12_l2.mp3","crow","dialogue",58,"CV didn't sign that clause. Don't know where it came from."
"cv_campaign_ch10_s20_l0.mp3","crow","dialogue",24,"No time. Need to decide."
"cv_campaign_ch10_s24_l0.mp3","crow","dialogue",81,"From canyon to plains. From plains to Olympus. From Olympus to Erebus. That's CV."
"cv_campaign_ch10_s30_l0.mp3","crow","dialogue",33,"There's a reason they're waiting."
"cv_campaign_ch10_s30_l1.mp3","crow","dialogue",72,"The Olympus agreement has a clause about CV. Even though we didn't sign."
"cv_campaign_ch10_s30_l2.mp3","crow","dialogue",65,"If we recognize the agreement we must also recognize that clause."
"cv_campaign_ch10_s30_l4.mp3","crow","dialogue",31,"Five kilometers outside Erebus."
"cv_campaign_ch10_s36_l0.mp3","crow","dialogue",31,"They're outside. Still waiting."
"cv_campaign_ch7_s05_l0.mp3","crow","dialogue",48,"Two people. Me and Reza. That's the real choice."
"cv_campaign_ch7_s05_l1.mp3","crow","dialogue",124,"I think Cinder is the right one. But Cinder doesn't want it. What happens when someone who doesn't want it becomes a leader."
"cv_campaign_ch7_s05_l2.mp3","crow","dialogue",101,"On Mars being given what you don't want. That's Mars's way. If we don't choose the situation chooses."
"cv_campaign_ch7_s13_l0.mp3","crow","dialogue",60,"Reza has taken the western passage of Erebus. Six hours ago."
"cv_campaign_ch7_s13_l1.mp3","crow","dialogue",87,"If we don't move Reza cuts the supply lines. Even with Butcher alive CV loses function."
"cv_campaign_ch7_s13_l2.mp3","crow","dialogue",43,"Three hours. We have to decide within that."
"cv_campaign_ch7_s19_l0.mp3","crow","dialogue",50,"Reza opened communications. He wants to negotiate."
"cv_campaign_ch7_s19_l1.mp3","crow","dialogue",75,"Negotiate. He takes the passage first then wants to negotiate. That's Reza."
"cv_campaign_ch7_s19_l2.mp3","crow","dialogue",42,"You go out. As neutral. In Butcher's name."
"cv_campaign_ch7_s23_l0.mp3","crow","dialogue",136,"Reza wants what comes after Butcher. He wants to divide CV now while Butcher is still alive. West to Reza. East to me. You stay neutral."
"cv_campaign_ch7_s23_l1.mp3","crow","dialogue",63,"That's Reza's negotiation. He wants to make the split official."
"cv_campaign_ch7_s31_l0.mp3","crow","dialogue",51,"MCC is here. Three teams. Three hundred meters out."
"cv_campaign_ch8_s09_l0.mp3","crow","dialogue",60,"I'm Crow. Ten years CV. I know tactics. I know how to fight."
"cv_campaign_ch8_s09_l1.mp3","crow","dialogue",87,"But I'll be honest. I often don't know the names. I haven't seen the back of the photo."
"cv_campaign_ch8_s09_l2.mp3","crow","dialogue",55,"That's my weakness. You already know without me saying."
"cv_campaign_ch8_s15_l0.mp3","crow","dialogue",94,"MCC is trying to put Erebus crater under MCC jurisdiction at Olympus. They say FSP agreed too."
"cv_campaign_ch8_s15_l1.mp3","crow","dialogue",103,"If CV doesn't participate in the agreement there's no CV territory. Thirty years of history is nothing."
"cv_campaign_ch8_s25_l0.mp3","crow","dialogue",34,"No time. FSP signs in three hours."
"cv_campaign_ch8_s29_l1.mp3","crow","dialogue",49,"Couldn't see it from the canyon. Can see it here."
"cv_campaign_ch8_s31_l0.mp3","crow","dialogue",56,"MCC advance team. Twelve. Northern plain. Four vehicles."
"cv_campaign_ch8_s31_l2.mp3","crow","dialogue",44,"I'll handle the rest. You stay with Butcher."
"cv_campaign_ch1_s10_l0.mp3","crow_reyes","dialogue",28,"CV has tests. Three of them."
"cv_campaign_ch1_s10_l1.mp3","crow_reyes","dialogue",46,"Strength. Loyalty. Survival. You choose which."
"cv_campaign_ch1_s10_l2.mp3","crow_reyes","dialogue",51,"Choosing is also the test. Didn't need to say that."
"cv_campaign_ch1_s14_l0.mp3","crow_reyes","dialogue",32,"Reza. MCC informant. Three days."
"cv_campaign_ch1_s14_l1.mp3","crow_reyes","dialogue",51,"Butcher hasn't decided. When he decides, it's done."
"cv_campaign_ch1_s14_l3.mp3","crow_reyes","dialogue",22,"Only two kinds. In CV."
"cv_campaign_ch1_s19_l2.mp3","crow_reyes","dialogue",29,"Kill and you're out. CV code."
"cv_campaign_ch1_s23_l0.mp3","crow_reyes","dialogue",55,"This person sold intelligence to MCC. There's evidence."
"cv_campaign_ch1_s23_l1.mp3","crow_reyes","dialogue",60,"Confirm the name. Confirm the location. Report back. Simple."
"cv_campaign_ch1_s23_l3.mp3","crow_reyes","dialogue",20,"CV decides. Not you."
"cv_campaign_ch1_s25_l0.mp3","crow_reyes","dialogue",29,"You have time. Time to think."
"cv_campaign_ch1_s25_l2.mp3","crow_reyes","dialogue",41,"Everything here is a test. Or nothing is."
"cv_campaign_ch1_s46_l0.mp3","crow_reyes","dialogue",17,"Baptism complete."
"cv_campaign_ch1_s46_l1.mp3","crow_reyes","dialogue",49,"It gets harder from here. This was the easy part."
"cv_campaign_ch1_s47_l0.mp3","crow_reyes","dialogue",38,"Still alive. No second chances. Again."
"cv_campaign_ch2_s04_l0.mp3","crow_reyes","dialogue",28,"First operation. You scared?"
"cv_campaign_ch2_s04_l1.mp3","crow_reyes","dialogue",74,"Scared is normal. Not scared means you're either an idiot or already dead."
"cv_campaign_ch2_s04_l3.mp3","crow_reyes","dialogue",95,"MCC supply depot. Zone C-14. Ore processing equipment. Ours. MCC took it. We're taking it back."
"cv_campaign_ch2_s06_l0.mp3","crow_reyes","dialogue",53,"Two infiltration routes. East cliff or west drainage."
"cv_campaign_ch2_s06_l1.mp3","crow_reyes","dialogue",60,"East is fast and visible to guards. West is slow and hidden."
"cv_campaign_ch2_s06_l3.mp3","crow_reyes","dialogue",54,"Four. Twenty minute rotation. In and out between that."
"cv_campaign_ch2_s09_l0.mp3","crow_reyes","dialogue",16,"Something's off."
"cv_campaign_ch2_s09_l1.mp3","crow_reyes","dialogue",27,"Not two guard teams. Three."
"cv_campaign_ch2_s09_l3.mp3","crow_reyes","dialogue",60,"MCC changed it. Recently. On Mars intel changes in two days."
"cv_campaign_ch2_s12_l0.mp3","crow_reyes","dialogue",77,"Workers are there. Night shift. Didn't report this to Butcher. I didn't know."
"cv_campaign_ch2_s12_l1.mp3","crow_reyes","dialogue",96,"CV code is clear. Don't touch non-combatants. But the equipment recovery mission is still valid."
"cv_campaign_ch2_s12_l2.mp3","crow_reyes","dialogue",69,"First operation and this happens. There's no clean operation on Mars."
"cv_campaign_ch2_s15_l0.mp3","crow_reyes","dialogue",13,"Decide. Fast."
"cv_campaign_ch2_s15_l1.mp3","crow_reyes","dialogue",34,"Twenty minutes. Rotation interval."
"cv_campaign_ch2_s15_l3.mp3","crow_reyes","dialogue",23,"That's not in the plan."
"cv_campaign_ch2_s22_l0.mp3","crow_reyes","dialogue",18,"Five minutes. Out."
"cv_campaign_ch2_s22_l2.mp3","crow_reyes","dialogue",18,"I know. Exit east."
"cv_campaign_ch2_s26_l0.mp3","crow_reyes","dialogue",17,"Storm. Move fast."
"cv_campaign_ch2_s26_l2.mp3","crow_reyes","dialogue",41,"Leave it and MCC takes it back. Carry it."
"cv_campaign_ch2_s29_l0.mp3","crow_reyes","dialogue",31,"This way. Follow only my voice."
"cv_campaign_ch2_s29_l1.mp3","crow_reyes","dialogue",60,"Don't get lost in a Martian storm. Three kilometers to base."
"cv_campaign_ch2_s29_l3.mp3","crow_reyes","dialogue",44,"Put it down and we just go. Keep holding it."
"cv_campaign_ch2_s31_l0.mp3","crow_reyes","dialogue",24,"Done. Equipment secured."
"cv_campaign_ch2_s31_l1.mp3","crow_reyes","dialogue",63,"First operation. No blood. Write that down. Rare thing on Mars."
"cv_campaign_ch2_s31_l3.mp3","crow_reyes","dialogue",28,"I know. Write that down too."
"cv_campaign_ch2_s38_l0.mp3","crow_reyes","dialogue",34,"Done. Equipment secured. No blood."
"cv_campaign_ch2_s38_l1.mp3","crow_reyes","dialogue",49,"Next operation will be harder. Keep that in mind."
"cv_campaign_ch3_s03_l2.mp3","crow_reyes","dialogue",63,"A test. One of four. The result determines your position in CV."
"cv_campaign_ch3_s11_l0.mp3","crow_reyes","dialogue",45,"Butcher left it to you. Just follow the code."
"cv_campaign_ch3_s11_l2.mp3","crow_reyes","dialogue",96,"Betrayal isn't forgiven. That's the code. But your fifth code is different. Because you made it."
"cv_campaign_ch3_s17_l0.mp3","crow_reyes","dialogue",52,"Reza knows MCC C-zone movement routes. What we need."
"cv_campaign_ch3_s17_l1.mp3","crow_reyes","dialogue",20,"Won't talk. You try."
"cv_campaign_ch3_s17_l3.mp3","crow_reyes","dialogue",48,"You said Aisha's name. That became trust. Maybe."
"cv_campaign_ch3_s23_l1.mp3","crow_reyes","dialogue",8,"Butcher."
"cv_campaign_ch3_s27_l0.mp3","crow_reyes","dialogue",74,"Marko has lived between MCC and CV. That's the advantage. Has information."
"cv_campaign_ch3_s27_l1.mp3","crow_reyes","dialogue",23,"You negotiate. I watch."
"cv_campaign_ch3_s27_l3.mp3","crow_reyes","dialogue",38,"That's the negotiation. You make them."
"cv_campaign_ch3_s35_l0.mp3","crow_reyes","dialogue",22,"Eight months. Not bad."
"cv_campaign_ch3_s35_l1.mp3","crow_reyes","dialogue",47,"Butcher will be pleased. Won't show it, though."
"cv_campaign_ch3_s37_l0.mp3","crow_reyes","dialogue",63,"Abandoned mine. But MCC comes intermittently. There's a reason."
"cv_campaign_ch3_s37_l1.mp3","crow_reyes","dialogue",41,"Something hidden there. We bring it back."
"cv_campaign_ch3_s37_l3.mp3","crow_reyes","dialogue",30,"You'll know when we get there."
"cv_campaign_ch3_s40_l0.mp3","crow_reyes","dialogue",69,"This is it. Weapon components. MCC was stockpiling them unofficially."
"cv_campaign_ch3_s40_l2.mp3","crow_reyes","dialogue",82,"Weapons not in official records have no official accountability. That's MCC's way."
"cv_campaign_ch3_s42_l0.mp3","crow_reyes","dialogue",45,"MCC is coming. Regular check. Twenty minutes."
"cv_campaign_ch3_s42_l2.mp3","crow_reyes","dialogue",42,"Two crates. That's all. In twenty minutes."
"cv_prologue_s15_l0.mp3","cv_scout_1","dialogue",6,"Alone?"
"cv_prologue_s15_l2.mp3","cv_scout_1","dialogue",11,"Where from."
"cv_prologue_s17_l0.mp3","cv_scout_1","dialogue",10,"Why south."
"cv_prologue_s17_l2.mp3","cv_scout_1","dialogue",11,"What rumor."
"cv_prologue_s19_l0.mp3","cv_scout_1","dialogue",10,"Blindfold."
"cv_prologue_s19_l2.mp3","cv_scout_1","dialogue",52,"That's how you get there. Don't like it, don't come."
"cv_prologue_s15_l4.mp3","cv_scout_2","dialogue",6,"Armed?"
"fsp_campaign_ch8_s_success_l0.mp3","hagar","dialogue",14,"Gaia survived."
"fsp_campaign_ch8_s_success_l1.mp3","hagar","dialogue",94,"Olu finished the letter. He says he'll put it on Gaia. The letter goes wherever the ship goes."
"fsp_campaign_ch8_s04_l0.mp3","hagar","dialogue",27,"FSP came. Good. Need hands."
"fsp_campaign_ch8_s04_l1.mp3","hagar","dialogue",87,"This ship is called Gaia. Means Earth. I named it. Don't ask why. Don't want to answer."
"fsp_campaign_ch8_s04_l2.mp3","hagar","dialogue",104,"MCC has its eye on this shipyard. They're trying to stop us before Gaia is complete. That's the problem."
"fsp_campaign_ch8_s06_l0.mp3","hagar","dialogue",61,"Olu and Mariam designed this ship. Both of them. Took a year."
"fsp_campaign_ch8_s06_l1.mp3","hagar","dialogue",130,"Olu is writing a letter now. To Mariam. They planned to ride Gaia together when it was done. Mariam six months ago. Mine accident."
"fsp_campaign_ch8_s06_l2.mp3","hagar","dialogue",55,"The letter has nowhere to go. But he writes. Every day."
"fsp_campaign_ch8_s09c_letter2_l0.mp3","hagar","dialogue",38,"I asked Olu what he was writing. Once."
"fsp_campaign_ch8_s09c_letter2_l1.mp3","hagar","dialogue",122,"He said he was writing where Gaia would go. Where it would travel. What it would see. The things Mariam had wanted to see."
"fsp_campaign_ch8_s09c_letter2_l2.mp3","hagar","dialogue",52,"Mariam had wanted to see outside Mars. Never got to."
"fsp_campaign_ch8_s12_l0.mp3","hagar","dialogue",19,"Thirty-six minutes."
"fsp_campaign_ch8_s12_l2.mp3","hagar","dialogue",104,"If MCC escorts approach the time we can defend. Thirty-six minutes. Need to decide and move within that."
"fsp_campaign_ch8_s12b_36min_explain_l0.mp3","hagar","dialogue",66,"The shipyard defense system holds for thirty-six minutes. No more."
"fsp_campaign_ch8_s12b_36min_explain_l1.mp3","hagar","dialogue",60,"If Gaia is ready to launch within thirty-six minutes we win."
"fsp_campaign_ch8_s12b_36min_explain_l3.mp3","hagar","dialogue",34,"I'm first generation. I can do it."
"fsp_campaign_ch8_s12d_lena_assessment_l1.mp3","hagar","dialogue",55,"93%. Secondary systems are the issue. Cooling circuits."
"fsp_campaign_ch8_s12d_lena_assessment_l3.mp3","hagar","dialogue",13,"Fine. Try it."
"fsp_campaign_ch8_s14b_olu_joins_l0.mp3","hagar","dialogue",25,"Olu. Stay somewhere safe."
"fsp_campaign_ch8_s15c_hagar_defense_l0.mp3","hagar","dialogue",59,"MCC escort vessels are starting to move. Approach altitude."
"fsp_campaign_ch8_s15c_hagar_defense_l1.mp3","hagar","dialogue",57,"Three defense points. North gate. East dock. Roof turret."
"fsp_campaign_ch8_s15c_hagar_defense_l3.mp3","hagar","dialogue",53,"Always short. But hold for thirty-six minutes anyway."
"fsp_campaign_ch8_s17_l0.mp3","hagar","dialogue",54,"Asked Olu. Why he put the wedding fund into this ship."
"fsp_campaign_ch8_s17_l1.mp3","hagar","dialogue",80,"He said Mariam told him. Marriage can happen twice. A spacecraft gets made once."
"fsp_campaign_ch8_s18b_letter_inside_l0.mp3","hagar","dialogue",39,"Olu put the letter inside. Inside Gaia."
"fsp_campaign_ch8_s18b_letter_inside_l2.mp3","hagar","dialogue",76,"Beside the navigation computer. A spot Mariam would have liked. Olu said so."
"fsp_campaign_ch8_s19b_hagar_dawn_l0.mp3","hagar","dialogue",5,"Dawn."
"fsp_campaign_ch8_s19b_hagar_dawn_l1.mp3","hagar","dialogue",100,"The Martian dawn is different from Earth's dawn. Redder. The sun is smaller. But dawn is still dawn."
"fsp_campaign_ch8_s19b_hagar_dawn_l3.mp3","hagar","dialogue",73,"I remember. Fades a little each day. That's why I gave it the name. Gaia."
"fsp_campaign_ch8_s19d_olu_standing_l0.mp3","hagar","dialogue",13,"Olu is there."
"fsp_campaign_ch8_s19d_olu_standing_l1.mp3","hagar","dialogue",42,"In front of Gaia. Standing. Since morning."
"fsp_campaign_ch8_s19d_olu_standing_l3.mp3","hagar","dialogue",53,"Or thinking about Mariam. They're the same thing now."
"cv_campaign_ch2_s22_l1.mp3","hestia","dialogue",28,"One more guard west. Moving."
"cv_campaign_ch2_s29_l2.mp3","jin","dialogue",22,"Equipment heavy. Arms."
"fsp_campaign_ch6_s_success_l0.mp3","kenji","dialogue",17,"We're out. Alive."
"fsp_campaign_ch6_s_success_l1.mp3","kenji","dialogue",41,"Five years. I waited five years for this."
"fsp_campaign_ch6_s05_l0.mp3","kenji","dialogue",23,"Not late. Five minutes."
"fsp_campaign_ch6_s05_l1.mp3","kenji","dialogue",68,"MCC blocked Liang Wei's data. I backed it up before that. I have it."
"fsp_campaign_ch6_s05_l2.mp3","kenji","dialogue",112,"One more thing. MCC has someone inside FSP. Don't know who. Based on communication patterns it's someone senior."
"fsp_campaign_ch6_s06c_kenji_method_l0.mp3","kenji","dialogue",40,"Do you know how to receive the transfer?"
"fsp_campaign_ch6_s06c_kenji_method_l2.mp3","kenji","dialogue",132,"Physical sticks only. No communications. MCC sees all communications. They're not unaware of physical sticks but tracking is slower."
"fsp_campaign_ch6_s06c_kenji_method_l3.mp3","kenji","dialogue",22,"I'll hand it over now."
"fsp_campaign_ch6_s07_l0.mp3","kenji","dialogue",110,"You need to protect me. If MCC finds out I'll disappear. From the records. From people's memories. Completely."
"fsp_campaign_ch6_s07_l1.mp3","kenji","dialogue",109,"I've been collecting this for five years. For FSP. Because I think you're right. I'm from a miner family too."
"fsp_campaign_ch6_s08b_data_content_l0.mp3","kenji","dialogue",29,"Three parts inside the stick."
"fsp_campaign_ch6_s08b_data_content_l1.mp3","kenji","dialogue",146,"First, Liang Wei's original data. Second, MCC Kepler plan documents. Third, FSP internal communication patterns. There are clues to find the mole."
"fsp_campaign_ch6_s08b_data_content_l3.mp3","kenji","dialogue",67,"Communication patterns are fingerprints. Different for each person."
"fsp_campaign_ch6_s08d_use_l2.mp3","kenji","dialogue",65,"Do both. Simultaneously. That way MCC won't know what was leaked."
"fsp_campaign_ch6_s10_l0.mp3","kenji","dialogue",33,"You hear that? Someone is coming."
"fsp_campaign_ch6_s10_l2.mp3","kenji","dialogue",35,"Need to decide fast. Three minutes."
"fsp_campaign_ch6_s11b_kenji_fear_l0.mp3","kenji","dialogue",45,"Do you know what MCC will do if we're caught."
"fsp_campaign_ch6_s11b_kenji_fear_l1.mp3","kenji","dialogue",74,"Record deletion comes first. Then reassignment. To somewhere nobody knows."
"fsp_campaign_ch6_s17d_kenji_safe_l0.mp3","kenji","dialogue",35,"Five years I collected this. Alone."
"fsp_campaign_ch6_s17d_kenji_safe_l1.mp3","kenji","dialogue",80,"Being alone inside MCC. I thought of my father. The day the pension disappeared."
"fsp_campaign_ch1_s_fail_l1.mp3","lena","dialogue",70,"Boss, next time we do it differently. Sung-jin is still inside. Still."
"fsp_campaign_ch1_s_success_l0.mp3","lena","dialogue",66,"Alive. Forty-nine. Six injured. Two critical. Extraction complete."
"fsp_campaign_ch1_s_success_l1.mp3","lena","dialogue",20,"Sung-jin too. Alive."
"fsp_campaign_ch1_s09_l0.mp3","lena","dialogue",18,"Boss. You're here?"
"fsp_campaign_ch1_s09_l1.mp3","lena","dialogue",42,"Mikhail-ssi, they're not drinking the tea."
"fsp_campaign_ch1_s09_l3.mp3","lena","dialogue",32,"I drink mine. Just saying, boss."
"fsp_campaign_ch1_s11_l0.mp3","lena","dialogue",72,"Heard about the north situation. MCC sealed it. Four guards. Two drones."
"fsp_campaign_ch1_s11_l1.mp3","lena","dialogue",73,"Fifty-five. Night shift. They were all inside when the accident happened."
"fsp_campaign_ch1_s18_l0.mp3","lena","dialogue",45,"Boss. Need to know something before we leave."
"fsp_campaign_ch1_s18_l1.mp3","lena","dialogue",68,"Among the fifty-five is Park Sung-jin. My friend. A name. On my arm."
"fsp_campaign_ch1_s18_l2.mp3","lena","dialogue",51,"I can be fast. Even faster. Because of that reason."
"fsp_campaign_ch10_s05_l0.mp3","lena","dialogue",49,"After the Olympus agreement three things emerged."
"fsp_campaign_ch10_s05_l1.mp3","lena","dialogue",57,"First. MCC began building the worker registration system."
"fsp_campaign_ch10_s05_l2.mp3","lena","dialogue",57,"Second. An internal investigation into Talon Group began."
"fsp_campaign_ch10_s05_l3.mp3","lena","dialogue",43,"Third. A traitor within FSP was identified."
"fsp_campaign_ch10_s05_l5.mp3","lena","dialogue",13,"Thomas Alder."
"fsp_campaign_ch10_s07_l2.mp3","lena","dialogue",42,"Was the assembly election also their plan."
"fsp_campaign_ch10_s09_l1.mp3","lena","dialogue",59,"Talon Group. Pilgrim Arms. People were hurt because of you."
"fsp_campaign_ch10_s09_l3.mp3","lena","dialogue",29,"You handed over the location."
"fsp_campaign_ch10_s16_l0.mp3","lena","dialogue",33,"The goal was achieved. Partially."
"fsp_campaign_ch10_s16_l1.mp3","lena","dialogue",40,"We need to decide what FSP becomes next."
"fsp_campaign_ch10_s17_l3.mp3","lena","dialogue",29,"FSP must continue that fight."
"fsp_campaign_ch10_s19_l5.mp3","lena","dialogue",55,"Then what's next is also names. Names not yet recorded."
"fsp_campaign_ch10_s21_l1.mp3","lena","dialogue",4,"How."
"fsp_campaign_ch10_s23_l2.mp3","lena","dialogue",15,"Is there a way."
"fsp_campaign_ch10_s27_l0.mp3","lena","dialogue",38,"The launch decision. You must make it."
"fsp_campaign_ch10_s29_l1.mp3","lena","dialogue",11,"Chen Weiss."
"fsp_campaign_ch10_s30_l2.mp3","lena","dialogue",28,"Symbols alone aren't enough."
"fsp_campaign_ch2_s_fail_l0.mp3","lena","dialogue",50,"Couldn't get him out. The family is still outside."
"fsp_campaign_ch2_s_fail_l1.mp3","lena","dialogue",64,"We try again. We remember Park Sung-jin. The name is on the arm."
"fsp_campaign_ch2_s_success_l0.mp3","lena","dialogue",26,"Done. The family took him."
"fsp_campaign_ch2_s_success_l1.mp3","lena","dialogue",72,"The older daughter said thank you. The seven-year-old. In Mars language."
"fsp_campaign_ch2_s_success_l2.mp3","lena","dialogue",33,"Boss. You did well today. Really."
"fsp_campaign_ch2_s05_l0.mp3","lena","dialogue",18,"Boss. You're here."
"fsp_campaign_ch2_s05_l1.mp3","lena","dialogue",95,"MCC blocked the area. Couldn't recover the body. Family's been waiting outside. Three days now."
"fsp_campaign_ch2_s05_l2.mp3","lena","dialogue",91,"His name is Park Sung-jin. Thirty-four. Two daughters. Older one is seven. Younger is four."
"fsp_campaign_ch2_s08_l0.mp3","lena","dialogue",55,"MCC perimeter. Two signs. Two guards. One drone behind."
"fsp_campaign_ch2_s08_l1.mp3","lena","dialogue",81,"They say no entry until investigation complete. They won't say when that will be."
"fsp_campaign_ch2_s11_l0.mp3","lena","dialogue",33,"Boss. Heard what that guard said."
"fsp_campaign_ch2_s11_l1.mp3","lena","dialogue",133,"Told them to go home. Come back tomorrow. Said they'd contact when the body comes out. Said if there's no contact there's no contact."
"fsp_campaign_ch2_s19_l0.mp3","lena","dialogue",24,"Boss. This is the first."
"fsp_campaign_ch2_s19_l1.mp3","lena","dialogue",100,"A miner dead on Mars. Family waiting. MCC blocking. This will keep happening. Today is not the last."
"fsp_campaign_ch2_s19_l2.mp3","lena","dialogue",46,"But today it worked. The family took Sung-jin."
"fsp_campaign_ch3_s10_l0.mp3","lena","dialogue",50,"Boss. Yuna is right. Sixty is the number. Legally."
"fsp_campaign_ch3_s10_l1.mp3","lena","dialogue",122,"But there's a problem. If the neighboring village people come MCC seals that village too. Both villages get tied together."
"fsp_campaign_ch3_s10_l2.mp3","lena","dialogue",33,"Don't know if that's good or bad."
"fsp_campaign_ch4_s07_l0.mp3","lena","dialogue",18,"Boss. Can I speak?"
"fsp_campaign_ch4_s07_l1.mp3","lena","dialogue",86,"Cinder. FSP trusts CV. Do you know what that means? There aren't many things we trust."
"fsp_campaign_ch4_s07_l2.mp3","lena","dialogue",56,"There are names on my arm. Among them are CV people too."
"fsp_campaign_ch4_s10_l1.mp3","lena","dialogue",4,"Yes."
"fsp_campaign_ch4_s18_test2_l1.mp3","lena","dialogue",29,"Mine boundary pin. CV marker."
"fsp_campaign_ch4_s20_test4_l2.mp3","lena","dialogue",5,"Wait."
"fsp_campaign_ch4_s25_oath4_l0.mp3","lena","dialogue",29,"Boss. Do I need to do it too?"
"fsp_campaign_ch4_s25_oath4_l2.mp3","lena","dialogue",31,"Boss does it. Boss is FSP here."
"fsp_campaign_ch4_s27_mcc_seen_l1.mp3","lena","dialogue",18,"MCC recorded this."
"fsp_campaign_ch4_s30_weight2_l0.mp3","lena","dialogue",36,"There are people on the Erebus side."
"fsp_campaign_ch4_s30_weight2_l2.mp3","lena","dialogue",42,"You said Butcher didn't want this meeting."
"fsp_campaign_ch4_s32_weight3_l1.mp3","lena","dialogue",18,"You knew that too?"
"fsp_campaign_ch4_s34_zone12_l0.mp3","lena","dialogue",25,"What happened at Zone 12."
"fsp_campaign_ch4_s34_zone12_l2.mp3","lena","dialogue",48,"That's fine. It's already on the arm. It's mine."
"fsp_campaign_ch5_s07_l0.mp3","lena","dialogue",13,"Thirty years."
"fsp_campaign_ch5_s07_l1.mp3","lena","dialogue",37,"You were here alone for thirty years?"
"fsp_campaign_ch5_s13c_blocked_l0.mp3","lena","dialogue",56,"Boss. MCC representatives. Here to disrupt the assembly."
"fsp_campaign_ch5_s13c_blocked_l1.mp3","lena","dialogue",16,"I can stop them."
"fsp_campaign_ch5_s14_l0.mp3","lena","dialogue",46,"Boss. The drone is descending. Need to decide."
"fsp_campaign_ch5_s17_l0.mp3","lena","dialogue",27,"Boss. Look at those people."
"fsp_campaign_ch5_s17_l1.mp3","lena","dialogue",71,"Commons is like this. Even if there's nothing. Just coming and looking."
"fsp_campaign_ch5_s19_constitution_l2.mp3","lena","dialogue",63,"You gave an article number to something that doesn't yet exist."
"fsp_campaign_ch5_s21_liang_wei_rest_l0.mp3","lena","dialogue",31,"Liang Wei. Now MCC targets you."
"fsp_campaign_ch5_s23_connection_l1.mp3","lena","dialogue",8,"What is?"
"fsp_campaign_ch6_s_success_l2.mp3","lena","dialogue",50,"Boss. The FSP mole story. We have to keep digging."
"fsp_campaign_ch6_s04c_approach_l0.mp3","lena","dialogue",53,"Act like night shift. Nobody here should not know us."
"fsp_campaign_ch6_s04c_approach_l1.mp3","lena","dialogue",46,"There are cleaning suits. Prepared in advance."
"fsp_campaign_ch6_s04c_approach_l2.mp3","lena","dialogue",40,"Kenji using this route is a first today."
"fsp_campaign_ch6_s06c_kenji_method_l1.mp3","lena","dialogue",8,"Tell me."
"fsp_campaign_ch6_s08b_data_content_l2.mp3","lena","dialogue",36,"Can you find a person from patterns?"
"fsp_campaign_ch6_s08d_use_l0.mp3","lena","dialogue",42,"Boss. How we use this information matters."
"fsp_campaign_ch6_s08d_use_l1.mp3","lena","dialogue",76,"Finding the FSP mole comes first. Or stopping MCC's Kepler plan comes first."
"fsp_campaign_ch6_s10_l1.mp3","lena","dialogue",40,"Security. The shift change time changed."
"fsp_campaign_ch6_s11b_kenji_fear_l2.mp3","lena","dialogue",17,"Two minutes left."
"fsp_campaign_ch6_s16_l0.mp3","lena","dialogue",105,"Boss. I'll tell you. The names on the arm. Some are accident deaths. Some just left. Some — I don't know."
"fsp_campaign_ch6_s16_l1.mp3","lena","dialogue",75,"The ones I don't know look different now. After hearing about the FSP mole."
"fsp_campaign_ch6_s17b_data_use_l0.mp3","lena","dialogue",42,"Analyzed the data. Communication patterns."
"fsp_campaign_ch6_s17b_data_use_l1.mp3","lena","dialogue",131,"The person inside FSP sending information to MCC. There's a pattern. Communications concentrate before and after assembly meetings."
"fsp_campaign_ch6_s17b_data_use_l2.mp3","lena","dialogue",51,"It's an assembly member. Someone from the assembly."
"fsp_campaign_ch6_s17d_kenji_safe_l2.mp3","lena","dialogue",21,"You're not alone now."
"fsp_campaign_ch7_s09d_alder_l2.mp3","lena","dialogue",22,"Boss. Alder. From MCC."
"fsp_campaign_ch7_s12_l0.mp3","lena","dialogue",62,"Scale 4. Mining villages are at risk. Especially outer Hellas."
"fsp_campaign_ch7_s12_l2.mp3","lena","dialogue",24,"But the mining villages."
"fsp_campaign_ch7_s15c_alder_vote_l0.mp3","lena","dialogue",46,"Boss. Look at Alder's voting pattern. Strange."
"fsp_campaign_ch7_s15c_alder_vote_l1.mp3","lena","dialogue",39,"It matches the pattern in Kenji's data."
"fsp_campaign_ch7_s18_l0.mp3","lena","dialogue",62,"Boss. Need to find the FSP mole. Could be inside the assembly."
"fsp_campaign_ch7_s18_l1.mp3","lena","dialogue",60,"Today's voting pattern was strange. Thomas Alder especially."
"fsp_campaign_ch8_s09_l0.mp3","lena","dialogue",72,"Boss. Do you know? Olu and Mariam put their wedding fund into this ship."
"fsp_campaign_ch8_s09_l1.mp3","lena","dialogue",68,"Mariam didn't know. Even not knowing she agreed. When Olu explained."
"fsp_campaign_ch8_s09_l2.mp3","lena","dialogue",53,"Don't know if that's love or foolishness. Maybe both."
"fsp_campaign_ch8_s12_l1.mp3","lena","dialogue",19,"Thirty-six minutes?"
"fsp_campaign_ch8_s12b_36min_explain_l2.mp3","lena","dialogue",47,"From 87% to launch ready in thirty-six minutes?"
"fsp_campaign_ch8_s12d_lena_assessment_l0.mp3","lena","dialogue",33,"Hagar. Status of the main engine."
"fsp_campaign_ch8_s12d_lena_assessment_l2.mp3","lena","dialogue",57,"I'll do it. Cooling circuits are similar to mine systems."
"fsp_campaign_ch8_s15c_hagar_defense_l2.mp3","lena","dialogue",18,"Not enough people."
"fsp_campaign_ch8_s18b_letter_inside_l1.mp3","lena","dialogue",6,"Where?"
"fsp_campaign_ch8_s19b_hagar_dawn_l2.mp3","lena","dialogue",29,"Hagar. Do you remember Earth?"
"fsp_campaign_ch8_s19d_olu_standing_l2.mp3","lena","dialogue",35,"Probably thinking about the letter."
"fsp_campaign_ch9_s07_l0.mp3","lena","dialogue",33,"Let's start negotiating. No time."
"fsp_campaign_ch9_s13_l2.mp3","lena","dialogue",25,"Where did they come from."
"fsp_campaign_ch9_s15_l3.mp3","lena","dialogue",65,"For that to be credible you'd need to go out first and stop them."
"fsp_campaign_ch9_s17_l0.mp3","lena","dialogue",58,"Quick decisions needed. Who stays inside and who goes out."
"fsp_campaign_ch9_s25_l3.mp3","lena","dialogue",46,"That's not the issue now. Continue the summit."
"fsp_campaign_ch9_s27_l4.mp3","lena","dialogue",71,"And improved labor conditions. Medical access. Fair water distribution."
"fsp_campaign_ch9_s33_l0.mp3","lena","dialogue",43,"Let's move to specific agreements. No time."
"fsp_campaign_ch9_s33_l5.mp3","lena","dialogue",26,"... That is also a method."
"fsp_campaign_ch9_s41_l0.mp3","lena","dialogue",31,"Let's draft the agreement. Now."
"fsp_campaign_ch9_s41_l4.mp3","lena","dialogue",45,"And water rights. Medical rights. Work hours."
"fsp_campaign_ch9_s45_l1.mp3","lena","dialogue",27,"It worked. We have a draft."
"fsp_campaign_ch9_s47_l2.mp3","lena","dialogue",25,"It's not from inside FSP."
"fsp_prologue_p07_l0.mp3","lena","dialogue",33,"Fresh face. You smell like Earth."
"fsp_prologue_p07_l1.mp3","lena","dialogue",105,"Don't be surprised. Not a bad thing. Everyone's like that at first. After six months you smell like Mars."
"fsp_prologue_p07_l2.mp3","lena","dialogue",87,"What's your name? Ah, don't need to ask. Heard from Amara. Said you're an FSP referral."
"fsp_prologue_p15_l0.mp3","lena","dialogue",37,"Elder Mikhail, this one looks decent."
"fsp_prologue_p15_l2.mp3","lena","dialogue",40,"I'm not scaring them! Just being honest."
"cv_campaign_ch5_s19_l0.mp3","liang_wei","dialogue",135,"Below Kepler Crater there is Ancient Metal. It belongs to Mars. Not to any company. Not to any faction. This metal belongs to everyone."
"cv_campaign_ch5_s19_l1.mp3","liang_wei","dialogue",80,"Thirty years of data. This must become Article 1 of the draft Mars Constitution."
"fsp_campaign_ch5_s_success_l0.mp3","liang_wei","dialogue",16,"Kepler survived."
"fsp_campaign_ch5_s_success_l1.mp3","liang_wei","dialogue",92,"For thirty years I looked only at this. Didn't name it. Today it got a name. Kepler Commons."
"fsp_campaign_ch5_s05_l0.mp3","liang_wei","dialogue",14,"You came. FSP."
"fsp_campaign_ch5_s05_l1.mp3","liang_wei","dialogue",182,"I first saw this thirty years ago. Couldn't tell anyone. Felt like it would disappear if I did. There are discoveries like that. Things that get taken away the moment you speak them."
"fsp_campaign_ch5_s05_l2.mp3","liang_wei","dialogue",115,"Now I'll say it. Below Kepler Crater there is Ancient Metal. It belongs to Mars. Not to MCC. Not to FSP. Not to CV."
"fsp_campaign_ch5_s07_l2.mp3","liang_wei","dialogue",73,"Not alone. This was here. And there was data. With data you're not alone."
"fsp_campaign_ch5_s09_l0.mp3","liang_wei","dialogue",115,"There is data. Thirty years of it. Analysis. Extraterrestrial origin hypothesis papers. Three of them. Unpublished."
"fsp_campaign_ch5_s09_l1.mp3","liang_wei","dialogue",102,"MCC knew. My communications were monitored. For two years. That's why contacting FSP was also delayed."
"fsp_campaign_ch5_s12_l0.mp3","liang_wei","dialogue",22,"I see the drones. MCC."
"fsp_campaign_ch5_s12_l1.mp3","liang_wei","dialogue",121,"Thirty years I waited. Whether they take it today or not, the declaration was made. What's been declared can't be erased."
"fsp_campaign_ch5_s12c_assembly2_l0.mp3","liang_wei","dialogue",55,"I'm making thirty years of data public. Starting today."
"fsp_campaign_ch5_s12c_assembly2_l1.mp3","liang_wei","dialogue",75,"Everyone here can take this data. Copy it. Spread it. So MCC can't stop it."
"fsp_campaign_ch5_s12c_assembly2_l2.mp3","liang_wei","dialogue",74,"Knowledge cannot belong to anyone. Especially knowledge about this planet."
"fsp_campaign_ch5_s13c_blocked_l2.mp3","liang_wei","dialogue",32,"Wait. The miners will handle it."
"fsp_campaign_ch5_s13e_liang_wei_final_l0.mp3","liang_wei","dialogue",73,"This metal belongs to everyone. Article 1 of the Mars Constitution draft."
"fsp_campaign_ch5_s13e_liang_wei_final_l1.mp3","liang_wei","dialogue",65,"There is no constitution yet. But today these words are the seed."
"fsp_campaign_ch5_s14_l1.mp3","liang_wei","dialogue",72,"No need to hurry. I waited thirty years. A few more minutes is possible."
"fsp_campaign_ch5_s19_constitution_l0.mp3","liang_wei","dialogue",48,"I said Article 1 of the Mars Constitution draft."
"fsp_campaign_ch5_s19_constitution_l1.mp3","liang_wei","dialogue",81,"There is no constitution. Yet. But I said it today. That's how seeds are planted."
"fsp_campaign_ch5_s19_constitution_l3.mp3","liang_wei","dialogue",65,"When you number something that doesn't exist, it begins to exist."
"fsp_campaign_ch5_s21_liang_wei_rest_l1.mp3","liang_wei","dialogue",33,"I know. I've known for two years."
"fsp_campaign_ch5_s21_liang_wei_rest_l2.mp3","liang_wei","dialogue",51,"I waited thirty years. There's nothing to fear now."
"fsp_campaign_ch5_s23_connection_l0.mp3","liang_wei","dialogue",17,"First time today."
"fsp_campaign_ch5_s23_connection_l2.mp3","liang_wei","dialogue",51,"Seeing together. We saw it together. Today. Kepler."
"mcc_campaign_ch4_s_success_l0.mp3","liang_wei","dialogue",63,"Site secured. Sample intact. What happens now is your decision."
"mcc_campaign_ch4_s_success_l1.mp3","liang_wei","dialogue",88,"For thirty years I didn't think about who this would belong to. Only whether it existed."
"mcc_campaign_ch4_s07_l0.mp3","liang_wei","dialogue",55,"Look there. The stratum is different. Not ordinary ore."
"mcc_campaign_ch4_s07_l1.mp3","liang_wei","dialogue",146,"There's an Ancient Metal hypothesis. Material of extraterrestrial origin. Academia doesn't accept it but I've been watching this for thirty years."
"mcc_campaign_ch4_s07_l2.mp3","liang_wei","dialogue",83,"If MCC finds out they'll try to monopolize it. We need to confirm what it is first."
"mcc_campaign_ch4_s09_l0.mp3","liang_wei","dialogue",76,"First noticed it in 1994. Equipment was lacking then. Couldn't get a sample."
"mcc_campaign_ch4_s09_l1.mp3","liang_wei","dialogue",132,"Came back in 2015. The stratum was more exposed. Wrote a paper then. Academia rejected it. Said insufficient data. So I kept coming."
"mcc_campaign_ch4_s09_l2.mp3","liang_wei","dialogue",87,"Thirty years. The data is sufficient now. But now the problem isn't academia. It's MCC."
"mcc_campaign_ch4_s14_l0.mp3","liang_wei","dialogue",42,"Look here. The stratum color is different."
"mcc_campaign_ch4_s14_l1.mp3","liang_wei","dialogue",115,"This color doesn't exist in Martian minerals. Dark silver. Analysis would confirm but the composition is different."
"mcc_campaign_ch4_s14_l2.mp3","liang_wei","dialogue",83,"This is what I saw thirty years ago. More exposed now. The crust is moving. Slowly."
"mcc_campaign_ch4_s16_l0.mp3","liang_wei","dialogue",64,"Not bare-handed. Gloves. Contamination interferes with analysis."
"mcc_campaign_ch4_s16_l1.mp3","liang_wei","dialogue",58,"Need to collect a sample. I have tools. I come here often."
"mcc_campaign_ch4_s16_l2.mp3","liang_wei","dialogue",81,"The first time I came I touched it bare-handed. 1994. Didn't know then. Know now."
"mcc_campaign_ch4_s19_l0.mp3","liang_wei","dialogue",61,"Extraterrestrial origin. I'm certain. Analysis will prove it."
"mcc_campaign_ch4_s19_l1.mp3","liang_wei","dialogue",110,"If this is confirmed the theory of Martian crust formation changes. How Mars came to be needs to be rewritten."
"mcc_campaign_ch4_s19_l2.mp3","liang_wei","dialogue",71,"But if MCC monopolizes it there's no research. Only mineral extraction."
"mcc_campaign_ch4_s23_l0.mp3","liang_wei","dialogue",39,"I know. You're MCC. There's a contract."
"mcc_campaign_ch4_s23_l1.mp3","liang_wei","dialogue",92,"I waited thirty years. I didn't think about who it would belong to. Only whether it existed."
"mcc_campaign_ch4_s23_l2.mp3","liang_wei","dialogue",61,"But now it exists. And you're here. Now that question exists."
"mcc_campaign_ch4_s25_l0.mp3","liang_wei","dialogue",34,"Blue sunset. Only visible on Mars."
"mcc_campaign_ch4_s25_l1.mp3","liang_wei","dialogue",112,"Watched it for thirty years here. Every year. This blue only happens in this crater. Other places are different."
"mcc_campaign_ch4_s25_l2.mp3","liang_wei","dialogue",90,"I think the Ancient Metal has an effect. The mineral refracts light. That's also evidence."
"mcc_campaign_ch4_s29_l0.mp3","liang_wei","dialogue",27,"You won't be able to sleep."
"mcc_campaign_ch4_s29_l1.mp3","liang_wei","dialogue",78,"Same for me at first. Thirty years ago. When I first saw this. Couldn't sleep."
"mcc_campaign_ch4_s29_l2.mp3","liang_wei","dialogue",37,"Still can't now. That hasn't changed."
"mcc_campaign_ch4_s32_l0.mp3","liang_wei","dialogue",66,"FSP is approaching. There's been a signal since yesterday evening."
"mcc_campaign_ch4_s32_l1.mp3","liang_wei","dialogue",40,"They know too. There's a leak somewhere."
"mcc_campaign_ch4_s34_l1.mp3","liang_wei","dialogue",62,"It's because of the sample. They know about Ancient Metal too."
"mcc_campaign_ch1_s_fail_l0.mp3","lifang","dialogue",33,"The oxygen vanished in the storm."
"mcc_campaign_ch1_s_fail_l1.mp3","lifang","dialogue",54,"Twelve million short for a week. Remember that number."
"mcc_campaign_ch1_s_fail_l2.mp3","lifang","dialogue",79,"The company will create another chance. Mars remembers mistakes. Know that too."
"mcc_campaign_ch1_s_fail_l3.mp3","lifang","dialogue",30,"Don't make mistakes next time."
"mcc_campaign_ch1_s_success_l0.mp3","lifang","dialogue",14,"Full recovery."
"mcc_campaign_ch1_s_success_l1.mp3","lifang","dialogue",70,"No tank damage. Completed before storm arrival. It goes in the record."
"mcc_campaign_ch1_s_success_l2.mp3","lifang","dialogue",45,"Not bad. For someone with no Mars experience."
"mcc_campaign_ch1_s_success_l3.mp3","lifang","dialogue",38,"Next time will be harder. That's Mars."
"mcc_campaign_ch1_s09_l0.mp3","lifang","dialogue",12,"You're late."
"mcc_campaign_ch1_s09_l1.mp3","lifang","dialogue",63,"That's Mars. Arrivals are always late. Departures always early."
"mcc_campaign_ch1_s09_l2.mp3","lifang","dialogue",41,"Read your file. No Mars experience. Good."
"mcc_campaign_ch1_s09_l3.mp3","lifang","dialogue",89,"No experience people are two kinds. No fear. Or too much fear. I'll find out which today."
"mcc_campaign_ch1_s11_l0.mp3","lifang","dialogue",27,"What do you know about MCC."
"mcc_campaign_ch1_s11_l1.mp3","lifang","dialogue",8,"Tell me."
"mcc_campaign_ch1_s11_l2.mp3","lifang","dialogue",84,"Actually forget it. Better to know nothing. The more you know the more you're wrong."
"mcc_campaign_ch1_s13_l0.mp3","lifang","dialogue",21,"Know Helion Dynamics."
"mcc_campaign_ch1_s13_l1.mp3","lifang","dialogue",120,"Thirty-eight percent of northern hemisphere oxygen refining. Seven facilities. Until yesterday they were an MCC partner."
"mcc_campaign_ch1_s13_l2.mp3","lifang","dialogue",106,"Not anymore. Selling everything. Tomorrow. Before the sale they're siphoning 850 kilotons to headquarters."
"mcc_campaign_ch1_s14_l0.mp3","lifang","dialogue",26,"Know what 850 kilotons is."
"mcc_campaign_ch1_s14_l1.mp3","lifang","dialogue",72,"A week's oxygen for twelve million in the northern hemisphere. One week."
"mcc_campaign_ch1_s14_l2.mp3","lifang","dialogue",113,"The number is too big to feel real. Think about one person. What happens to one person without oxygen for a week."
"mcc_campaign_ch1_s16_l0.mp3","lifang","dialogue",81,"The convoy has already departed. Thirty-six tanks. Eight trucks. Fourteen guards."
"mcc_campaign_ch1_s16_l1.mp3","lifang","dialogue",129,"Dust Storm coming in six hours. Grade 4. All of northern Hellas. When the storm comes the oxygen tanks disappear. Can't be found."
"mcc_campaign_ch1_s16_l2.mp3","lifang","dialogue",69,"Recover them in six hours. No tank damage. That's your mission today."
"mcc_campaign_ch1_s18_l0.mp3","lifang","dialogue",84,"There's a team. Three people. Four including you. Two vehicles. Weapons are stocked."
"mcc_campaign_ch1_s18_l1.mp3","lifang","dialogue",98,"Helion guards will block you. Obviously. You're taking what's ours. If they block you, block them."
"mcc_campaign_ch1_s18_l2.mp3","lifang","dialogue",124,"But don't touch the tanks. If a tank is punctured 850 kilotons disperses into the atmosphere. Then all of it is meaningless."
"mcc_campaign_ch1_s20_l0.mp3","lifang","dialogue",14,"Any questions."
"mcc_campaign_ch1_s20_l1.mp3","lifang","dialogue",21,"Or none. If none, go."
"mcc_campaign_ch1_s20_l2.mp3","lifang","dialogue",97,"One thing. If Helion knows about the storm they'll accelerate. You need to get there before that."
"mcc_campaign_ch10_s04_l0.mp3","lifang","dialogue",41,"The board convenes at ten in the morning."
"mcc_campaign_ch10_s04_l1.mp3","lifang","dialogue",46,"Chen is bringing you in. The directors agreed."
"mcc_campaign_ch10_s04_l2.mp3","lifang","dialogue",49,"Osei objected. Ryu was neutral. Marchetti agreed."
"mcc_campaign_ch10_s17_l1.mp3","lifang","dialogue",4,"Yes."
"mcc_campaign_ch10_s18_l0.mp3","lifang","dialogue",72,"Four of them. There was an entry attempt. While you were in the meeting."
"mcc_campaign_ch10_s18_l1.mp3","lifang","dialogue",70,"CV's security blocked them. Cinder Grace identified them before entry."
"mcc_campaign_ch10_s18_l2.mp3","lifang","dialogue",61,"The client has been identified. It's MCC board director Osei."
"mcc_campaign_ch10_s23_l0.mp3","lifang","dialogue",70,"Chen will present evidence. Documents connecting Osei to Pilgrim Arms."
"mcc_campaign_ch10_s23_l1.mp3","lifang","dialogue",62,"At that point there's a chance Marchetti will change position."
"mcc_campaign_ch10_s23_l2.mp3","lifang","dialogue",103,"If Ryu maintains neutrality, Chen and Osei will be one to one. At that moment your statement is needed."
"mcc_campaign_ch2_s02_l0.mp3","lifang","dialogue",72,"Northern Hellas Sector 7. There was a support collapse three months ago."
"mcc_campaign_ch2_s02_l1.mp3","lifang","dialogue",101,"Not in the records. What's not in records we don't know. What we don't know isn't our responsibility."
"mcc_campaign_ch2_s02_l2.mp3","lifang","dialogue",60,"Go check. Whether what's not in records truly doesn't exist."
"mcc_campaign_ch2_s26_l0.mp3","lifang","dialogue",26,"Is there evidence. Or not."
"mcc_campaign_ch2_s26_l1.mp3","lifang","dialogue",111,"Testimony isn't evidence. The old man's words aren't evidence. If it's not in the records there are no records."
"mcc_campaign_ch2_s26_l2.mp3","lifang","dialogue",71,"You have to decide. The audit report goes up under your name. Not mine."
"mcc_campaign_ch2_s30_l0.mp3","lifang","dialogue",15,"Got the report."
"mcc_campaign_ch2_s30_l1.mp3","lifang","dialogue",57,"Sector 7 three deaths. Recorded. That's how you wrote it."
"mcc_campaign_ch2_s30_l2.mp3","lifang","dialogue",85,"MCC legal will be in touch. There are procedures. I don't know how it will go either."
"mcc_campaign_ch2_s30_l3.mp3","lifang","dialogue",58,"I want you to know what it means to record things on Mars."
"mcc_campaign_ch4_s_success_l2.mp3","lifang","dialogue",70,"Now it exists. Whose it becomes gets decided when we return to Hellas."
"mcc_campaign_ch4_s03_l0.mp3","lifang","dialogue",54,"Kepler. Did you read the previous geology team report?"
"mcc_campaign_ch4_s03_l1.mp3","lifang","dialogue",115,"They said it was incomplete. There's a reason. The geology team didn't descend to the bottom. Not couldn't. Didn't."
"mcc_campaign_ch4_s03_l2.mp3","lifang","dialogue",38,"You'll understand why when you see it."
"mcc_campaign_ch4_s12_l0.mp3","lifang","dialogue",55,"Warning marker. This is where the geology team stopped."
"mcc_campaign_ch4_s12_l1.mp3","lifang","dialogue",53,"Going below is an MCC protocol violation. Officially."
"mcc_campaign_ch4_s12_l2.mp3","lifang","dialogue",77,"Liang Wei knows below. There's an unofficial route. I can look the other way."
"mcc_campaign_ch4_s21_l0.mp3","lifang","dialogue",70,"MCC contract clause 7. Field discoveries must be reported immediately."
"mcc_campaign_ch4_s21_l1.mp3","lifang","dialogue",49,"I know that. You know that. Liang Wei knows that."
"mcc_campaign_ch4_s21_l2.mp3","lifang","dialogue",32,"So what you do is your decision."
"mcc_campaign_ch4_s27_l0.mp3","lifang","dialogue",38,"Report deadline is tomorrow afternoon."
"mcc_campaign_ch4_s27_l1.mp3","lifang","dialogue",22,"Chen Weiss is waiting."
"mcc_campaign_ch4_s27_l2.mp3","lifang","dialogue",15,"Decide tonight."
"mcc_campaign_ch4_s32_l2.mp3","lifang","dialogue",68,"That's why the MCC geology team report was incomplete. They sold it."
"mcc_campaign_ch4_s34_l0.mp3","lifang","dialogue",55,"FSP is three teams. North. East. South. Surrounding us."
"mcc_campaign_ch4_s34_l2.mp3","lifang","dialogue",60,"Need a decision now. Without site control there's no sample."
"mcc_campaign_ch5_s26_l0.mp3","lifang","dialogue",27,"Was waiting for the report."
"mcc_campaign_ch5_s26_l1.mp3","lifang","dialogue",38,"Something happened. It's in your face."
"mcc_campaign_ch5_s26_l2.mp3","lifang","dialogue",92,"Before telling me think once more. If I know, then I know. Think whether that's good or not."
"mcc_campaign_ch5_s28_l0.mp3","lifang","dialogue",48,"The name Cinder Grace came up. In MCC documents."
"mcc_campaign_ch5_s28_l1.mp3","lifang","dialogue",109,"Contract terminated three years ago. She leaked safety reports externally. To FSP. MCC found out. Terminated."
"mcc_campaign_ch5_s28_l2.mp3","lifang","dialogue",72,"MCC doesn't know where she is now. That's unusual. MCC knows everything."
"mcc_campaign_ch6_s12_l0.mp3","lifang","dialogue",37,"Server is first sublevel. Two guards."
"mcc_campaign_ch6_s12_l1.mp3","lifang","dialogue",81,"The FSP contact network is there. Need to secure before they extract it. No time."
"mcc_campaign_ch6_s12_l2.mp3","lifang","dialogue",70,"The alley children are watching. Doesn't matter. Focus on the mission."
"mcc_campaign_ch6_s16_l0.mp3","lifang","dialogue",22,"You know Cinder Grace?"
"mcc_campaign_ch6_s16_l1.mp3","lifang","dialogue",83,"Three years since MCC. Was a mechanical engineer. Was a good person. Did good work."
"mcc_campaign_ch6_s16_l2.mp3","lifang","dialogue",96,"That's why she was dangerous. A person who does good work and knows MCC's way becomes dangerous."
"mcc_campaign_ch6_s20_l0.mp3","lifang","dialogue",43,"FSP team arriving in two minutes. Detected."
"mcc_campaign_ch6_s20_l1.mp3","lifang","dialogue",47,"Secure the server or wipe it. Only two options."
"mcc_campaign_ch6_s20_l2.mp3","lifang","dialogue",39,"MCC order is to secure. But you decide."
"mcc_campaign_ch6_s25_l0.mp3","lifang","dialogue",29,"You asked about Cinder Grace."
"mcc_campaign_ch6_s25_l1.mp3","lifang","dialogue",106,"There's a reason she leaked safety reports. Like Sector 7. Ventilation systems. Things MCC didn't approve."
"mcc_campaign_ch6_s25_l2.mp3","lifang","dialogue",103,"When that report got out one miner survived. She knew that. MCC knew it too. That's why they fired her."
"mcc_campaign_ch6_s29_l0.mp3","lifang","dialogue",28,"No MCC orders reaching here."
"mcc_campaign_ch6_s29_l1.mp3","lifang","dialogue",43,"My following you here is a personal reason."
"mcc_campaign_ch6_s29_l2.mp3","lifang","dialogue",73,"If you want to meet Cinder Grace go alone. If I'm there it smells of MCC."
"mcc_prologue_p07_l0.mp3","lifang","dialogue",19,"You're awake. Good."
"mcc_prologue_p07_l1.mp3","lifang","dialogue",71,"I'm Lifang. MCC field director. Once you reach Mars, you're on my team."
"mcc_prologue_p07_l2.mp3","lifang","dialogue",44,"Simple rules. Listen to me. Questions later."
"mcc_prologue_p07_l3.mp3","lifang","dialogue",99,"Mars isn't Earth. Mistakes here mean death. People say that too lightly. I'm not saying it lightly."
"mcc_prologue_p09_l0.mp3","lifang","dialogue",66,"MCC basic briefing. You may have heard this before. Listen anyway."
"mcc_prologue_p09_l1.mp3","lifang","dialogue",108,"Hellas Central is base. MCC headquarters. Mineral refining. Administrative hub. Assignments come from there."
"mcc_prologue_p09_l2.mp3","lifang","dialogue",100,"You can live on Mars without MCC. You can't live long. People who know that difference live longest."
"mcc_prologue_p15_l0.mp3","lifang","dialogue",46,"We've arrived. Hellas Central docking station."
"mcc_prologue_p15_l1.mp3","lifang","dialogue",110,"Masks always on. This zone is partial pressure. Indoors is fine but corridors and transit areas require masks."
"mcc_prologue_p15_l2.mp3","lifang","dialogue",155,"First time so I'll say it. On Mars rules are broken for two reasons. Stupidity or long experience. I respect the second. The first has no place on my team."
"mcc_prologue_p18_l0.mp3","lifang","dialogue",54,"Orientation first. MCC standard new-arrival procedure."
"mcc_prologue_p18_l1.mp3","lifang","dialogue",83,"Hellas Central layout. Emergency exit routes. Oxygen supply points. And who is who."
"mcc_prologue_p18_l2.mp3","lifang","dialogue",27,"The last is most important."
"mcc_prologue_p20_l0.mp3","lifang","dialogue",45,"MCC regulations. Read them. Within this week."
"mcc_prologue_p20_l1.mp3","lifang","dialogue",159,"Oxygen allocation. Water allocation. Residential zone assignment. It's all in this book. Don't know it and you die. Can't pay the levy and you die. Same thing."
"mcc_prologue_p20_l2.mp3","lifang","dialogue",10,"Questions?"
"mcc_prologue_p20_l3.mp3","lifang","dialogue",41,"Good if not. Ask when they come up later."
"mcc_prologue_p24_l0.mp3","lifang","dialogue",31,"Day two. Field tour. Follow me."
"mcc_prologue_p24_l1.mp3","lifang","dialogue",127,"MCC Hellas Central facilities. Refinery. Administration building. Technical division. Medical facility. Mine operations center."
"mcc_prologue_p24_l2.mp3","lifang","dialogue",98,"If a problem comes up anywhere, medical facility first. Then contact me. Don't reverse that order."
"mcc_prologue_p27_l0.mp3","lifang","dialogue",18,"You were watching."
"mcc_prologue_p27_l1.mp3","lifang","dialogue",115,"MCC new arrivals see the mine for the first time and react two ways. Uneasy, or feel nothing. You're a third thing."
"mcc_prologue_p27_l2.mp3","lifang","dialogue",74,"No need to know what that is right now. Mars will tell you. It takes time."
"mcc_prologue_p32_l0.mp3","lifang","dialogue",17,"How's the report."
"mcc_prologue_p32_l1.mp3","lifang","dialogue",5,"Done?"
"mcc_prologue_p32_l2.mp3","lifang","dialogue",91,"Something's there. I can tell from your face. Three days on Mars and it shows on your face."
"mcc_prologue_p34_l0.mp3","lifang","dialogue",7,"I knew."
"mcc_prologue_p34_l1.mp3","lifang","dialogue",175,"Nothing within MCC is unknown. Among what is known there are things said and things not said. Knowing the difference between those two is how you survive in this organization."
"mcc_prologue_p34_l2.mp3","lifang","dialogue",34,"What will you write in the report."
"mcc_prologue_p36_l0.mp3","lifang","dialogue",36,"Read it once more before submitting."
"mcc_prologue_p36_l1.mp3","lifang","dialogue",130,"Once written there's no taking it back. Words written on Mars are carved in rock. MCC records everything. Remembers. Never erases."
"mcc_prologue_p36_l2.mp3","lifang","dialogue",14,"Your decision."
"mcc_prologue_p38_l0.mp3","lifang","dialogue",9,"Received."
"mcc_prologue_p38_l1.mp3","lifang","dialogue",35,"Do you know where this report goes?"
"mcc_prologue_p38_l2.mp3","lifang","dialogue",79,"Chen Weiss's desk. Reports at this level all go there. Your name goes up there."
"mcc_prologue_p38_l3.mp3","lifang","dialogue",52,"Remember that name. The most important name on Mars."
"mcc_campaign_ch10_s26_l0.mp3","marchetti","dialogue",96,"I have reservations about the method of release. But agreeing to the dismissal motion right now—"
"mcc_campaign_ch10_s30_l0.mp3","marchetti","dialogue",14,"Osei. This is—"
"mcc_campaign_ch10_s33_l0.mp3","marchetti","dialogue",35,"Osei. If the signature is verified—"
"mcc_campaign_ch10_s33_l2.mp3","marchetti","dialogue",59,"That's right. That's why I think this cannot be covered up."
"mcc_campaign_ch10_s38_l0.mp3","marchetti","dialogue",32,"Osei will resign this afternoon."
"mcc_campaign_ch10_s38_l1.mp3","marchetti","dialogue",66,"The official reason will be personal matters. That is the MCC way."
"cv_campaign_ch2_s26_l1.mp3","marco","dialogue",32,"Hard to carry all the equipment."
"cv_campaign_ch3_s29_l0.mp3","marko","dialogue",40,"Heard CV wants to negotiate. First time."
"cv_campaign_ch3_s29_l2.mp3","marko","dialogue",40,"Butcher not coming in person is a first."
"cv_campaign_ch3_s31_l0.mp3","marko","dialogue",24,"What are the conditions."
"cv_campaign_ch3_s31_l2.mp3","marko","dialogue",17,"One year is long."
"cv_campaign_ch3_s33_l0.mp3","marko","dialogue",48,"Have D-zone intel. But not one year. Six months."
"cv_campaign_ch3_s33_l2.mp3","marko","dialogue",5,"Done."
"fsp_campaign_ch9_s13_l0.mp3","mcc_guard","dialogue",41,"Pilgrim Arms. External approach detected."
"fsp_campaign_ch9_s13_l1.mp3","mcc_guard","dialogue",35,"Four of them. Western slope. Armed."
"fsp_campaign_ch9_s13_l3.mp3","mcc_guard","dialogue",28,"Unknown. No tracking record."
"fsp_campaign_ch1_s_fail_l0.mp3","mikhail","dialogue",72,"The miners are still inside. MCC tightened the seal. We need to rethink."
"fsp_campaign_ch1_s_success_l2.mp3","mikhail","dialogue",17,"Good work. Truly."
"fsp_campaign_ch1_s05_l0.mp3","mikhail","dialogue",79,"Sit down. Tea. Grown from seeds brought from Earth. The only tea grown on Mars."
"fsp_campaign_ch1_s09_l2.mp3","mikhail","dialogue",12,"That's fine."
"fsp_campaign_ch1_s11_l2.mp3","mikhail","dialogue",65,"Not knowing the accident details is right. Have to go in to know."
"fsp_campaign_ch1_s14_l0.mp3","mikhail","dialogue",93,"Why MCC sealed it matters. Whether they're hiding the accident. Or if there's another reason."
"fsp_campaign_ch1_s14_l1.mp3","mikhail","dialogue",145,"Watched MCC for twenty-five years. Never sealed something without a reason. Always had a reason. The problem was the reason was always a bad one."
"fsp_campaign_ch1_s16_l1.mp3","mikhail","dialogue",21,"Amara. Not this time."
"fsp_campaign_ch1_s16_l3.mp3","mikhail","dialogue",121,"That's exactly why not. If you're there MCC will take it as FSP official position. That throws away our negotiating card."
"fsp_campaign_ch10_s04_l0.mp3","mikhail","dialogue",17,"Today is the day."
"fsp_campaign_ch10_s04_l1.mp3","mikhail","dialogue",39,"What FSP wanted for twenty-eight years."
"fsp_campaign_ch10_s04_l2.mp3","mikhail","dialogue",46,"For miners to live on Mars in their own names."
"fsp_campaign_ch10_s04_l3.mp3","mikhail","dialogue",22,"That is decided today."
"fsp_campaign_ch10_s04_l4.mp3","mikhail","dialogue",28,"You make the final decision."
"fsp_campaign_ch10_s04_l5.mp3","mikhail","dialogue",40,"I'll drink my tea. I've already decided."
"fsp_campaign_ch10_s07_l5.mp3","mikhail","dialogue",25,"That is today's question."
"fsp_campaign_ch10_s16_l4.mp3","mikhail","dialogue",38,"That is always the difficult question."
"fsp_campaign_ch10_s16_l5.mp3","mikhail","dialogue",55,"After achieving the goal. Where should the movement go."
"fsp_campaign_ch10_s17_l5.mp3","mikhail","dialogue",45,"A different way. That must be decided. Today."
"fsp_campaign_ch10_s19_l3.mp3","mikhail","dialogue",64,"When I started this movement twenty-eight years ago I knew that."
"fsp_campaign_ch10_s19_l4.mp3","mikhail","dialogue",30,"Names. That was the one thing."
"fsp_campaign_ch10_s21_l3.mp3","mikhail","dialogue",69,"This happened over twenty-eight years. Every time Earth pressed Mars."
"fsp_campaign_ch10_s21_l4.mp3","mikhail","dialogue",41,"We endured. We must endure this time too."
"fsp_campaign_ch10_s27_l2.mp3","mikhail","dialogue",20,"It's dangerous. Olu."
"fsp_campaign_ch10_s27_l4.mp3","mikhail","dialogue",24,"... Tea isn't dangerous."
"fsp_campaign_ch10_s29_l3.mp3","mikhail","dialogue",31,"Same as twenty-eight years ago."
"fsp_campaign_ch10_s29_l4.mp3","mikhail","dialogue",74,"Every time Mars demanded independence from Earth. Earth brought economics."
"fsp_campaign_ch10_s30_l5.mp3","mikhail","dialogue",23,"Yuna. You learned well."
"fsp_campaign_ch2_s16_l0.mp3","mikhail","dialogue",17,"Heard the report."
"fsp_campaign_ch2_s16_l1.mp3","mikhail","dialogue",127,"MCC was probably trying to hide the accident details. Likely a tunnel support problem. They delayed the repair because of cost."
"fsp_campaign_ch2_s16_l2.mp3","mikhail","dialogue",95,"Sung-jin was thirty-four. Seventeen years in the mines. He entered the mines before I made FSP."
"fsp_campaign_ch2_s22_l0.mp3","mikhail","dialogue",61,"We have this record. Three refusals. That's MCC's negligence."
"fsp_campaign_ch2_s22_l1.mp3","mikhail","dialogue",91,"But to become evidence it needs official channels. FSP can submit it. Through the assembly."
"fsp_campaign_ch2_s22_l2.mp3","mikhail","dialogue",56,"It takes time. MCC will block it. But it has to be done."
"fsp_campaign_ch3_s_success_l2.mp3","mikhail","dialogue",75,"I went to Yuna's father's grave this morning. There was a name. Not erased."
"fsp_campaign_ch3_s04_l0.mp3","mikhail","dialogue",28,"There are sixty people here."
"fsp_campaign_ch3_s04_l1.mp3","mikhail","dialogue",110,"Half are leaving. Half say they'll stay. People who know what happens if they stay and still say they'll stay."
"fsp_campaign_ch3_s04_l2.mp3","mikhail","dialogue",70,"Yuna is trying to convince the villagers. She's twenty-one. Born here."
"fsp_campaign_ch7_s_success_l0.mp3","mikhail","dialogue",27,"The assembly has concluded."
"fsp_campaign_ch7_s_success_l1.mp3","mikhail","dialogue",134,"Twenty-eight years ago it started here. There were no windows then. I made them. The reason is simple. We must not forget the outside."
"fsp_campaign_ch7_s04_l0.mp3","mikhail","dialogue",32,"The assembly has business today."
"fsp_campaign_ch7_s04_l1.mp3","mikhail","dialogue",114,"I've been here a long time. Twenty-eight years since I made FSP. On Mars twenty-eight years is long. My leg knows."
"fsp_campaign_ch7_s04_l2.mp3","mikhail","dialogue",67,"There are five candidates for the next chair. You should watch too."
"fsp_campaign_ch7_s10b_amara_vs_mikhail_l1.mp3","mikhail","dialogue",44,"What do you want from the negotiating table."
"fsp_campaign_ch7_s10b_amara_vs_mikhail_l3.mp3","mikhail","dialogue",70,"Are you sitting with MCC to get those. Or because MCC will give those."
"fsp_campaign_ch7_s12_l1.mp3","mikhail","dialogue",95,"Can't stop the assembly. The chair election must happen on the scheduled day. That's procedure."
"fsp_campaign_ch7_s12b_delay_debate_l2.mp3","mikhail","dialogue",15,"Both are right."
"fsp_campaign_ch7_s14c_mikhail_stand_l0.mp3","mikhail","dialogue",20,"Look at the windows."
"fsp_campaign_ch7_s14c_mikhail_stand_l1.mp3","mikhail","dialogue",93,"There are people outside there. Even in the dust. The mining villages. They'll be evacuating."
"fsp_campaign_ch7_s14c_mikhail_stand_l2.mp3","mikhail","dialogue",71,"We hold the election. And simultaneously send evacuation support. Both."
"fsp_campaign_ch7_s15c_alder_vote_l2.mp3","mikhail","dialogue",7,"I know."
"fsp_campaign_ch7_s20b_mikhail_alone_l0.mp3","mikhail","dialogue",20,"Boss. Stay a moment."
"fsp_campaign_ch7_s20b_mikhail_alone_l1.mp3","mikhail","dialogue",24,"About Alder. I knew too."
"fsp_campaign_ch7_s20b_mikhail_alone_l2.mp3","mikhail","dialogue",76,"But evidence is needed. Suspicion alone isn't enough. That's why FSP is FSP."
"fsp_campaign_ch7_s20d_new_chair_l0.mp3","mikhail","dialogue",53,"A new chair has been elected. Now it leaves my hands."
"fsp_campaign_ch7_s20d_new_chair_l1.mp3","mikhail","dialogue",47,"FSP isn't made by a person. It's made by names."
"fsp_campaign_ch7_s20d_new_chair_l2.mp3","mikhail","dialogue",39,"The names on Lena's arm. Those are FSP."
"fsp_campaign_ch9_s45_l0.mp3","mikhail","dialogue",14,"How did it go."
"fsp_campaign_ch9_s45_l2.mp3","mikhail","dialogue",22,"Did the names come up."
"fsp_campaign_ch9_s45_l4.mp3","mikhail","dialogue",44,"... Good. Then it's done. Come down for tea."
"fsp_prologue_p12_l0.mp3","mikhail","dialogue",94,"You made it. Cold? Sorry. Two wind turbines broke down. The hangar is running at 30% capacity."
"fsp_prologue_p12_l1.mp3","mikhail","dialogue",97,"Have some tea. This is real tea. Grown from seeds brought from Earth. The only tea grown on Mars."
"fsp_prologue_p15_l1.mp3","mikhail","dialogue",42,"Lena, don't scare them on their first day."
"fsp_prologue_p17_l0.mp3","mikhail","dialogue",72,"One rule. Nobody survives alone here. We help each other — or you leave."
"fsp_prologue_p17_l1.mp3","mikhail","dialogue",59,"Amara recommended you. Her recommendation is enough for us."
"fsp_prologue_p17_l2.mp3","mikhail","dialogue",39,"Rest today. Tomorrow is when it's real."
"fsp_prologue_p28_l0.mp3","mikhail","dialogue",14,"Did you sleep?"
"fsp_prologue_p28_l1.mp3","mikhail","dialogue",151,"The first few days are hard because of gravity. Even though Mars is lighter than Earth the body's memory is different. A week and you'll be used to it."
"fsp_prologue_p28_l2.mp3","mikhail","dialogue",88,"Today look at the village. Look at the people. That's the fastest way to understand FSP."
"mcc_campaign_ch5_s07_l0.mp3","miner_anon","dialogue",21,"No time. Just listen."
"mcc_campaign_ch5_s07_l1.mp3","miner_anon","dialogue",219,"The three in Sector 7 were just the start. What I've confirmed alone is seventeen cases. Since 2009. Every MCC safety audit has been falsified. Deaths become accidents. Accidents become normal. Normal becomes excellent."
"mcc_campaign_ch5_s07_l2.mp3","miner_anon","dialogue",154,"There's a chip. Original data. No copies. No time to make them. This is everything. If you take this you'll be in danger too. You knew that when you came."
"mcc_campaign_ch5_s09_l0.mp3","miner_anon","dialogue",50,"Don't ask my name. Knowing it makes you dangerous."
"mcc_campaign_ch5_s09_l1.mp3","miner_anon","dialogue",172,"Three of the seventeen were my coworkers. 2019. Ventilation system failure. Three repair requests. MCC didn't approve the cost. All three times. Then the accident happened."
"mcc_campaign_ch5_s09_l2.mp3","miner_anon","dialogue",69,"The report had no cause. Personal negligence. That was it. All three."
"mcc_campaign_ch5_s11_l0.mp3","miner_anon","dialogue",85,"You're the one who wrote the Sector 7 report. I contacted you because of that report."
"mcc_campaign_ch5_s11_l1.mp3","miner_anon","dialogue",106,"You filled in the cause section. Ventilation system. A person who wouldn't leave it blank. That's courage."
"mcc_campaign_ch5_s11_l2.mp3","miner_anon","dialogue",53,"You're the only one. In MCC. Who will take this chip."
"mcc_campaign_ch5_s13_l0.mp3","miner_anon","dialogue",51,"Names are in the chip. Seventeen. From 2009 to now."
"mcc_campaign_ch5_s13_l1.mp3","miner_anon","dialogue",101,"Beyond names there are dates. Sites. Repair request records. MCC approval denial records. Everything."
"mcc_campaign_ch5_s13_l2.mp3","miner_anon","dialogue",85,"Getting this outside MCC could change things. Even if it doesn't, the record remains."
"mcc_campaign_ch5_s16_l0.mp3","miner_anon","dialogue",60,"They're here. MCC internal audit. They've been following me."
"mcc_campaign_ch5_s16_l1.mp3","miner_anon","dialogue",40,"Take the chip. Now. Deep in your pocket."
"mcc_campaign_ch5_s16_l2.mp3","miner_anon","dialogue",58,"I'm here to work. Filing records. Who are you? A stranger."
"mcc_campaign_ch5_s20_l0.mp3","miner_anon","dialogue",34,"Came to file records. It's weekly."
"mcc_campaign_ch5_s20_l1.mp3","miner_anon","dialogue",67,"This person is a new employee. Came for orientation on archive use."
"mcc_campaign_ch2_s_success_l0.mp3","miner_elder","dialogue",29,"Did you put it in the report."
"mcc_campaign_ch2_s_success_l1.mp3","miner_elder","dialogue",8,"You did."
"mcc_campaign_ch2_s_success_l2.mp3","miner_elder","dialogue",59,"The dead have names. Three of them. All three had families."
"mcc_campaign_ch2_s_success_l3.mp3","miner_elder","dialogue",65,"Good that it's in the record. At least their names are somewhere."
"mcc_campaign_ch2_s08_l0.mp3","miner_elder","dialogue",43,"Inspector. Welcome. Everything is prepared."
"mcc_campaign_ch2_s08_l1.mp3","miner_elder","dialogue",102,"Shall I show you Sector A first. The recently upgraded sector. New safety standards have been applied."
"mcc_campaign_ch2_s08_l2.mp3","miner_elder","dialogue",78,"Sector 7 is currently under work so access is difficult. If you come tomorrow."
"mcc_campaign_ch2_s16_l0.mp3","miner_elder","dialogue",90,"Sector 7 is currently undergoing new support installation. Entry is restricted for safety."
"mcc_campaign_ch2_s16_l1.mp3","miner_elder","dialogue",59,"If you come tomorrow you can see the fully upgraded sector."
"mcc_campaign_ch2_s16_l2.mp3","miner_elder","dialogue",67,"Today Sectors 8 and 9 are prepared. There is much to see there too."
"mcc_campaign_ch2_s21_l0.mp3","miner_elder","dialogue",46,"Inspector. Three people died three months ago."
"mcc_campaign_ch2_s21_l1.mp3","miner_elder","dialogue",127,"The support collapsed. Seven thirty in the morning. Thirty minutes after shift start. Before the new shift team had settled in."
"mcc_campaign_ch2_s21_l2.mp3","miner_elder","dialogue",76,"Three people. In their thirties. One was supposed to get married this month."
"mcc_campaign_ch2_s22_l0.mp3","miner_elder","dialogue",104,"Won't be in the records. Some things disappear before they reach headquarters. Down here everyone knows."
"mcc_campaign_ch2_s22_l1.mp3","miner_elder","dialogue",87,"Everyone knows but nobody can say anything. Because if the mine closes there's no work."
"mcc_campaign_ch2_s22_l2.mp3","miner_elder","dialogue",118,"I need someone who will put it in the record. I told the manager and he went silent. Silence was the answer I suppose."
"cv_campaign_ch1_s01_l0.mp3","narrator","narration",233,"Erebus Crater. Five kilometers below the surface. No sky visible from there. The crater walls were the sky. Fire at the crater floor. Burning at minus one hundred. One hundred and fifty people shared it. Not gone out in thirty years."
"cv_campaign_ch1_s02_l0.mp3","narrator","narration",193,"Fire burning but not warm. This was CV's metaphor. Fire existed. But Mars was cold. The fire couldn't overcome the cold. But thirty years and the fire never went out. There was meaning in that."
"cv_campaign_ch1_s03_l0.mp3","narrator","narration",205,"Butcher Vasquez sat before the fire. Firelight on the left arm. A prosthetic. Old mining-grade. He had built it himself when MCC refused to cover the accident. Seventeen years old. The same arm ever since."
"cv_campaign_ch1_s04_l0.mp3","narrator","narration",125,"A pickaxe leaned beside him. Not a weapon. But not not a weapon. For Butcher it was both. A tool, a signal, and thirty years."
"cv_campaign_ch1_s05_l0.mp3","narrator","narration",144,"Someone descending into the crater. You. Carrying a small bag. Hand resting on it. Just making it this far was a test. Most turned back halfway."
"cv_campaign_ch1_s07_l0.mp3","narrator","narration",198,"Butcher looked at you for the first time. Firelight reached your face. A scar on the left side. Couldn't tell how old. Butcher looked at that scar for a long time. Thinking something. Didn't say it."
"cv_campaign_ch1_s09_l0.mp3","narrator","narration",209,"Silence. Fire burned. Butcher looked down at the prosthetic. That was what he did during conversations. Looking at the prosthetic. Looking at the seventeen-year-old thing. Looking at the thirty-year-old thing."
"cv_campaign_ch1_s11_l0.mp3","narrator","narration",151,"Crow Reyes. CV tactical commander. Someone who spoke fast. Ruthless. But professional. Those two things were what kept you alive in CV for a long time."
"cv_campaign_ch1_s12_l0.mp3","narrator","narration",149,"Into the base. People there. Each doing their work. They looked at you. Looked away. That was how this base dealt with a stranger. See but not stare."
"cv_campaign_ch1_s13_l0.mp3","narrator","narration",118,"A man was bound in the corner. Hands behind his back. Seated. Eyes closed. Not dead. Breathing. But quiet. A prisoner."
"cv_campaign_ch1_s15_l0.mp3","narrator","narration",140,"Reza opened his eyes. Heard footsteps. Looked at you. A new face. Not eyes expecting anything. Just looking eyes. The eyes of someone alive."
"cv_campaign_ch1_s17_l0.mp3","narrator","narration",178,"Crow pulled you away. Spoke from a distance. Didn't ask if talking to the prisoner was a test. Didn't know if it was a test or not. On Mars everything was a test. Or nothing was."
"cv_campaign_ch1_s18_l0.mp3","narrator","narration",189,"Test one. Strength. Butcher chose a person. Large build. Name unknown. No rules. Knock down or be knocked down. On the crater floor. Beside the fire. In front of a hundred and fifty people."
"cv_campaign_ch1_s20_l0.mp3","narrator","narration",174,"Fought. Short. Not long. On Mars fights were short. Thin air made you tire fast. Fighting long was foolish. Ending it fast was skill. Whether you had that skill was the test."
"cv_campaign_ch1_s21_l0.mp3","narrator","narration",134,"Butcher watched. No expression. Crow took notes. Small notes. Couldn't tell what was written. People watched. That was the first test."
"cv_campaign_ch1_s22_l0.mp3","narrator","narration",130,"Test two. Loyalty. Crow handed you an envelope. A photograph inside. One face. A CV member. A name. You read that far and stopped."
"cv_campaign_ch1_s24_l0.mp3","narrator","narration",161,"Looked at the face in the photograph. Someone in the base. You had seen them eating yesterday. A living person. A person who might not be living if you reported."
"cv_campaign_ch1_s26_l0.mp3","narrator","narration",136,"Returned the envelope. Said nothing. Crow took it. No expression. Didn't reopen it. That was it. Didn't know if it was a pass or a fail."
"cv_campaign_ch1_s27_l0.mp3","narrator","narration",158,"Test three. Survival. Butcher said. Outside overnight. Crater outer wall. Where temperature was lowest. One blanket as equipment. Until sunrise. That was all."
"cv_campaign_ch1_s29_l0.mp3","narrator","narration",148,"Outside. Crater outer wall. There was wind. Different from inside the crater. No walls. Wind hit directly. One blanket against it. It wasn't enough."
"cv_campaign_ch1_s30_l0.mp3","narrator","narration",143,"Stars. Martian stars. Clear. Thin air made stars visible. But stars weren't warm. Stars were light. Light wasn't warm. Not at this temperature."
"cv_campaign_ch1_s31_l0.mp3","narrator","narration",177,"Body shaking. Couldn't stop. That was the body's way. Trying to get warm. But ineffective. The body couldn't win against a Martian night. But didn't die. That was what mattered."
"cv_campaign_ch1_s32_l0.mp3","narrator","narration",135,"The sun rose. Martian sun. Small thing. Distant thing. But light. When the light came you knew. Alive. That was the answer to the test."
"cv_campaign_ch1_s34_l0.mp3","narrator","narration",166,"Reza was there. In the corner. Hands still bound. Eyes open. Looked at you. For a long time. Couldn't tell what those eyes were saying. But alive eyes. That was Reza."
"cv_campaign_ch1_s37_l0.mp3","narrator","narration",157,"Butcher was in the throne hall. Crow beside him. Fire burned. Everyone was there. All of them. Reza was dragged in. Hands still bound. Stood before the fire."
"cv_campaign_ch1_s39_l0.mp3","narrator","narration",190,"Butcher looked at you. For the first time his eyes held a question. No words. But a question. What will you do. New arrival. Someone who passed the tests. What will you do in this situation."
"cv_campaign_ch1_s41_l0.mp3","narrator","narration",112,"Butcher decided. Spoke. Words brief. That was the decision. Fire burned. Not warm. People watched. No one spoke."
"cv_campaign_ch1_s42_l0.mp3","narrator","narration",114,"Looked at Reza. His eyes said something. Aisha. That was it. One name. What was alive there. Sister's name. Aisha."
"cv_campaign_ch1_s45_l0.mp3","narrator","narration",124,"That'll do. Butcher said. Looking at the fire. Not at you. That was his way. The way of acknowledging. The way of few words."
"cv_campaign_ch1_s48_l0.mp3","narrator","narration",138,"Fire burned. Butcher didn't stand. Walked into the crater. Carrying the bag. Hand resting on it. The others watched. No one said anything."
"cv_campaign_ch1_s49_l0.mp3","narrator","narration",125,"Remembered Reza's eyes. Aisha. A person with a name. On Mars a person with a name remained. In memory. That was the way here."
"cv_campaign_ch1_s50_l0.mp3","narrator","ending",141,"Minus one hundred degrees. Only the fire burned. Thirty years of that. You sat before that fire. Not warm. But sitting. This was the baptism."
"cv_campaign_ch10_s_ending_crown_l0.mp3","narrator","ending",264,"Argyre Canyon. Night. It had been Pilgrim Arms'. Now it was something else's. A place governed by names. A place without flags. The photo was there. The prosthetic was there. The names were there. The thorn crown. It was thorns but it was a crown. Always had been."
"cv_campaign_ch10_s_ending_mercenary_l0.mp3","narrator","ending",227,"Sandstone Junction. Three directions. None of them. There was a code. Five things. The fifth was each person's own. You had a fifth. That was law. More lasting than any law on Mars. The prosthetic was worn. The names were felt."
"cv_campaign_ch10_s_ending_renegade_l0.mp3","narrator","ending",241,"New Athens Shipyard. Night. Cinder picked up her tools. New ones. Not the thirty-year-old things. But they made the same sound. Tools were tools. Not CV either. New. No name. Only names. On the back of the photo. In what was engraved inside."
"cv_campaign_ch10_s_ending_warlord_l0.mp3","narrator","ending",239,"From Erebus Mars was visible. CV's. The prosthetic was worn. On the left arm. Names engraved on the inside. They were felt. Thirty-year-old names. Zone 12. And now new ones. The warlord's crown was there. It was thorns. But it was a crown."
"cv_campaign_ch10_s_fail_l0.mp3","narrator","narration",228,"Erebus shook. But didn't collapse. CV was like that. The thing that didn't collapse. An organization made by a man who made a prosthetic at seventeen. Making things that don't collapse was that man's way. Erebus didn't collapse."
"cv_campaign_ch10_s_success_l0.mp3","narrator","narration",260,"The battle ended. Erebus was alive. Butcher put the photo in his pocket. Slowly. With both hands. The prosthetic and the right hand. That was the last time. But CV was there. Fires burned. Cinder's tool sounds were heard. Crow watched the exterior. CV existed."
"cv_campaign_ch10_s01_l0.mp3","narrator","narration",239,"Erebus base. Fires burning. Barrel fires. Several. Butcher was in the throne hall. Alone. He had taken out the photo. On the table. First time. Outside the pocket. On the table. The lungs had said eleven hours. But he sat before the photo."
"cv_campaign_ch10_s02_l0.mp3","narrator","narration",243,"Three days since returning from Olympus. The Zone 12 records were brought back. The names appeared in official documents. Cinder added new names to the back of the photo. That was what came from Olympus. New names. The record of living things."
"cv_campaign_ch10_s04_l0.mp3","narrator","narration",181,"Cinder came in. Tool sounds. She heard it. Didn't touch her tools. That was something heavy. Crow was behind. Raised in the canyon. Raised in darkness. But this room now was darker."
"cv_campaign_ch10_s05_l0.mp3","narrator","narration",202,"The photo was on the table. Black and white. Butcher at seventeen. The people beside him. Names. Miners. The strike. MCC. Thirty years. All of that was in this room. Why CV existed. It was on the photo."
"cv_campaign_ch10_s07_l0.mp3","narrator","narration",235,"Thirty years of questioning resolved. Why did he survive. Someone called him. From inside MCC. Who that person was he didn't say. Or didn't know. But he knew. Now. Thirty years later. What that felt like couldn't be read from his face."
"cv_campaign_ch10_s09_l0.mp3","narrator","narration",334,"Chen Weiss. Twenty-two years ago. Inside MCC. Zone 12. Her parents died there. That was the reason. Chen's mother. The person who called seventeen-year-old Butcher out of the tunnel thirty years ago. That reached this room. Through Olympus. Through tool sounds. Through names. Mars was small. Even thirty years couldn't make it wider."
"cv_campaign_ch10_s11_l0.mp3","narrator","narration",242,"Crow said there were sounds outside. From outside Erebus crater. Vehicle sounds. Many of them. From both MCC and FSP sides. Moving after the Olympus agreement. Toward the CV base. There was an agreement but force was needed for it to be kept."
"cv_campaign_ch10_s13_l0.mp3","narrator","narration",180,"Outside Erebus. Vehicles. At the crater's edge. Stopped. Waiting. For CV's decision. What CV would choose. What form CV would take. That was what this final battle would determine."
"cv_campaign_ch10_s15_l0.mp3","narrator","narration",267,"The prosthetic. Made at seventeen. Thirty years old. Cinder had repaired it and it still worked. He was giving it. Something worn on the left arm. What Butcher had worn for thirty years. That was the way of succession. CV's way. No document. No stamp. One prosthetic."
"cv_campaign_ch10_s17_l0.mp3","narrator","narration",236,"Names were engraved inside the prosthetic. Where they couldn't be seen. Something felt when worn. That was memory's way. Different from writing on the back of a photo. Engraving on the body. Feeling them. That was what Cinder had added."
"cv_campaign_ch10_s19_l0.mp3","narrator","narration",202,"Sounds outside Erebus grew louder. Vehicles began to move. At the crater's edge. The waiting was ending. CV had to decide. What kind of CV to become. How to protect Erebus. Or whether not to protect it."
"cv_campaign_ch10_s21_l0.mp3","narrator","narration",214,"Butcher held out the photo. With the right hand. Not the prosthetic. Something in his pocket for thirty years. Something placed on the table. Being offered to another person. First time. First time in thirty years."
"cv_campaign_ch10_s23_l0.mp3","narrator","narration",190,"The canyon. Night. Crow said it. Grew up here, he said. A time before knowing names. Before knowing CV. But the canyon was known. The narrow dark thing. That was the beginning. And now here."
"cv_campaign_ch10_s25_l0.mp3","narrator","narration",236,"Sandstone Junction. Southern Mars. Edge of CV territory. It split here. The road to Erebus. The road to Argyre. The road to Olympus. Three directions. CV always passed through here. The place of divergence. But each had their direction."
"cv_campaign_ch10_s27_l0.mp3","narrator","narration",201,"Back at Erebus. Vehicles were outside the crater. Waiting. For CV's choice. Butcher was in the throne hall. In the mining chair. The prosthetic and the photo were on the table. Two things. That was CV."
"cv_campaign_ch10_s29_l0.mp3","narrator","narration",46,"The photo was there. The prosthetic was there."
"cv_campaign_ch10_s29_l1.mp3","narrator","narration",51,"The names were there. Vehicles were outside Erebus."
"cv_campaign_ch10_s29_l2.mp3","narrator","narration",30,"Butcher waited. Cinder waited."
"cv_campaign_ch10_s29_l3.mp3","narrator","narration",25,"Crow waited. Mars waited."
"cv_campaign_ch10_s31_l0.mp3","narrator","narration",55,"The demilitarized zone clause. A clause CV didn't sign."
"cv_campaign_ch10_s31_l1.mp3","narrator","narration",54,"But it was in the agreement. MCC and FSP put it there."
"cv_campaign_ch10_s31_l2.mp3","narrator","narration",60,"If CV recognized the agreement it had to recognize that too."
"cv_campaign_ch10_s31_l3.mp3","narrator","narration",41,"If not it would be outside the agreement."
"cv_campaign_ch10_s31_l4.mp3","narrator","narration",20,"That was the choice."
"cv_campaign_ch10_s33_l0.mp3","narrator","narration",25,"Butcher lifted the photo."
"cv_campaign_ch10_s33_l1.mp3","narrator","narration",32,"Flipped it. Looked at the names."
"cv_campaign_ch10_s33_l2.mp3","narrator","narration",40,"New names were on the back of the photo."
"cv_campaign_ch10_s33_l3.mp3","narrator","narration",46,"Added by Cinder. After returning from Olympus."
"cv_campaign_ch10_s33_l4.mp3","narrator","narration",47,"Zone 12 names. Names now in official documents."
"cv_campaign_ch10_s33_l5.mp3","narrator","narration",46,"Those names were on the back of the photo too."
"cv_campaign_ch10_s35_l0.mp3","narrator","narration",26,"The Erebus base was quiet."
"cv_campaign_ch10_s35_l1.mp3","narrator","narration",27,"Fires burned. Barrel fires."
"cv_campaign_ch10_s35_l2.mp3","narrator","narration",43,"Fires that hadn't gone out in thirty years."
"cv_campaign_ch10_s35_l3.mp3","narrator","narration",22,"Not warm. But burning."
"cv_campaign_ch10_s35_l4.mp3","narrator","narration",37,"That was CV. That had always been CV."
"cv_campaign_ch2_s01_l0.mp3","narrator","narration",166,"Argyre Canyon. Southern hemisphere. Five kilometers deep. Darkness was thick. Mars darkness was different from Earth. Thin air scattered less light. So it was darker."
"cv_campaign_ch2_s02_l0.mp3","narrator","narration",187,"Vasco Reyes. Call sign Crow. Four years in CV. Mars-born. Raised in the canyon since childhood. People raised in the dark had different eyes. He was someone for whom darkness was natural."
"cv_campaign_ch2_s03_l0.mp3","narrator","narration",131,"Baptism done. Tests done. What followed was work. In CV work meant operations. First operation assigned. Crow briefed. Short words."
"cv_campaign_ch2_s05_l0.mp3","narrator","narration",156,"Team of five. You. Crow. Three others. You knew their names. Marco. Jin. Hestia. People of few words. They said few words when working was good. You agreed."
"cv_campaign_ch2_s07_l0.mp3","narrator","narration",122,"Chose west drainage. Slow. Narrow. Water present. Martian water. Cold. But invisible. That mattered more. Being invisible."
"cv_campaign_ch2_s08_l0.mp3","narrator","narration",137,"Marco up front. Jin behind. Hestia covering the side. Crow in the middle. Five moving. No sound. That was the movement of trained people."
"cv_campaign_ch2_s10_l0.mp3","narrator","narration",132,"The depot visible. Lights on. Guards there. But something else too. Workers. Night shift. MCC mine workers. No weapons. Supply duty."
"cv_campaign_ch2_s11_l0.mp3","narrator","narration",166,"By CV standards, non-combatants. CV had a code. Don't touch non-combatants. That was the second code. But with workers present the operation couldn't proceed quietly."
"cv_campaign_ch2_s13_l0.mp3","narrator","narration",155,"One of the workers saw. That person stopped. Didn't run. Didn't shout. Just looked. Whether they saw a CV mercenary. Or something like themselves. Unknown."
"cv_campaign_ch2_s14_l0.mp3","narrator","narration",179,"Those eyes were familiar. Eyes seen somewhere before. Hellas Central miners. People working without names. Numbers by MCC standards. But people with eyes. People with living eyes."
"cv_campaign_ch2_s17_l0.mp3","narrator","narration",130,"Decided. Moved. Crow followed. No words. That was Crow's way. Following even without agreement. In an operation there was no next."
"cv_campaign_ch2_s18_l0.mp3","narrator","narration",158,"Into the depot. Equipment there. Ore processing equipment. Heavy. Five needed to move it. Moved fast. In the direction without guards. But workers were there."
"cv_campaign_ch2_s20_l0.mp3","narrator","narration",125,"The worker stopped. Didn't move. Didn't shout. Didn't trigger the alarm. Couldn't tell why. Fear. Or something else. Unknown."
"cv_campaign_ch2_s21_l0.mp3","narrator","narration",133,"Moved equipment. Fast. Marco and Jin took the heavy pieces. Hestia covered outside. Crow timed it. Fifteen minutes passed. Five left."
"cv_campaign_ch2_s23_l0.mp3","narrator","narration",134,"Out east. Fast. Almost ran into the guard. But there was darkness. Martian darkness. Thick. Hid inside it. Guard passed. That was all."
"cv_campaign_ch2_s24_l0.mp3","narrator","narration",156,"Down to the canyon floor. With equipment. Heavy. Legs aching. Didn't stop. Stopping meant the guards would follow. Not stopping meant they wouldn't. Simple."
"cv_campaign_ch2_s25_l0.mp3","narrator","narration",177,"Storm coming. Wind changed. Felt it at the canyon floor. Direction shifted. Dust storm. On Mars dust storms came without warning. Or they had been coming and you hadn't noticed."
"cv_campaign_ch2_s27_l0.mp3","narrator","narration",131,"Storm hit. No visibility. No sound. Only wind. Only dust. Five moving inside it. Holding each other's hands. That was the only way."
"cv_campaign_ch2_s28_l0.mp3","narrator","narration",157,"Lost direction. Couldn't tell canyon from plains. Crow knew direction. Someone raised in storms. Raised in the canyon. Someone for whom darkness was natural."
"cv_campaign_ch2_s30_l0.mp3","narrator","narration",146,"Storm passed. Slowly. Martian storms came and went. They were things with endings. Visibility returned. Stars. Canyon visible. Direction knowable."
"cv_campaign_ch2_s32_l0.mp3","narrator","narration",164,"Remembered the worker's eyes. The person who didn't press the alarm. Didn't know why. Fear or something else. But that choice existed. That choice had made tonight."
"cv_campaign_ch2_s33_l0.mp3","narrator","narration",169,"Canyon floor. Butcher was waiting. Prosthetic. Left arm. Old mining-grade. He had made it himself. At seventeen. He heard the report. No words. But the prosthetic moved."
"cv_campaign_ch2_s35_l0.mp3","narrator","narration",154,"Butcher said no more. That was all. Couldn't tell if it was acknowledgment or not. But the prosthetic moved again. That was how he spoke without speaking."
"cv_campaign_ch2_s39_l0.mp3","narrator","narration",107,"Equipment moved to base. Heavy. Arms aching. But not gone. There it was. Now CV's. That was today's result."
"cv_campaign_ch2_s40_l0.mp3","narrator","narration",184,"No equipment. MCC had moved it first or guards were strong. Crow said nothing. On the way back to the canyon floor. Darkness thick. Mars darkness different from Earth. Felt that again."
"cv_campaign_ch2_s41_l0.mp3","narrator","narration",117,"Crow walked. No words. Silence on failure was Crow's way. Silence was the words. On Mars learning that was important."
"cv_campaign_ch2_s43_l0.mp3","narrator","narration",174,"Butcher's words stayed. Equipment can be retrieved. People can't. A person who had lost an arm at seventeen. A person who knew people don't come back. Those were those words."
"cv_campaign_ch2_s44_l0.mp3","narrator","narration",154,"Crow walked behind. No words. That was Crow. Someone who followed even in failure. Without a word. That was CV code. Don't abandon a comrade. Fourth code."
"cv_campaign_ch2_s45_l0.mp3","narrator","ending",168,"Canyon floor. Butcher was waiting. Prosthetic. Left arm. Old mining-grade. Heard the report. No words. But the prosthetic moved. That was how he spoke without speaking."
"cv_campaign_ch3_s01_l0.mp3","narrator","narration",222,"Erebus base. Inside the crater. One of the coldest places in the southern hemisphere. Inside the base was different. Fires. Barrel fires. Several. CV liked fire. Fire had no rules. That was what fire had in common with CV."
"cv_campaign_ch3_s02_l0.mp3","narrator","narration",142,"Day after the operation. Butcher called everyone. That was rare. Butcher calling everyone. That was a signal something important had happened."
"cv_campaign_ch3_s04_l0.mp3","narrator","narration",148,"Four paths. Butcher said. Each takes a different road. That was the loyalty test. Choice was how loyalty showed. What you chose showed who you were."
"cv_campaign_ch3_s06_l0.mp3","narrator","narration",162,"Reza branch A. Revenge or forgiveness. Reza was still at the base. No longer prisoner status. Ambiguous after Butcher's decision. In the base but not a CV member."
"cv_campaign_ch3_s08_l0.mp3","narrator","narration",145,"Reza was there. In the corner. Hands unbound. But unable to leave. Unable to exit the CV base. Looked at you. Those eyes remembered. Aisha. Name."
"cv_campaign_ch3_s10_l0.mp3","narrator","narration",143,"Couldn't tell if Reza's words were true. Evidence existed. Evidence in CV. But evidence could be manufactured. MCC might have made it. Unknown."
"cv_campaign_ch3_s12_l0.mp3","narrator","narration",160,"The fifth code. Each person makes their own. What Butcher had said. Didn't understand when first heard. Now understood. It was for this moment. For this choice."
"cv_campaign_ch3_s14_l0.mp3","narrator","narration",145,"Reza answered. Gave a location. Hellas Central. Small district. Name. Contact method. That was all Reza could give. Received it. That was enough."
"cv_campaign_ch3_s15_l0.mp3","narrator","narration",136,"Reported to Butcher. Result of the Reza branch. Butcher listened. No words. The prosthetic moved. That was all. That was acknowledgment."
"cv_campaign_ch3_s16_l0.mp3","narrator","narration",147,"Reza branch B. Extract intelligence. Reza knew things about MCC. Information CV needed. Crow knew that. But Reza hadn't spoken. There was a reason."
"cv_campaign_ch3_s18_l0.mp3","narrator","narration",122,"Went to Reza. Corner. Crow watching. But no words. When Crow was wordless it meant trust. Or waiting. Hard to distinguish."
"cv_campaign_ch3_s20_l0.mp3","narrator","narration",157,"Reza thought. For a long time. Eyes closed. Hands unbound. Those hands on the knees. Not trembling. That was how this person was strong. The way of deciding."
"cv_campaign_ch3_s22_l0.mp3","narrator","narration",166,"Went to Butcher. Passed the information. Butcher listened. Crow confirmed. No words. But the look in their eyes changed. The information was correct. Could tell that."
"cv_campaign_ch3_s24_l0.mp3","narrator","narration",134,"Reza left the base. Didn't look back. Walk wasn't fast. That was strange. Expected fast. But walked slowly. Steps of someone thinking."
"cv_campaign_ch3_s25_l0.mp3","narrator","narration",134,"Butcher watched. Until Reza disappeared. That was all. That was Butcher's way. Watching. Watching for a long time. And saying nothing."
"cv_campaign_ch3_s26_l0.mp3","narrator","narration",182,"Marko branch. Negotiate with outside faction. Sandstone Junction. Middle of Mars. Neither MCC nor CV. Neutral ground. A meeting there. Marko Diel. Independent mercenary group leader."
"cv_campaign_ch3_s28_l0.mp3","narrator","narration",113,"Marko arrived. Not alone. Two behind. Armed. That was the way in neutral ground. Meet armed. Trust without trust."
"cv_campaign_ch3_s30_l0.mp3","narrator","narration",151,"Marko looked at you. For a long time. CV but a new face. A new face negotiating was strange. But that was Butcher's way. The way of testing new people."
"cv_campaign_ch3_s32_l0.mp3","narrator","narration",162,"Marko thought. Crow watched from behind. Quiet. No words. Crow's way in negotiations was silence. Negotiation was reducing words. The person with fewer words won."
"cv_campaign_ch3_s34_l0.mp3","narrator","narration",152,"Negotiation ended. Marko left. Crow approached. No expression. But spoke. Spoke for the first time. That was strange. Crow speaking after a negotiation."
"cv_campaign_ch3_s36_l0.mp3","narrator","narration",146,"Standard mission. Occupy mine district. Hellas outer mine. Abandoned by MCC. But things that could be used. Equipment. Passages. Things CV needed."
"cv_campaign_ch3_s38_l0.mp3","narrator","narration",113,"Into the mine. Dark. Light on. Passages. Old ones. Thirty years old. Before CV existed. Dug by miners. Now empty."
"cv_campaign_ch3_s39_l0.mp3","narrator","narration",149,"Something deeper in. Crates. MCC markings. But goods not in official records. Crow saw them. No expression. But the look changed. It was as expected."
"cv_campaign_ch3_s41_l0.mp3","narrator","narration",123,"Checked the crates. Weapon components. Large quantity. Things CV could use. Had to take them. But heavy. Hard to move fast."
"cv_campaign_ch3_s46_l0.mp3","narrator","narration",147,"Butcher acknowledged. Words brief. That was his way. Fewer words meant more meaning. You kept the code. That meant you could be here, in this base."
"cv_campaign_ch3_s47_l0.mp3","narrator","narration",153,"The code was tested. Which code wasn't clear. On Mars the code was tested by situation. Situations taught it. Fire burned in barrels. The base was alive."
"cv_campaign_ch3_s48_l0.mp3","narrator","narration",176,"Butcher spoke. Expel you or acknowledge you. Nothing in between. CV was that kind of place. No middle ground. But having no middle was actually clear. That was this base's way."
"cv_campaign_ch3_s49_l0.mp3","narrator","narration",215,"Fire burned. Night deepened. Cinder finished work. Something had been repaired. What it was she didn't say. Butcher sat by the fire. Looked down at the prosthetic. Made at seventeen. Thirty years old. Still working."
"cv_campaign_ch3_s50_l0.mp3","narrator","ending",161,"Good things were like that. Old but still working. The code was like that. Thirty years old. But still working. That was CV. The fire wasn't warm. But it burned."
"cv_campaign_ch4_s01_l0.mp3","narrator","narration",177,"Cinder Grace was a person of few words. CV had many people of few words. But Cinder was different. Not that she couldn't speak. She didn't speak because she had too much to say."
"cv_campaign_ch4_s02_l0.mp3","narrator","narration",162,"She repaired machines. Things in the base. Broken things. Ruined things. Things no one else could fix. That was what Cinder did in CV. Repair. Not combat. Repair."
"cv_campaign_ch4_s03_l0.mp3","narrator","narration",210,"There was a time with MCC. Six years. A mechanical engineer. Tunnel support systems. Most important thing in Martian mines. When they collapsed people died. She was the person who prevented that. For six years."
"cv_campaign_ch4_s04_l0.mp3","narrator","narration",166,"Morning and Cinder came to you. First time. On her own. Usually Cinder didn't approach first. Touching the tool belt. That was her signal. Signal of something to say."
"cv_campaign_ch4_s06_l0.mp3","narrator","narration",165,"Walked to the Hellas outskirts. The two of you. Cinder walked ahead. Not fast. But direction was clear. The walk of someone who knew this path. Had walked it before."
"cv_campaign_ch4_s07_l0.mp3","narrator","narration",141,"No words. Two hours walking. That wasn't strange. With Cinder silence was natural. Like the sound of tools. Present but natural as if absent."
"cv_campaign_ch4_s08_l0.mp3","narrator","narration",111,"Zone 12 visible. Abandoned mine. Entrance. Blocked. MCC marking. No entry. But an old marking. Three years old."
"cv_campaign_ch4_s10_l0.mp3","narrator","narration",171,"Into the mine. Dark. Cinder turned on a lamp. Passages. Old. Inside Cinder stopped. Looked at the wall. Put a hand on the wall. Didn't touch the tools. For the first time."
"cv_campaign_ch4_s12_l0.mp3","narrator","narration",171,"Cinder kept looking at the wall. Hand on the wall. Not moving. That was strange. Cinder's hands were always on tools. Hands that touched tools. Now on the wall. Cold wall."
"cv_campaign_ch4_s14_l0.mp3","narrator","narration",158,"Cinder walked along the passage. Inside. Deeper. Lamp lit the way. Walls closer. Passage narrowing. Then blocked. Stopped there. Couldn't tell where that was."
"cv_campaign_ch4_s16_l0.mp3","narrator","narration",198,"Wall blocked. Beyond it something. Where the eleven were. Couldn't reach there. Three years of that. Couldn't tell if Cinder had come here or not. But those footsteps looked like ones walked before."
"cv_campaign_ch4_s18_l0.mp3","narrator","narration",130,"Cinder took out the report. From a pocket. Small. Folded. Many times. Taken out often. Folded often. The names were there. Eleven."
"cv_campaign_ch4_s20_l0.mp3","narrator","narration",221,"Cinder touched her tools. The ones on the belt. The ones that weren't weapons. That was her way. Touching tools settled thoughts. Three years of that. Not repairing tools but touching them. That was Cinder Grace's prayer."
"cv_campaign_ch4_s22_l0.mp3","narrator","narration",188,"Butcher had lost an arm at seventeen. MCC had refused compensation. That and the eleven were the same thing. People whose names disappeared. People erased from records. People MCC deleted."
"cv_campaign_ch4_s24_l0.mp3","narrator","narration",122,"Cinder folded the report again. Many times. Back into the pocket. Touched the tools again. Prayer ended. Thoughts settled."
"cv_campaign_ch4_s26_l0.mp3","narrator","narration",184,"Chose. Cinder looked. Those eyes were new. First time Cinder looked at you for a long time. Usually Cinder looked at tools. Machines. Walls. Didn't look at people long. But now looked."
"cv_campaign_ch4_s28_l0.mp3","narrator","narration",178,"Cinder took out the report again. Unfolded it. Names. Eleven. Read them. Slowly. One by one. Only names. No explanation. No explanation needed. There were names. That was enough."
"cv_campaign_ch4_s29_l0.mp3","narrator","narration",145,"Eleven names. Listened. Tried to remember. Didn't know if all eleven were possible. But listened. That was what Cinder wanted. Someone to listen."
"cv_campaign_ch4_s30_l0.mp3","narrator","narration",159,"Cinder folded the report. Looking at the report there were tears. Not visible. Dark. But there was sound. Heard it. Pretended not to. That was the right thing."
"cv_campaign_ch4_s32_l0.mp3","narrator","narration",158,"Then sound. Outside. Toward the mine entrance. Footsteps. Multiple. MCC security. Not a regular check. Not supposed to come at this time. Something different."
"cv_campaign_ch4_s34_l0.mp3","narrator","narration",183,"Cinder gripped the report. Back into the pocket. Touched the tools. That was a signal. Signal of preparation. Not preparing to fight. Something else. Preparing to flee. Or to protect."
"cv_campaign_ch4_s38_l0.mp3","narrator","narration",214,"Out of the abandoned mine. Cinder came out with the report. What she'd carried for three years. The names were there. Eleven. On Mars a person with a name remained there. Even without a record. Even when abandoned."
"cv_campaign_ch4_s40_l0.mp3","narrator","narration",167,"Cinder touched the tool belt. Habit. Everything was there. Nothing missing. The eleven were gone. But the tools were there. The report was there. The memory was there."
"cv_campaign_ch4_s41_l0.mp3","narrator","narration",174,"MCC security came. Abandoned but there were guards. MCC guarded even abandoned mines. Things to erase there. No report. But it was in Cinder's memory. Memory had no security."
"cv_campaign_ch4_s43_l0.mp3","narrator","narration",148,"Back to base. Butcher was there. Before the fire. Cinder reported. Briefly. Butcher listened. No words. Looked down at the prosthetic. That was all."
"cv_campaign_ch4_s45_l0.mp3","narrator","ending",280,"The sun tilted toward Erebus. Martian sun. Small thing. Distant thing. Cinder checked the tool belt again. Habit. Everything was there. Nothing missing. The eleven were gone. But the tools were there. The report was there. The memory was there. Fire burned. Not warm. But burning."
"cv_campaign_ch5_s_fail_l0.mp3","narrator","narration",172,"MCC sealed the crater. Butcher watched. His hand went back in the coat pocket. Rested on the photo. Same as thirty years ago. The difference was that Cinder was beside him."
"cv_campaign_ch5_s01_l0.mp3","narrator","narration",173,"The outer edge of Kepler Crater. FSP was inside. The day Liang Wei declared. CV watched from outside. That was CV's position. Not inside. That had always been CV's position."
"cv_campaign_ch5_s02_l0.mp3","narrator","narration",197,"Butcher came. That was rare. Butcher leaving the base. Left arm prosthetic. Old mining type. He had a coat. His hand was in the pocket. What was in that pocket was known. A photo. Thirty years old."
"cv_campaign_ch5_s04_l0.mp3","narrator","narration",265,"A sound came from inside the crater. Liang Wei's voice. The declaration. The voice of someone who had waited alone for thirty years. Butcher listened. The hand in the coat pocket didn't move. That was how Butcher paid attention. Didn't take out the photo. Listened."
"cv_campaign_ch5_s06_l0.mp3","narrator","narration",276,"MCC drones were in the sky above. One. Then two. Three. While the declaration proceeded inside the crater the drones multiplied. MCC was waiting. For when to intervene. Butcher looked at the sky. He took his hand from the coat pocket. Didn't take out the photo. Just the hand."
"cv_campaign_ch5_s07_l0.mp3","narrator","narration",195,"The CV scouting team had come here two days ago. From outer Hellas to Kepler. Red plains. Central Mars. Monotonous terrain. But monotonous terrain was easy to hide in. Twelve came. Without sound."
"cv_campaign_ch5_s09_l0.mp3","narrator","narration",224,"Butcher walked first. The scouting team followed. The plains were wide. Wind blew low. Dust flew at ankle height. Kepler Crater was on the horizon. Still small. But Butcher's steps were fast. This person knew this direction."
"cv_campaign_ch5_s10_l0.mp3","narrator","narration",220,"They passed the exterior of Erebus Crater. CV territory boundary. From here it was neutral ground. Land nobody owned. That was the character of central Mars. Lands not yet worth owning. Until the Ancient Metal discovery."
"cv_campaign_ch5_s12_l0.mp3","narrator","narration",207,"Butcher's health was deteriorating. Inside CV it was known. Lungs. Old mine dust. Different from Martian dust. Earth mine dust. Things from thirty years ago remained inside the body. Doing their work slowly."
"cv_campaign_ch5_s13_l0.mp3","narrator","narration",154,"They arrived at Kepler. The sun was tilting. Crater edge. Dust lay low. Couldn't see inside. Only sound. People gathered. Many people. More than expected."
"cv_campaign_ch5_s15_l0.mp3","narrator","narration",189,"People were at the crater edge. Miners. Tool belts. Helmets. Nameless people. Those who lived nameless on Mars had gathered. Come to hear Liang Wei's declaration. They were silent. Waiting."
"cv_campaign_ch5_s17_l0.mp3","narrator","narration",201,"Cinder was watching people. Judging. This person tested. Always. By situation. By people's reactions. Right now these people were being tested. By coming and waiting they were already saying something."
"cv_campaign_ch5_s18_l0.mp3","narrator","narration",169,"Then it was heard. Liang Wei's voice. From inside the crater. Without amplification. Bare voice. But it was heard. The shape of the crater held sound. Everyone heard it."
"cv_campaign_ch5_s20_l0.mp3","narrator","narration",179,"Silence. Then sound. The sound of miners. Not applause. Not words. The sound of helmets being struck. Mine signal. Agreement. That was their way. Learned in the noise of machines."
"cv_campaign_ch5_s22_l0.mp3","narrator","narration",223,"Butcher listened. For a long time. The hand in the coat pocket moved. Touching the photo. Didn't take it out. Just touched. There had been a declaration thirty years ago. Back then it was different. No miners. No witnesses."
"cv_campaign_ch5_s24_l0.mp3","narrator","narration",230,"An MCC drone descended. One of them. From observation altitude to approach altitude. That was a signal. MCC was going to intervene. The miners saw it. The drone. The sound diminished. The helmet-striking stopped. But nobody moved."
"cv_campaign_ch5_s26_l0.mp3","narrator","narration",218,"It was also possible to sell to MCC. This information. Liang Wei's location. The content of the data. CV was neutral. Still. That could have a price. Cinder seemed to know that thought. She touched her tools. Checking."
"cv_campaign_ch5_s28_l0.mp3","narrator","narration",252,"Butcher looked. At the miners. Those who had struck their helmets. Nameless people. Different from the people in the thirty-year-old photo. Different but the same. Things at the same place for the same reason. He took out the photo. For the first time."
"cv_campaign_ch5_s30_l0.mp3","narrator","narration",261,"There was a decision. Cinder reacted. She moved her tools. Butcher looked at the photo. For a long time. Then put it back in the pocket. Putting it back was different from taking it out. Thirty years ago there had been no reason to take it out. Today there was."
"cv_campaign_ch5_s31_l0.mp3","narrator","narration",173,"The battle ended. The drones retreated. Or were gone. That was today's outcome. The miners were still there. Nameless people. Standing holding helmets. Facing Kepler Crater."
"cv_campaign_ch5_s33_l0.mp3","narrator","narration",221,"Butcher took out the photo. Again. Second time. Twice in thirty years. Today. Looked at the miners. Looked at the photo. Looked at the miners again. The people in the photo and the people outside. Different. But the same."
"cv_campaign_ch5_s35_l0.mp3","narrator","narration",164,"The sun had completely tilted. Kepler was red. People began to scatter. Miners. Each in their own direction. Didn't stay long. Came. Watched. Left. That was enough."
"cv_campaign_ch5_s36_l0.mp3","narrator","narration",197,"Cinder looked at Kepler. The crater. Deep and dark. Ancient Metal inside. Extraterrestrial origin. Belonging to Mars. That was now declared. A declaration couldn't be undone. Whatever MCC might do."
"cv_campaign_ch5_s38_l0.mp3","narrator","narration",172,"Butcher heard it. Cinder's words. No reaction. That was the reaction. This person did nothing when he agreed. Doing nothing was agreement. An old way. Learned in the mines."
"cv_campaign_ch5_s39_l0.mp3","narrator","narration",201,"MCC was still far. The drones had retreated. But hadn't disappeared. They would come tomorrow. More of them. That was known. But today CV was at the edge of Kepler. The Sandstone Promise had been here."
"cv_campaign_ch5_s40_l0.mp3","narrator","ending",462,"Kepler turned red. Butcher took his hand from the coat pocket. Not the photo. Just the hand. Cinder watched that hand. The hand that didn't meet the prosthetic. The right hand. The people in the thirty-year-old photo would still be there. Only in the photo. But today they were also here at the edge of Kepler. Because of the declaration.  Cinder saw FSP differently for the first time. That was what happened today. That was what the Sandstone Promise had done."
"cv_campaign_ch6_s_ending_l0.mp3","narrator","ending",312,"The room was quiet. Cinder's tool sounds were heard. From somewhere. Somewhere in the base. That was proof the base was alive. Butcher looked at the photo. With his right hand. The thirty-year-old thing. Names were there. Photos with names didn't disappear easily. He knew that. Had known since he was seventeen."
"cv_campaign_ch6_s_fail_l0.mp3","narrator","narration",233,"The battle ended. Couldn't get the records. Butcher sat in the chair. Mining chair. Old thing. He was holding the photo. Not flipped. The names were on the side you couldn't see. But they were there. Not gone. Memory was still there."
"cv_campaign_ch6_s01_l0.mp3","narrator","narration",218,"The deepest part of the Erebus base. Called the throne hall. Butcher liked that name. There was no throne. There was one chair. An old one. A mining chair. Taken from an MCC mine. Thirty years ago. That was the throne."
"cv_campaign_ch6_s02_l0.mp3","narrator","narration",223,"Butcher was sitting there. Holding the photo. First time seeing it. Outside the pocket. Black and white. Old. Thirty years. There were people. Several. Miners. One of them looked like Butcher. Young. Seemed about seventeen."
"cv_campaign_ch6_s04_l0.mp3","narrator","narration",278,"The left arm. Prosthetic. Old mining type. Made by himself when MCC refused injury compensation. At seventeen. Thirty years since then. The same hand that made the prosthetic was now holding the photo. The right hand. Not trembling. No one had ever seen this man's hand tremble."
"cv_campaign_ch6_s06_l0.mp3","narrator","narration",247,"Flashback. The tunnel. Thirty years ago. Dark. Two hundred meters underground on Mars. Ore dust. Narrow passage. Several people working. Sounds were heard. Metal sounds. Ground sounds. That was the sound of a living tunnel. Miners knew that sound."
"cv_campaign_ch6_s07_l0.mp3","narrator","narration",222,"Third day of the strike. MCC cut the water. Reduced oxygen rations. The miners held. Seventeen-year-old Butcher held. There were names. Each person's name. Written in chalk on the tunnel wall. Recording who had been there."
"cv_campaign_ch6_s09_l0.mp3","narrator","narration",272,"Flashback. The morning after the accident. Tunnel entrance. MCC managers were there. Documents. Death processing. Quick paperwork. Official stamp. A manager showed the stamp to the seventeen-year-old. You're alive so sign here, he said. The seventeen-year-old didn't sign."
"cv_campaign_ch6_s11_l0.mp3","narrator","narration",195,"Cinder was behind. Tool belt. No sounds. When this person didn't touch her tools. When there was no tool sound. She was waiting for something. In this room two people were waiting. For an answer."
"cv_campaign_ch6_s13_l0.mp3","narrator","narration",219,"Two people. Two identical stories. Different times. Different tunnels. Same company. Same method. Thirty years between them. But the stories were the same. That was something about Mars. There were things that repeated."
"cv_campaign_ch6_s15_l0.mp3","narrator","narration",187,"Erebus crater. Night. The base lights reflected off the crater walls. Down there was Mars. MCC's Mars. FSP's Mars. And the Mars of names. The third was widest. Not on any map. But widest."
"cv_campaign_ch6_s17_l0.mp3","narrator","narration",217,"Cinder touched her tools. Sound came. Small. But heard. In this room even small sounds were heard. The room was built that way. A room Butcher had built. A room with a mining chair. A room where every sound was heard."
"cv_campaign_ch6_s19_l0.mp3","narrator","narration",184,"A question. The first question. The first reason. Remembering it. That was the test. Butcher's test. Memory. Remembering names. Remembering the first reason. Those were the same thing."
"cv_campaign_ch6_s21_l0.mp3","narrator","narration",209,"Butcher flipped the photo. Names were there. Small writing. Many names. Thirty years old. Between the names there were gaps. Still space to write. Whether that was intentional was unknown. But there were gaps."
"cv_campaign_ch6_s23_l0.mp3","narrator","narration",169,"That was it. CV's way. Bringing a name. Remembering. Rewriting lost things. On Mars memory was power. As long as there were people who remembered names didn't disappear."
"cv_campaign_ch6_s25_l0.mp3","narrator","narration",232,"A name. That was the question. The first reason. Remembering. On Mars names disappeared easily. MCC deleted and they were gone. Gone from the records. Disappearing from memory was slower. As long as there were people who remembered."
"cv_campaign_ch6_s27_l0.mp3","narrator","narration",197,"The crater was quiet. Erebus. A volcano. A long-dead volcano. But inside was a base. Fires burned. People were there. A dead volcano holding living things. That may be why Butcher chose this place."
"cv_campaign_ch6_s29_l0.mp3","narrator","narration",195,"A mission. A mission to protect names. MCC archives. Zone 12 records. Cinder knew the route. She had worked there before. That memory remained. Memory became the path. That was also memory's way."
"cv_campaign_ch6_s31_l0.mp3","narrator","narration",230,"Butcher put the photo in his pocket. Slowly. With the right hand. Not the prosthetic. That was unusual. This person always picked up the photo with the prosthetic. Today was different. The reason was unknown. But it was different."
"cv_campaign_ch6_s33_l0.mp3","narrator","narration",245,"This was the test. Butcher's thirty years were here. The names were on the back of the photo. Cinder was listening. The air in this room was old. The smell of a mining chair. The smell of earth. Old things. They were all here with this question."
"cv_campaign_ch6_s34_l0.mp3","narrator","narration",212,"Cinder picked up her tools. That was the signal to move. When this person picked up tools work began. Thirty years ago this person wasn't here. But tonight she was. That was the difference. Tonight was not alone."
"cv_campaign_ch7_s_ending_l0.mp3","narrator","ending",251,"Night deepened. Erebus base. Fires burned. Barrel fires. Butcher sat by the fire. The photo was in his pocket. Not taken out. Cinder touched her tools without sound. That was how this base existed tonight. Fire. People. Tools. Things that were enough."
"cv_campaign_ch7_s_fail_l0.mp3","narrator","narration",216,"CV split in two. Crow's side. Reza's side. Cinder was neither. Only tool sounds were heard. From somewhere. Butcher looked down at the prosthetic. There had been no division thirty years ago. Because no one survived."
"cv_campaign_ch7_s01_l0.mp3","narrator","narration",206,"Butcher collapsed. In the base. Alone. Cinder found him. The prosthetic had fallen off. That was something never seen before. Butcher without the prosthetic. Worn since he was seventeen. It had fallen away."
"cv_campaign_ch7_s02_l0.mp3","narrator","narration",203,"Medical came. Lung problem. Mars lung problems. Ore dust. Thirty years. What began in the mines appeared thirty years later. Butcher had been outside the mines for thirty years. But the lungs remembered."
"cv_campaign_ch7_s04_l0.mp3","narrator","narration",224,"Six months. That word spread through the base. Talk circulated in CV. Butcher's health. Who was next. CV had no official succession. No contracts. Only the code. The fifth code was made by each person. So each was different."
"cv_campaign_ch7_s06_l0.mp3","narrator","narration",242,"Cinder reached for her tools. Stopped. Didn't touch them. That was strange. This person reaching for tools and stopping. When there was work she always touched them. There was work now. But she didn't touch them. The meaning was hard to know."
"cv_campaign_ch7_s08_l0.mp3","narrator","narration",208,"Butcher's room. Throne hall. Mining chair. He came in. He walked as if he had never collapsed. He walked as if he had not heard the word six months. But slow. Slower than before. That was the only difference."
"cv_campaign_ch7_s10_l0.mp3","narrator","narration",246,"The room went quiet. Crow stepped back. Cinder didn't touch her tools. Butcher sat in the mining chair. Slowly. That was the first slow thing shown today. People pretended not to notice. Something had appeared in this room that shouldn't be seen."
"cv_campaign_ch7_s12_l0.mp3","narrator","narration",186,"Sounds from outside the crater. Vehicles. CV people gathered. Crow's people and Reza's people stood apart. There was an invisible line. Nobody had crossed it yet. But the line was there."
"cv_campaign_ch7_s14_l0.mp3","narrator","narration",224,"Reza. Reza Karimi. CV western sector commander. Ten years in CV. Same age as Crow. Raised in the same canyon. But a different person. Crow was tactics. Reza was territory. Taking the western passage of Erebus. That was Reza."
"cv_campaign_ch7_s16_l0.mp3","narrator","narration",198,"Cinder picked up her tools. This time she didn't stop. She picked them up. That was a decision. In her way. Picking up tools. Not words but action. If CV survived it would be because of tool sounds."
"cv_campaign_ch7_s18_l0.mp3","narrator","narration",222,"Reza's people were in the western passage. Armed. Crow's people held the east in standoff. There was a line. No shots yet. But the line was narrowing. Three hours, Crow had said. But in reality it wasn't three hours. Less."
"cv_campaign_ch7_s20_l0.mp3","narrator","narration",201,"In Butcher's name. The weight of that name was known. Thirty years. A man who remembered names. A man who became a name. Going out in Butcher's name. That was the heaviest thing in this base right now."
"cv_campaign_ch7_s22_l0.mp3","narrator","narration",247,"Western passage entrance. Reza was there. Alone. For negotiations coming out alone was the rule. CV's rule. Reza knew the rule. That was someone ten years in CV. Knowing the rules and breaking them was different from knowing them and keeping them."
"cv_campaign_ch7_s24_l0.mp3","narrator","narration",260,"Butcher heard. The report was delivered. He took out the photo. For the first time. During negotiations. Taking out the photo during work was a first. He looked at the back. Looked at the names. Thirty-year-old ones. Newly added ones. Zone 12. They were there."
"cv_campaign_ch7_s26_l0.mp3","narrator","narration",193,"Reza gave no answer. There was movement in the western passage. Crow's people tensed. Cinder was at the southern bypass. Alone. With her tools. Preparing the bypass. Silently. Only tool sounds."
"cv_campaign_ch7_s28_l0.mp3","narrator","narration",201,"Factions were forming. Crow's side. Reza's side. Cinder was neither. She picked up her tools. That was Cinder's answer. Being neither was the hardest thing. On Mars neutrality meant making two enemies."
"cv_campaign_ch7_s30_l0.mp3","narrator","narration",223,"Sound from outside the crater. MCC vehicles. External intelligence. MCC was approaching the outskirts of the CV base. MCC had sensed the faction conflict. Waited. Now moving. Internal fighting had called an external threat."
"cv_campaign_ch7_s32_l0.mp3","narrator","narration",204,"Butcher stood. From the mining chair. Slowly. Like someone who had heard the words six months. But he stood. That was this man. He had stood like that for thirty years. That was the reason for being here."
"cv_campaign_ch7_s34_l0.mp3","narrator","narration",155,"Reza moved. To the west. That was the answer. No words. But he moved. Butcher's name still worked in this base. Six months remained. That was still enough."
"cv_campaign_ch8_s_ending_l0.mp3","narrator","ending",262,"Night. The plains were dark. Not darker than the canyon. Crow said it. The canyon was darker. Cinder touched her tools. Sound came. That was the music of this night. Butcher sat by the fire. Didn't take out the photo. Put his hand in the pocket. That was enough."
"cv_campaign_ch8_s_fail_l0.mp3","narrator","narration",217,"The gamble failed. CV scattered on the Argyre Plains. In the plains with nowhere to hide. But Butcher was still there. Coat. Pocket. Photo. As long as those were there CV could start again. As it had thirty years ago."
"cv_campaign_ch8_s01_l0.mp3","narrator","narration",250,"Argyre Plains. The largest basin on Mars. There CV gathered. Scattered things came together. Crow's group. Reza's group. Those with Cinder. And Butcher. They said six months but he was still there. On Mars six months was short but could be made long."
"cv_campaign_ch8_s02_l0.mp3","narrator","narration",267,"MCC and FSP went to the Olympus meeting. Two of three factions were at the table. A table without CV. CV was always outside the table. This time had to be different. Otherwise what was decided at the table came down to CV. That was what had happened thirty years ago."
"cv_campaign_ch8_s04_l0.mp3","narrator","narration",203,"Butcher was wearing the coat. Hand in the pocket. On the photo. That was what he did before battle. For thirty years. Touching the names. Without speaking. With the hand. That was this man's preparation."
"cv_campaign_ch8_s06_l0.mp3","narrator","narration",229,"Crow looked at the Argyre Plains. Wide. One of the widest places on Mars. For someone raised in canyons plains were different. Battle in open ground was different. Nowhere to hide. That was what CV was choosing today. Not hiding."
"cv_campaign_ch8_s08_l0.mp3","narrator","narration",226,"It was a succession conversation. In this room. In the room with the mining chair. First time for this. Thirty years without it once. Butcher had always seemed like he would be here. Until six months ago. Now it was different."
"cv_campaign_ch8_s10_l0.mp3","narrator","narration",204,"Crow said it. His own weakness. In this room. Before Butcher. Whether it was courage or strategy was unclear. But he said it. In this room lying was meaningless. It was Butcher's room. He knew everything."
"cv_campaign_ch8_s12_l0.mp3","narrator","narration",178,"Cinder's fear. Forgetting the names. That was the most honest thing in this room. Butcher heard it. Hand on the photo. Inside the pocket. Touching it. The names. While listening."
"cv_campaign_ch8_s14_l0.mp3","narrator","narration",233,"Communication from MCC. Sudden. They were going to exploit CV's internal conflict. Olympus talks were ongoing. A table without CV. MCC was trying to build an agreement without CV. An agreement dividing CV territory. Including Erebus."
"cv_campaign_ch8_s16_l0.mp3","narrator","narration",235,"Butcher took out the photo. Flipped it. Looked at the names. Thirty-year-old ones. Zone 12. The ones in between. He placed it on the table. First time. The photo on the table. Both hands on the table. The prosthetic and the right hand."
"cv_campaign_ch8_s18_l0.mp3","narrator","narration",235,"CV gathered. On the Argyre Plains. There had been a crisis of division. But after Butcher placed the photo on the table things changed. Crow and Reza looked in the same direction. First time. Because of the photo. Because of the names."
"cv_campaign_ch8_s20_l0.mp3","narrator","narration",149,"The succession decision. Butcher didn't delay. Today could be the last chance. Had to be decided before Olympus. Who leads CV. Who carries the names."
"cv_campaign_ch8_s22_l0.mp3","narrator","narration",213,"A question. The last test. The names were on the table. The photo. Cinder touched her tools. Crow looked out the window. The Argyre Plains were beyond the window. Wide. Nowhere to hide. This question was the same."
"cv_campaign_ch8_s24_l0.mp3","narrator","narration",202,"Communication from FSP. They confirmed there was no seat for CV at the Olympus talks. FSP would accept MCC's proposal, they said. Dividing CV territory. Including Erebus. No time. A decision was needed."
"cv_campaign_ch8_s26_l0.mp3","narrator","narration",200,"Communications relay. Southern foot of Olympus. Cinder knew it. She was an engineer. A person with tools. Someone who could block it. But that could be the start of war. War with MCC. CV was gambling."
"cv_campaign_ch8_s28_l0.mp3","narrator","narration",176,"CV was on the Argyre Plains. Wide. Nowhere to hide. In the widest place on Mars CV was making a decision. That was the meaning of this moment. Not hiding. Deciding in the open."
"cv_campaign_ch8_s30_l0.mp3","narrator","narration",205,"External threat arrived. MCC advance team. Northern Argyre Plains. They came. They knew about CV's gathering. Intelligence was leaking. From inside. Another sign of division. From somewhere in Reza's side."
"cv_campaign_ch8_s32_l0.mp3","narrator","narration",217,"Cinder picked up her tools. Crow moved. Two people who were on the verge of splitting moved together. The names made that possible. The photo was on the table. Carried from Erebus to here. Taken from Butcher's pocket."
"cv_campaign_ch8_s34_l0.mp3","narrator","narration",261,"Butcher looked at the plains. Wide. Wider than the canyon. Wider than Erebus. This man had lived thirty years in narrow places. Canyon. Tunnel. Erebus. For the first time he was in a wide place. Whether that was good or bad couldn't be read from his expression."
"cv_campaign_ch9_s_ending_l0.mp3","narrator","ending",229,"Descending from Olympus Cinder checked her tools one by one. A habit. All there. Nothing missing. Like the names of Zone 12 not missing. Memory lasted longer than tools. That was known. But it was good for tools to last long too."
"cv_campaign_ch9_s_fail_l0.mp3","narrator","narration",189,"No table. Three factions went their ways. Cinder descended. No tool sounds. The way down Olympus. The names were in memory. Even without a document. There was memory. That didn't disappear."
"cv_campaign_ch9_s_success_l0.mp3","narrator","narration",293,"Names appeared on the table. Zone 12. Eleven people. For the first time these names were in a document. With the signatures of all three factions. Cinder touched her tools. Sound came. On Olympus. At the highest point in the solar system. Tool sounds. That was the signature of this agreement."
"cv_campaign_ch9_s01_l0.mp3","narrator","narration",271,"Olympus Mons. Cinder Grace had ascended. With her tool belt on. Nobody had likely ever climbed this mountain with a tool belt. But that was Cinder's way. Tools had to always be present. Even on Olympus. Something might need repairing. Or even if not they had to be there."
"cv_campaign_ch9_s02_l0.mp3","narrator","narration",229,"Olympus Mons. The highest mountain in the solar system. Summit pressure 0.07 percent of Earth's. Without a mask ten seconds. That made it a meeting place. A place no one could stay long. That was the fair condition. For everyone."
"cv_campaign_ch9_s03_l0.mp3","narrator","narration",201,"She had been MCC. Six years. Then CV. Three years. Between them was Zone 12. Eleven people. Names. Names not on MCC's table or FSP's table. She came to this mountain carrying those. With the tool belt."
"cv_campaign_ch9_s05_l0.mp3","narrator","narration",172,"Chen Weiss held her tea. Didn't drink it. Rev. Hale seemed to be preparing to pray. Looked like preparation. Cinder touched her tools. Three people. Three ways. Three Mars."
"cv_campaign_ch9_s07_l0.mp3","narrator","narration",198,"A chair had been empty. From the start. Chen had left it empty. That meant she knew. That CV would come. Or that someone would. Everything in this room was what Chen had prepared. Including the tea."
"cv_campaign_ch9_s09_l0.mp3","narrator","narration",256,"Cinder took out the photo. Black and white. Thirty years old. Flipped it. Names were there. She placed the names on the table. Next to documents. Next to the draft agreement. Next to what MCC had prepared. Those things and the photo were on the same table."
"cv_campaign_ch9_s11_l0.mp3","narrator","narration",260,"Chen set down her tea. On the table. The undrunk thing. Rev. Hale said something. Names. Kim Yong-jin. Mariam. Zone 12. Eleven people. Cinder heard. Hearing the Zone 12 names from outside was the first time. How this person knew. Prayer sometimes called names."
"cv_campaign_ch9_s13_l0.mp3","narrator","narration",174,"Chen knew. Everything. MCC recorded. The records reached this room. That was Chen. All records went to her. Zone 12 too. She knew. And today she left this seat empty. For CV."
"cv_campaign_ch9_s16_l0.mp3","narrator","narration",199,"Cinder touched her tools. Sound came. In this room. At the summit of Olympus. Tool sounds. Chen picked up her tea. Didn't drink it. Rev. Hale closed his eyes. Prayer. Or thought. Hard to distinguish."
"cv_campaign_ch9_s18_l0.mp3","narrator","narration",189,"Pilgrim Arms. Mars's independent mercenary organization. Belonged to no faction. But moved when someone hired them. Four were on Olympus. Since this morning. Chen knew. That meant MCC knew."
"cv_campaign_ch9_s20_l0.mp3","narrator","narration",241,"Chen had mentioned the MCC board interior possibility. In this room. She had spoken of the inside of her own organization. That was a dangerous statement. Or a calculated one. Whether Chen's statements had ever been uncalculated was unknown."
"cv_campaign_ch9_s22_l0.mp3","narrator","narration",203,"Cinder picked up her tools. At the summit of Olympus. At the highest point in the solar system. Moving with tools. That was this person. Always. For the names. For Zone 12. And for the people here today."
"cv_campaign_ch9_s24_l0.mp3","narrator","narration",306,"Chen unlocked the Zone 12 records. As of today. What that meant. Something she had held for twenty-two years. Something locked away for twenty-two years. Her parents were in there. Chen's. Miners who died at Zone 12. She opened it today. In this place. Before Cinder. She didn't say why. But she opened it."
"cv_campaign_ch9_s26_l0.mp3","narrator","narration",207,"Pilgrim Arms four moved. The eastern two were approaching along the base's outer wall. Cinder went out. With tools. The western two were blocked by Rev. Hale's security. Chen and player remained in the room."
"cv_campaign_ch9_s28_l0.mp3","narrator","narration",212,"The names were on the table. On the back of the photo. Black and white. Thirty years old. Zone 12. That was the reason for this meeting. Ahead of the draft agreement. Ahead of MCC documents. The names came first."
"cv_campaign_ch9_s30_l0.mp3","narrator","narration",193,"Chen was the target. Pilgrim Arms was after Chen. Who hired them was unknown. MCC board interior. Or elsewhere. Chen may have known. But she wasn't surprised. She held her tea. Didn't drink it."
"cv_campaign_ch9_s32_l0.mp3","narrator","narration",175,"Cinder touched her tools. Sound came. In this room. At Olympus. An answer. Not in words but in sound. Tool sound. That was Cinder's way. That was the answer to this situation."
"cv_campaign_ch9_s33_l0.mp3","narrator","narration",56,"Cinder went out. With tools. To cut east communications."
"cv_campaign_ch9_s33_l1.mp3","narrator","narration",46,"Only Chen and the player remained in the room."
"cv_campaign_ch9_s33_l2.mp3","narrator","narration",30,"Sound from outside. Footsteps."
"cv_campaign_ch9_s33_l3.mp3","narrator","narration",24,"Fast ones. Pilgrim Arms."
"cv_campaign_ch9_s35_l0.mp3","narrator","narration",25,"Tool sounds from outside."
"cv_campaign_ch9_s35_l1.mp3","narrator","narration",53,"On Olympus. At the highest point in the solar system."
"cv_campaign_ch9_s35_l2.mp3","narrator","narration",12,"Tool sounds."
"cv_campaign_ch9_s35_l3.mp3","narrator","narration",24,"Then fast sounds. Twice."
"cv_campaign_ch9_s35_l4.mp3","narrator","narration",11,"Then quiet."
"cv_campaign_ch9_s37_l0.mp3","narrator","narration",34,"People gathered in the room again."
"cv_campaign_ch9_s37_l1.mp3","narrator","narration",48,"Rev. Hale. Chen Weiss. Cinder Grace. The player."
"cv_campaign_ch9_s37_l2.mp3","narrator","narration",55,"The photo was on the table. The one with Zone 12 names."
"cv_campaign_ch9_s37_l3.mp3","narrator","narration",36,"The draft agreement paper was there."
"cv_campaign_ch9_s37_l4.mp3","narrator","narration",40,"Cinder's tools were at the table's edge."
"cv_campaign_ch9_s37_l5.mp3","narrator","narration",33,"This table was the Olympus table."
"cv_campaign_ch9_s39_l0.mp3","narrator","narration",25,"Cinder touched her tools."
"cv_campaign_ch9_s39_l1.mp3","narrator","narration",23,"Sound came. On Olympus."
"cv_campaign_ch9_s39_l2.mp3","narrator","narration",27,"Rev. Hale heard that sound."
"cv_campaign_ch9_s39_l3.mp3","narrator","narration",44,"Chen drank the tea. First time in this room."
"cv_campaign_ch9_s39_l4.mp3","narrator","narration",21,"That meant something."
"cv_campaign_ch9_s41_l0.mp3","narrator","narration",26,"The agreement was written."
"cv_campaign_ch9_s41_l1.mp3","narrator","narration",42,"Clauses from three factions were included."
"cv_campaign_ch9_s41_l2.mp3","narrator","narration",73,"Zone 12 names were included. For the first time. In an official document."
"cv_campaign_ch9_s41_l3.mp3","narrator","narration",48,"A Talon Group investigation clause was included."
"cv_campaign_ch9_s41_l4.mp3","narrator","narration",32,"There were four signature lines."
"cv_campaign_ch9_s41_l5.mp3","narrator","narration",44,"Three faction representatives. And one more."
"cv_campaign_ch9_s43_l0.mp3","narrator","narration",25,"Cinder picked up the pen."
"cv_campaign_ch9_s43_l1.mp3","narrator","narration",40,"Not something from the tool belt. A pen."
"cv_campaign_ch9_s43_l2.mp3","narrator","narration",34,"She signed. As a Zone 12 survivor."
"cv_campaign_ch9_s43_l3.mp3","narrator","narration",41,"Tool sound came. As she put down the pen."
"cv_campaign_ch9_s43_l4.mp3","narrator","narration",17,"That was her way."
"cv_prologue_s01_l0.mp3","narrator","narration",189,"Hellas Central. Largest settlement in the southern hemisphere. Population four thousand. Half were miners. The rest lived off those miners. There was law. MCC had made it. That was the law."
"cv_prologue_s02_l0.mp3","narrator","narration",204,"There was a rumor. Something south. It had a name. CV. Crimson Warlords. Everyone who mentioned it said something different. Some called them raiders. Some called them survivors. Some said nothing at all."
"cv_prologue_s03_l0.mp3","narrator","narration",179,"You had been in this bar for two days. You planned to stay until the money ran out. When the money was gone you'd think about what came next. That was how you had lived until now."
"cv_prologue_s05_l0.mp3","narrator","narration",127,"That stuck. Dead or staying. Maybe no difference. But if there was a difference — couldn't tell if staying was worse or better."
"cv_prologue_s06_l0.mp3","narrator","narration",188,"There was a man in the corner. Scars on his hands. Not a miner's hands. Different scars. His eyes met yours first. He didn't look away. That was strange. No one in this bar held your gaze."
"cv_prologue_s08_l0.mp3","narrator","narration",167,"The man said nothing more. Drank his drink. When the glass was empty he stood. Left without looking back. His steps were quiet. Not the walk of someone from this city."
"cv_prologue_s09_l0.mp3","narrator","narration",163,"Next morning. You were walking south. Didn't know why. Just walking as if there was a reason. The south of Mars was colder. The ground was redder. The air thinner."
"cv_prologue_s10_l0.mp3","narrator","narration",112,"No map. Only direction. South. Only rumor. Erebus. Only a name. Crater. That was all. That was how you got here."
"cv_prologue_s11_l0.mp3","narrator","narration",212,"Hellas Central disappeared from view. Only plains remained. Vast. Empty of people. On Mars empty places were dangerous. No help. But nothing to harm you either. That was the difference between danger and freedom."
"cv_prologue_s12_l0.mp3","narrator","narration",140,"Three hours walking. Not hungry. Cold. Day on Mars was minus thirty degrees. Night approached minus one hundred. You knew that. Didn't stop."
"cv_prologue_s13_l0.mp3","narrator","narration",256,"The sun tilted. The Martian sunset was different. Blue. Earth sunsets were red. Martian sunsets were blue. Those who knew that said it felt strange the first time they saw it. Now it felt natural to you. Couldn't tell if you had changed or adapted to Mars."
"cv_prologue_s14_l0.mp3","narrator","narration",170,"Sound from behind. Footsteps. More than one. Stopped. Didn't turn around. Nowhere to run. No reason to fight. Just waited. That was all there was to do in this situation."
"cv_prologue_s16_l0.mp3","narrator","narration",222,"Two of them. Armed. Faces covered. Only eyes visible. Those eyes studied you for a long time. Top to bottom. Bottom to top. Couldn't tell what they were looking for. Whether you were dangerous. Useful. Or should disappear."
"cv_prologue_s18_l0.mp3","narrator","narration",144,"The two looked at each other. Said nothing. But something was decided. You could see it. In faces where only eyes were visible. Eyes that spoke."
"cv_prologue_s20_l0.mp3","narrator","narration",199,"The blindfold went on. Light disappeared. Only sounds remained. Wind. Footsteps. The two and your own. No way to tell direction. No way to know where. But you walked. That was what could be done now."
"cv_prologue_s21_l0.mp3","narrator","narration",157,"Didn't know how long. Felt the terrain change through the feet. From flat to slope. Downward. A sense of deepening. Descending into a crater. You could tell."
"cv_prologue_s22_l0.mp3","narrator","narration",151,"The air changed. Colder. But no wind. Inside the crater. Walls blocked the wind. Sound changed. Echo. Deep place. Firelight felt through the blindfold."
"cv_prologue_s23_l0.mp3","narrator","narration",162,"Stopped. Footsteps stopped. Blindfold removed. Eyes took time to adjust. Firelight. A large fire. Burning at the crater floor. People. Many of them. All watching."
"cv_prologue_s24_l0.mp3","narrator","narration",124,"No one spoke. That was strange. A place where someone arriving brought no words. But not dangerous. Not yet. You could tell."
"cv_prologue_s25_l0.mp3","narrator","narration",151,"A man sat before the fire. Large and heavy. A prosthetic. Left arm. Old mining-grade. He lifted his eyes from the fire. Looked at you. For a long time."
"cv_prologue_s27_l0.mp3","narrator","narration",180,"That was all. No welcome. No warning. The fire just burned. People went about their work. You stood before the fire. Not warm. Fire burning but not warm. Minus one hundred degrees."
"cv_prologue_s28_l0.mp3","narrator","narration",160,"This was CV. Fire was here. Burning. But not warm. That was this place. Didn't take long to understand. Already knew it. Maybe that was why you'd come this far."
"cv_prologue_s29_l0.mp3","narrator","narration",156,"Butcher Vasquez looked back at the fire. The conversation was over. Or it had never begun. Someone else appeared. A woman. Tool belt on her arm. Sharp eyes."
"cv_prologue_s31_l0.mp3","narrator","narration",137,"Cinder Grace turned away. Touched her tools. The ones on the belt. A habit. You stayed before the fire. It burned. Not warm. But burning."
"cv_prologue_s32_l0.mp3","narrator","narration",170,"Looked around. People. Each with their own wounds. People whose names you didn't know. But people in the same place. People around a fire. Around a fire that wasn't warm."
"cv_prologue_s33_l0.mp3","narrator","narration",182,"Night was coming. The sky above the crater darkened. Stars came out. Martian stars. Same stars as seen from Earth but different stars. Stars seen from here. That made them different."
"cv_prologue_s34_l0.mp3","narrator","narration",175,"Someone handed over a blanket. No words. Didn't know their name. Just handed it over. You took it. That was the first exchange here. Something done without words. That was CV."
"cv_prologue_s35_l0.mp3","narrator","ending",216,"Fire burned. Not warm. But a fire that had not gone out in thirty years. You were here. The first night. Couldn't tell if this was a choice or a discovery. Maybe this was a place where those two things were the same."
"fsp_campaign_ch1_s_ending_l0.mp3","narrator","ending",350,"The tea had gone cold. Mikhail looked at the two cups. One was empty. The other was untouched. The person hadn't drunk it. Had held it and set it down.  Mikhail didn't find this strange. People who came to Mars came in their own ways. What mattered was that the cup had been accepted. With both hands.  And forty-nine were outside. That mattered too."
"fsp_campaign_ch1_s01_l0.mp3","narrator","narration",267,"Hellas Basin. FSP headquarters. Morning. Mikhail Anders didn't look at the window. He knew Mars was on the other side. Knowing was enough. He boiled water for tea. Two cups. Two cups if a guest came and two cups if he was alone. It had been that way for thirty years."
"fsp_campaign_ch1_s02_l0.mp3","narrator","narration",246,"The water boiled. He waited. No hurry. This wasn't only true of tea. It had been true when he was a miner too. His right leg ached. It always did when he sat. The mine accident. The leg remembered it. He could forget other things. The leg didn't."
"fsp_campaign_ch1_s03_l0.mp3","narrator","narration",213,"He poured the tea. With both hands. His right hand cradled his left. It was a thirty-year habit. He couldn't remember which miner had taught him. But he remembered the two hands. The cups filled. Both cups filled."
"fsp_campaign_ch1_s04_l0.mp3","narrator","narration",250,"The door opened. Cold air came in. A person came in behind it. Carrying a small bag. Rough hands. Miner's hands, but not a miner. This was the one Amara had recommended. Why this person had come to Mars wasn't asked. What mattered was being here now."
"fsp_campaign_ch1_s06_l0.mp3","narrator","narration",204,"The person took the tea. Held the cup in both hands. Didn't drink. Just held it. Mikhail saw this. Said nothing. There were people who took tea and didn't drink it. That was their way. That too was a way."
"fsp_campaign_ch1_s07_l0.mp3","narrator","narration",212,"Mikhail said. Amara contacted me yesterday. Fifty-five miners north of Hellas. There was an accident. MCC sealed the site. Nobody knows if the miners are inside or out.  Get inside. Confirm survivors. That's all."
"fsp_campaign_ch1_s08_l0.mp3","narrator","narration",206,"The person still hadn't drunk the tea. Still holding the cup. Mikhail looked at it for a moment. The tea was cooling. Tea always cooled fast. On Mars everything cooled fast. Warmth was something to protect."
"fsp_campaign_ch1_s10_l0.mp3","narrator","narration",207,"Lena had a tattoo on her left arm. Names. Family names. Mikhail saw those names every time. He always had the same thought when he did. How many of them were still alive. He had never said the thought aloud."
"fsp_campaign_ch1_s12_l0.mp3","narrator","narration",175,"A map was spread. Northern Hellas. Mine sector. MCC perimeter marked. Three entry routes. Two of them guarded. The third was clear. There would be a reason for it being clear."
"fsp_campaign_ch1_s13_l0.mp3","narrator","narration",193,"Mikhail pointed at the map. With both hands. The right supporting the left. The same way as when pouring tea. A person whose way of handling important things was the same. Whether a map or tea."
"fsp_campaign_ch1_s15_l0.mp3","narrator","narration",189,"Preparations were made inside the FSP base. Equipment. Communicator. Medical kit. Lena checked them. Quickly. That was her way. Fast but missing nothing. That was the way of surviving long."
"fsp_campaign_ch1_s17_l0.mp3","narrator","narration",178,"Amara was still for a moment. No words. Then she nodded. That was her way. A political person accepted a valid counter. If there was a better way they took it. That was politics."
"fsp_campaign_ch1_s19_l0.mp3","narrator","narration",184,"Heading north. Martian surface. Red. Wind. Sand flew low. Ahead the MCC perimeter was visible. Signs. Warning lights. One drone in the sky. Quiet. Quiet was the more frightening thing."
"fsp_campaign_ch1_s20_l0.mp3","narrator","narration",181,"The guards watched. Two came forward. MCC standard security suits. Helmets. Communicators. They didn't speak. They stood. That was speech. Don't come here. Or say where you're from."
"fsp_campaign_ch1_s21_l0.mp3","narrator","narration",120,"Lena stepped forward. The fast person. The arm tattoo was visible. The names swayed. That was all. That might be enough."
"fsp_campaign_ch1_s22_l0.mp3","narrator","narration",214,"There was exchange with MCC guards. Words and wordlessness. Together that was negotiation. On Mars negotiation was like that. More than words the posture. More than posture the eyes. More than eyes the next action."
"fsp_campaign_ch1_s23_l0.mp3","narrator","narration",130,"Inside the mine. Dark. Only some lights alive. Tunnels. Narrow ones. From their end a sound came. Voices. Voices of living people."
"fsp_campaign_ch1_s24_l0.mp3","narrator","narration",155,"Forty-nine were alive. Six injured. Two critically. Lena went in first. Looking for Park Sung-jin. Found. That name. The name on the arm. That living name."
"fsp_campaign_ch1_s25_l0.mp3","narrator","narration",218,"Miners came out. One by one. They received light. The morning light of Mars. It touched them. Someone shielding their eyes. Someone just standing. One person knelt. Touched the ground. The Martian earth. The red thing."
"fsp_campaign_ch1_s26_l0.mp3","narrator","narration",107,"Lena was with Park Sung-jin. No words. Two people. The name on the arm. The living name. That was here now."
"fsp_campaign_ch1_s27_l0.mp3","narrator","narration",152,"MCC lifted the seal. There was a formal protest. That was for later. What mattered now was that forty-nine were outside. Tea was waiting. Mikhail's tea."
"fsp_campaign_ch10_s_ending_citizen_l0.mp3","narrator","ending",14,"Gaia launched."
"fsp_campaign_ch10_s_ending_citizen_l1.mp3","narrator","ending",49,"The first ship made on Mars. By Mars's own power."
"fsp_campaign_ch10_s_ending_citizen_l2.mp3","narrator","ending",45,"Olu Adeyemi watched. With the letter in hand."
"fsp_campaign_ch10_s_ending_citizen_l3.mp3","narrator","ending",35,"Mariam. The ship carried that name."
"fsp_campaign_ch10_s_ending_citizen_l4.mp3","narrator","ending",59,"On the way back to the Hellas mining village Mikhail spoke."
"fsp_campaign_ch10_s_ending_citizen_l5.mp3","narrator","ending",55,"'The names are recorded. What comes next Yuna decides.'"
"fsp_campaign_ch10_s_ending_citizen_l6.mp3","narrator","ending",34,"Yuna held the cup with both hands."
"fsp_campaign_ch10_s_ending_citizen_l7.mp3","narrator","ending",66,"The first generation born on Mars. The generation to inherit Mars."
"fsp_campaign_ch10_s_ending_disillusioned_l0.mp3","narrator","ending",28,"The player left the village."
"fsp_campaign_ch10_s_ending_disillusioned_l1.mp3","narrator","ending",15,"Alone. Walking."
"fsp_campaign_ch10_s_ending_disillusioned_l2.mp3","narrator","ending",41,"Mikhail watched from behind. Holding tea."
"fsp_campaign_ch10_s_ending_disillusioned_l3.mp3","narrator","ending",40,"Didn't call out. That was Mikhail's way."
"fsp_campaign_ch10_s_ending_disillusioned_l4.mp3","narrator","ending",43,"Rev. Hale prayed. For the one walking away."
"fsp_campaign_ch10_s_ending_disillusioned_l5.mp3","narrator","ending",26,"The red dust road of Mars."
"fsp_campaign_ch10_s_ending_disillusioned_l6.mp3","narrator","ending",44,"A person who remembered the names walked on."
"fsp_campaign_ch10_s_ending_disillusioned_l7.mp3","narrator","ending",50,"As long as there was memory. The names were alive."
"fsp_campaign_ch10_s_ending_gaia_captain_l0.mp3","narrator","ending",24,"The player boarded Gaia."
"fsp_campaign_ch10_s_ending_gaia_captain_l1.mp3","narrator","ending",35,"Sat beside Olu. The ship's cockpit."
"fsp_campaign_ch10_s_ending_gaia_captain_l2.mp3","narrator","ending",52,"Olu placed the letter on the shelf. It was a ritual."
"fsp_campaign_ch10_s_ending_gaia_captain_l3.mp3","narrator","ending",47,"The Martian sky was red. It grew distant below."
"fsp_campaign_ch10_s_ending_gaia_captain_l4.mp3","narrator","ending",66,"The Hellas mining village was visible. Like a dot. Then it wasn't."
"fsp_campaign_ch10_s_ending_gaia_captain_l5.mp3","narrator","ending",37,"But the names were still on that dot."
"fsp_campaign_ch10_s_ending_gaia_captain_l6.mp3","narrator","ending",51,"On the wall. In the registration system. In memory."
"fsp_campaign_ch10_s_ending_gaia_captain_l7.mp3","narrator","ending",22,"Names were not erased."
"fsp_campaign_ch10_s_ending_peacemaker_l0.mp3","narrator","ending",26,"Gaia waited 72 more hours."
"fsp_campaign_ch10_s_ending_peacemaker_l1.mp3","narrator","ending",39,"Negotiations with the Earth-side began."
"fsp_campaign_ch10_s_ending_peacemaker_l2.mp3","narrator","ending",34,"Rev. Hale became a witness. Again."
"fsp_campaign_ch10_s_ending_peacemaker_l3.mp3","narrator","ending",39,"Negotiations were slow. By Mars's time."
"fsp_campaign_ch10_s_ending_peacemaker_l4.mp3","narrator","ending",47,"But names were being recorded. Even in between."
"fsp_campaign_ch10_s_ending_peacemaker_l5.mp3","narrator","ending",32,"Mikhail made tea. While waiting."
"fsp_campaign_ch10_s_ending_peacemaker_l6.mp3","narrator","ending",32,"Waiting was also a way. On Mars."
"fsp_campaign_ch10_s_fail_l0.mp3","narrator","narration",42,"The village was quiet. The tea had cooled."
"fsp_campaign_ch10_s_fail_l1.mp3","narrator","narration",51,"Mikhail's cup was still full. He couldn't drink it."
"fsp_campaign_ch10_s_fail_l2.mp3","narrator","narration",45,"There was tea on Mars that couldn't be drunk."
"fsp_campaign_ch10_s_fail_l3.mp3","narrator","narration",59,"Sadder than tea that wouldn't cool. Tea that had gone cold."
"fsp_campaign_ch10_s_fail_l4.mp3","narrator","narration",58,"But the names were on the wall. Those had not been erased."
"fsp_campaign_ch10_s_fail_l5.mp3","narrator","narration",39,"Chalk was weak. But it was still there."
"fsp_campaign_ch10_s01_l0.mp3","narrator","narration",31,"Dawn broke. The mining village."
"fsp_campaign_ch10_s01_l1.mp3","narrator","narration",21,"Where sixty remained."
"fsp_campaign_ch10_s01_l2.mp3","narrator","narration",32,"Where Yuna's father's grave was."
"fsp_campaign_ch10_s01_l3.mp3","narrator","narration",36,"Where chalk names were on the walls."
"fsp_campaign_ch10_s01_l4.mp3","narrator","narration",65,"This village was on no map. Not MCC's. Not the official Mars map."
"fsp_campaign_ch10_s01_l5.mp3","narrator","narration",16,"But it was here."
"fsp_campaign_ch10_s02_l0.mp3","narrator","narration",30,"Mikhail was there. Making tea."
"fsp_campaign_ch10_s02_l1.mp3","narrator","narration",42,"Right hand supporting the left. As always."
"fsp_campaign_ch10_s02_l2.mp3","narrator","narration",44,"His leg seemed worse. But he was making tea."
"fsp_campaign_ch10_s02_l3.mp3","narrator","narration",61,"The day this man stopped making tea FSP would lose something."
"fsp_campaign_ch10_s02_l4.mp3","narrator","narration",18,"Today he made tea."
"fsp_campaign_ch10_s03_l0.mp3","narrator","narration",24,"Yuna sat beside Mikhail."
"fsp_campaign_ch10_s03_l1.mp3","narrator","narration",54,"Holding her cup with both hands. She had learned that."
"fsp_campaign_ch10_s03_l2.mp3","narrator","narration",52,"Twenty-one years old. First generation born on Mars."
"fsp_campaign_ch10_s03_l3.mp3","narrator","narration",35,"Her father died when she was eight."
"fsp_campaign_ch10_s03_l4.mp3","narrator","narration",44,"A mining accident. His name was on the wall."
"fsp_campaign_ch10_s03_l5.mp3","narrator","narration",42,"A name with a star. The Mars-born marking."
"fsp_campaign_ch10_s06_l0.mp3","narrator","narration",13,"Thomas Alder."
"fsp_campaign_ch10_s06_l1.mp3","narrator","narration",73,"The controversial one in the assembly election. Suspected MCC background."
"fsp_campaign_ch10_s06_l2.mp3","narrator","narration",57,"He had passed the Olympus summit location to Talon Group."
"fsp_campaign_ch10_s06_l3.mp3","narrator","narration",19,"There was evidence."
"fsp_campaign_ch10_s06_l4.mp3","narrator","narration",45,"The result of Amara chasing it down for days."
"fsp_campaign_ch10_s06_l5.mp3","narrator","narration",21,"With her injured arm."
"fsp_campaign_ch10_s08_l0.mp3","narrator","narration",51,"Thomas Alder was there. At the edge of the village."
"fsp_campaign_ch10_s08_l1.mp3","narrator","narration",40,"He already knew. That he had been found."
"fsp_campaign_ch10_s08_l2.mp3","narrator","narration",14,"He hadn't run."
"fsp_campaign_ch10_s08_l3.mp3","narrator","narration",15,"He was waiting."
"fsp_campaign_ch10_s11_l0.mp3","narrator","narration",37,"Rev. Hale walked toward Thomas Alder."
"fsp_campaign_ch10_s11_l1.mp3","narrator","narration",54,"Lena tried to stop him. Rev. Hale raised a hand. Wait."
"fsp_campaign_ch10_s11_l2.mp3","narrator","narration",34,"Rev. Hale sat beside Thomas Alder."
"fsp_campaign_ch10_s11_l3.mp3","narrator","narration",49,"On the ground. On the dirt at the village's edge."
"fsp_campaign_ch10_s11_l4.mp3","narrator","narration",13,"Said nothing."
"fsp_campaign_ch10_s11_l5.mp3","narrator","narration",15,"Just was there."
"fsp_campaign_ch10_s13_l0.mp3","narrator","narration",25,"The player had to decide."
"fsp_campaign_ch10_s13_l1.mp3","narrator","narration",29,"What to do with Thomas Alder."
"fsp_campaign_ch10_s13_l2.mp3","narrator","narration",17,"Lena was waiting."
"fsp_campaign_ch10_s13_l3.mp3","narrator","narration",18,"Amara was waiting."
"fsp_campaign_ch10_s13_l4.mp3","narrator","narration",24,"The village was waiting."
"fsp_campaign_ch10_s15_l0.mp3","narrator","narration",36,"The Thomas Alder matter was decided."
"fsp_campaign_ch10_s15_l1.mp3","narrator","narration",31,"But a larger decision remained."
"fsp_campaign_ch10_s15_l2.mp3","narrator","narration",18,"The future of FSP."
"fsp_campaign_ch10_s15_l3.mp3","narrator","narration",45,"After the Olympus agreement Mars had changed."
"fsp_campaign_ch10_s15_l4.mp3","narrator","narration",52,"The Mars Worker Registration System was being built."
"fsp_campaign_ch10_s15_l5.mp3","narrator","narration",44,"FSP had demanded it. For twenty-eight years."
"fsp_campaign_ch10_s18_l0.mp3","narrator","narration",44,"There was a wall. The wall with chalk names."
"fsp_campaign_ch10_s18_l1.mp3","narrator","narration",28,"Kim Yong-jin. Yuna's father."
"fsp_campaign_ch10_s18_l2.mp3","narrator","narration",28,"Names with stars. Mars-born."
"fsp_campaign_ch10_s18_l3.mp3","narrator","narration",40,"Names below. People who came from Earth."
"fsp_campaign_ch10_s18_l4.mp3","narrator","narration",21,"All on the same wall."
"fsp_campaign_ch10_s18_l5.mp3","narrator","narration",30,"Rev. Hale looked at that wall."
"fsp_campaign_ch10_s20_l0.mp3","narrator","narration",45,"But there was movement from outside Mars too."
"fsp_campaign_ch10_s20_l1.mp3","narrator","narration",38,"Earth. Talon Group's parent companies."
"fsp_campaign_ch10_s20_l2.mp3","narrator","narration",59,"When the Olympus agreement became known they began to move."
"fsp_campaign_ch10_s20_l3.mp3","narrator","narration",66,"Lobbying against Martian independence. Economic sanction pressure."
"fsp_campaign_ch10_s20_l4.mp3","narrator","narration",36,"The Gaia ship had become the symbol."
"fsp_campaign_ch10_s20_l5.mp3","narrator","narration",46,"One ship. But it showed the direction of Mars."
"fsp_campaign_ch10_s22_l0.mp3","narrator","narration",20,"New Athens Shipyard."
"fsp_campaign_ch10_s22_l1.mp3","narrator","narration",62,"The Gaia ship. Built by Mars itself. Without Earth dependence."
"fsp_campaign_ch10_s22_l2.mp3","narrator","narration",39,"Olu Adeyemi was there. Beside the ship."
"fsp_campaign_ch10_s22_l3.mp3","narrator","narration",41,"Writing a letter to Mariam. As today too."
"fsp_campaign_ch10_s22_l4.mp3","narrator","narration",60,"It had been six months since Mariam died. A mining accident."
"fsp_campaign_ch10_s22_l5.mp3","narrator","narration",53,"Olu wrote every day. And put the letters in the ship."
"fsp_campaign_ch10_s24_l0.mp3","narrator","narration",35,"Eighty percent. A dangerous figure."
"fsp_campaign_ch10_s24_l1.mp3","narrator","narration",28,"But Olu said he could do it."
"fsp_campaign_ch10_s24_l2.mp3","narrator","narration",41,"A ship built with Mariam's wedding money."
"fsp_campaign_ch10_s24_l3.mp3","narrator","narration",69,"Mariam had said. Marriage can happen twice. A spaceship is made once."
"fsp_campaign_ch10_s24_l4.mp3","narrator","narration",30,"Those words had come this far."
"fsp_campaign_ch10_s26_l0.mp3","narrator","narration",21,"The space went quiet."
"fsp_campaign_ch10_s26_l1.mp3","narrator","narration",27,"Gaia. A name meaning Earth."
"fsp_campaign_ch10_s26_l2.mp3","narrator","narration",51,"But also the name of a child born and died on Mars."
"fsp_campaign_ch10_s26_l3.mp3","narrator","narration",36,"Olu had given that name to the ship."
"fsp_campaign_ch10_s26_l4.mp3","narrator","narration",17,"There were names."
"fsp_campaign_ch10_s26_l5.mp3","narrator","narration",24,"There were always names."
"fsp_campaign_ch10_s28_l0.mp3","narrator","narration",30,"The Earth-side blockade began."
"fsp_campaign_ch10_s28_l1.mp3","narrator","narration",33,"Two ships appeared in Mars orbit."
"fsp_campaign_ch10_s28_l2.mp3","narrator","narration",43,"Earth Coalition ships. Warning transmitted."
"fsp_campaign_ch10_s28_l3.mp3","narrator","narration",70,"Demanding immediate cessation of Mars independence-related activities."
"fsp_campaign_ch10_s28_l4.mp3","narrator","narration",23,"Gaia launch prohibited."
"fsp_campaign_ch10_s28_l5.mp3","narrator","narration",48,"Economic sanctions in 72 hours without response."
"fsp_campaign_ch10_s31_l0.mp3","narrator","narration",28,"The 72-hour countdown began."
"fsp_campaign_ch10_s31_l1.mp3","narrator","narration",27,"FSP had to make a decision."
"fsp_campaign_ch10_s31_l2.mp3","narrator","narration",23,"Would they launch Gaia."
"fsp_campaign_ch10_s31_l3.mp3","narrator","narration",29,"Or accept Earth-side demands."
"fsp_campaign_ch10_s31_l4.mp3","narrator","narration",33,"And what would FSP itself become."
"fsp_campaign_ch10_s31_l5.mp3","narrator","narration",24,"The village was waiting."
"fsp_campaign_ch10_s33_l0.mp3","narrator","narration",40,"The village was alive. The tea was warm."
"fsp_campaign_ch10_s33_l1.mp3","narrator","narration",39,"Mikhail set down his cup. It was empty."
"fsp_campaign_ch10_s33_l2.mp3","narrator","narration",80,"A cup completely drunk. Tea made for twenty-eight years. Today it was all drunk."
"fsp_campaign_ch10_s33_l3.mp3","narrator","narration",42,"Yuna picked up a new cup. With both hands."
"fsp_campaign_ch10_s33_l4.mp3","narrator","narration",53,"Right hand supporting the left. Learned from Mikhail."
"fsp_campaign_ch10_s33_l5.mp3","narrator","narration",56,"The names were on the wall. Now they were also recorded."
"fsp_campaign_ch2_s_ending_l0.mp3","narrator","ending",337,"Mikhail made tea. Two cups. Poured with both hands. Lena came in. She drank hers. This time the other person drank too. One miner was dead. That didn't change. But the tea was warm.  There was evidence. Three refusals. That didn't change either. There were two kinds of things that didn't change. Death and records. Both were here today."
"fsp_campaign_ch2_s01_l0.mp3","narrator","narration",181,"Lena Torres was a fast person. Fast walk, fast talk, fast judgment. A tattoo on her left arm. Names. Family names. Wrist to shoulder. When she moved fast those names moved with her."
"fsp_campaign_ch2_s02_l0.mp3","narrator","narration",221,"When those names had come to be wasn't known. They must have come one by one. A name being added wasn't someone being born. It was someone disappearing. That was why they became tattoos. Engraving lost things on the body."
"fsp_campaign_ch2_s03_l0.mp3","narrator","narration",198,"A miner had died. Mine 7 on the outer Hellas belt. Tunnel collapse. MCC territory. MCC sealed the accident. No notice to the family. No notice was the notice. On Mars that kind of notice came often."
"fsp_campaign_ch2_s04_l0.mp3","narrator","narration",244,"The name was Park Sung-jin. Thirty-four. Two daughters. From Hellas mining village. Three years on the rotation at Mine 7. Three days ago the body was found. MCC didn't extract it. Said accident investigation in progress. Three days had passed."
"fsp_campaign_ch2_s06_l0.mp3","narrator","narration",182,"Lena's left arm was visible. The tattoo. The names. How many of those names had come this way was not something to ask. She hadn't said. Fast people often had things they didn't say."
"fsp_campaign_ch2_s07_l0.mp3","narrator","narration",185,"The family was there. Outside the perimeter. A woman with two children. The older child held the younger one's hand. The woman stood. Did nothing. Only waited. On Mars waiting was work."
"fsp_campaign_ch2_s09_l0.mp3","narrator","narration",159,"There was an MCC perimeter line. Signs. Two guards. Inside the tunnel was a body. The family waited. Sand rode the wind. Mars was not kind to those who waited."
"fsp_campaign_ch2_s10_l0.mp3","narrator","narration",205,"One of the guards moved. Walked toward the family. Said something. The woman didn't respond. The guard returned. The small child cried. The older one comforted. A seven-year-old comforting a four-year-old."
"fsp_campaign_ch2_s12_l0.mp3","narrator","narration",184,"Lena's arm was visible. Her fist was clenched. The tattoo names bunched together. That was how Lena held back anger. Clenching a fist. Clenching names inside it. The names holding her."
"fsp_campaign_ch2_s13_l0.mp3","narrator","narration",150,"Action was taken. MCC responded. Whether it was negotiation or confrontation or documentation. Something moved. On Mars what moved was what was alive."
"fsp_campaign_ch2_s14_l0.mp3","narrator","narration",163,"MCC didn't issue a formal apology. No compensation. No accident report came out. That was for later. For now the family had taken the body. That was today's thing."
"fsp_campaign_ch2_s15_l0.mp3","narrator","narration",164,"Two children went. The woman went. Didn't look back. The mine was there. Mine 7. MCC perimeter still there. Signs. Guards. Drone. And inside there was nothing. Now."
"fsp_campaign_ch2_s17_l0.mp3","narrator","narration",230,"Mikhail made tea. The right hand supported the left. The same way. Always the same way. Even after hearing accident news. Even after hearing news of death. That way didn't change. Having something that didn't change was important."
"fsp_campaign_ch2_s18_l0.mp3","narrator","narration",142,"Lena came. Looked at her arm. The names. Didn't write a new name. Not yet. That was for later. For now she was holding it. That too was a way."
"fsp_campaign_ch2_s20_l0.mp3","narrator","narration",158,"Night. FSP base. A few lights. People. People who knew today's news. But they didn't speak. Not speaking was respect. On Mars silence was sometimes like that."
"fsp_campaign_ch2_s21_l0.mp3","narrator","narration",195,"There was evidence. Site documentation. Some MCC supervisor communication records. Support repair requests had been made three times. Three times refused. Because of cost. That was in the record."
"fsp_campaign_ch2_s23_l0.mp3","narrator","narration",182,"Lena looked at her arm. In the dark. The tattoo was visible. The names. One by one. Under some names there was a date. The day they disappeared. The day of disappearing was engraved."
"fsp_campaign_ch2_s24_l0.mp3","narrator","narration",175,"The next day Mine 7 was seen again. Perimeter. Signs. Guards. But different. One of the MCC guards watched. Eyes met. That person looked away first. That was saying something."
"fsp_campaign_ch2_s25_l0.mp3","narrator","narration",185,"Mine 7 was there. Nothing inside. Still a sign saying investigation in progress. When that would come down wasn't known. But there was a record. Three refusals. That wouldn't come down."
"fsp_campaign_ch3_s_ending_l0.mp3","narrator","ending",318,"Dawn broke. Mikhail made new tea. Several cups. The right supported the left. Yuna received tea. With both hands. That was learned. Learned tonight. Learned in this village. The tea was warm.  Sixty stayed. The cemetery stayed. The names stayed. The temporary village on Mars. Twenty years old. Surviving one more day."
"fsp_campaign_ch3_s_fail_l0.mp3","narrator","narration",180,"The village emptied. The fire went out. The cemetery remained. The names remained. What MCC would do with a cemetery that had names was unknown. It was not a thing to want to know."
"fsp_campaign_ch3_s01_l0.mp3","narrator","narration",214,"A village. Outside the MCC mine. Not an official settlement. A temporary residential zone. On Mars temporary meant lasting. A twenty-year temporary village. People were born there and worked there. Some died there."
"fsp_campaign_ch3_s02_l0.mp3","narrator","narration",220,"MCC issued an order. Zone evacuation. Two weeks. No reason given. Orders without reason were the most frightening thing on Mars. If there was a reason there was room to argue. Without a reason there was nowhere to argue."
"fsp_campaign_ch3_s03_l0.mp3","narrator","narration",189,"The village had a cemetery. Miners' graves. Names were there. Some written in chalk. Some engraved on metal plates. Old. New. Mixed. What to do with that cemetery was also not in the order."
"fsp_campaign_ch3_s05_l0.mp3","narrator","narration",153,"Yuna Kim. Born on Mars. Raised in this village. Her father was in the cemetery. That name was there. On a metal plate. An old one. But polished like new."
"fsp_campaign_ch3_s06_l0.mp3","narrator","narration",270,"There was a fire. Outside fire was dangerous on Mars. But these people had one. They must have for twenty years. Mikhail made tea. The right hand supported the left. It was the same here. Lena held her left arm in the firelight. The tattoo was visible. The names swayed."
"fsp_campaign_ch3_s08_l0.mp3","narrator","narration",262,"The fire burned. Mikhail's tea cooled. He drank it. Holding the cup with both hands. This man had been a miner. Before he made FSP. First generation on Mars. That was in those two hands. The hands of this village's people were the same. Same dust. Same calluses."
"fsp_campaign_ch3_s09_l0.mp3","narrator","narration",250,"There was a neighboring village. Hellas outer Zone C. Twenty people lived there. Also MCC territory. Also had an evacuation order. If the two villages combined that was fifty. Ten short for the residency clause. There was another place. Farther away."
"fsp_campaign_ch3_s11_l0.mp3","narrator","narration",257,"Yuna looked toward the cemetery. In the dark. Metal plates glinted in the firelight. Names. Those seemed to be listening to this discussion now. Protecting where names were and protecting people who had names. Whether those were the same thing or different."
"fsp_campaign_ch3_s13_l0.mp3","narrator","narration",231,"The fire burned. The village was quiet. People were gathered. Each with their own thoughts. The weight of staying. The weight of leaving. On Mars when choosing between two things both were heavy. Sometimes there was no good choice."
"fsp_campaign_ch3_s14_l0.mp3","narrator","narration",222,"There was an MCC order. Two weeks. No reason. It was over this village. Over the names. Over the children. Over the fire. There was a way to make it void. Sixty people. Residency rights. But that might not be a resolution."
"fsp_campaign_ch3_s15_l0.mp3","narrator","narration",183,"There was a decision. It became movement. People moved. On Mars people moving meant something was decided. Without a decision there was no movement. With a decision movement was fast."
"fsp_campaign_ch3_s16_l0.mp3","narrator","narration",166,"MCC came. Of course. When there was movement MCC came. Guards. Drones. Official documents. That was MCC's way. Coming officially. That was the most frightening thing."
"fsp_campaign_ch3_s18_l0.mp3","narrator","narration",158,"MCC counted. Actually. One by one. That was how the bureaucratic thing worked. Count. Record. Count again. Yuna waited. Didn't move. Sixty people didn't move."
"fsp_campaign_ch3_s19_l0.mp3","narrator","narration",176,"Dawn broke. Light came to the village. Sixty people. Children came out. Those children ran through the village. Adults watched. Some smiled. Some just watched. Both were right."
"fsp_campaign_ch3_s20_l0.mp3","narrator","narration",197,"Light reached the cemetery. Names received the light. Metal plates. Chalk names. Old. New. Mixed. The light touched them evenly. That was what Martian morning light was like. It didn't distinguish."
"fsp_campaign_ch3_s22_l0.mp3","narrator","narration",211,"Lena stood before the cemetery. Looked at her left arm. The names on the arm. Whether any of them were among those here couldn't be known. Mars was wide. Names were scattered. But what was engraved was engraved."
"fsp_campaign_ch3_s23_l0.mp3","narrator","narration",247,"MCC documents were still being processed. That would take a long time. MCC documents always took a long time. That too was a method. Pressuring with time. But right now there were sixty people. As long as sixty were here the documents had to wait."
"fsp_campaign_ch3_s24_l0.mp3","narrator","narration",171,"Yuna bowed toward the cemetery. That was all. No words. That was her way. There was quiet courage. Courage that didn't speak loudly. That was how she had led sixty people."
"fsp_campaign_ch4_s_ending_l0.mp3","narrator","ending",403,"Alone at the junction. The sun tilted. The sand turned red. Footprints scattered in three directions. There had been a meeting on Mars. There had been a promise. That promise would change the future of Mars. Or it would be erased by wind like the sand of Sandstone. Which it would be was not yet known.  But the Zone 12 name was on two arms. One as a tattoo. One as memory. That the wind couldn't erase."
"fsp_campaign_ch4_s_fail_l0.mp3","narrator","narration",265,"No promise. Only footprints remained at the junction. Each in their own direction. Which direction Cinder went was not seen. Sandstone remained as it was. A place with a name for a reason. Sand and stone. Good for promises. Good for keeping them too. But not today."
"fsp_campaign_ch4_s01_l0.mp3","narrator","narration",233,"Sandstone Junction. Central Mars. Not in any faction's territory. Which was why all three factions passed through it. The sand was red. Old footprints on the sand. All came from different directions. All left in different directions."
"fsp_campaign_ch4_s02_l0.mp3","narrator","narration",183,"Sandstone. Sand and stone. The name had a reason. Here the road split in three. Hellas. Erebus. Olympus. Three directions. Somewhere between them MCC existed. Not visible but present."
"fsp_campaign_ch4_s03_l0.mp3","narrator","narration",183,"Cinder Grace had arrived first. CV. Tool belt. Oil on her hands. This was someone who worked everywhere. Even when there was no work she looked like she was working. That was her way."
"fsp_campaign_ch4_s04_l0.mp3","narrator","narration",185,"The tool belt told you. Worn things. Much used. Not used carelessly. Used precisely. Tools spoke of who used them. This person was a repairer. Not a destroyer. Those two were different."
"fsp_campaign_ch4_s06_l0.mp3","narrator","narration",213,"Cinder ran her hand over the tool belt. Unconscious. This was her check. Whether everything was there. Nothing missing. She was a person who confirmed what was present. Not a person who searched for what was lost."
"fsp_campaign_ch4_s08_l0.mp3","narrator","narration",205,"Cinder looked at Lena's arm. Looked for a long time. Didn't touch her tools. That was this person's attention. When she didn't touch her tools she was thinking something. Perhaps she was reading the names."
"fsp_campaign_ch4_s09_l0.mp3","narrator","narration",159,"Cinder's eyes stopped at a certain name. Recognizing. What that was couldn't be known. But there was a stopping. Names did that. A known name stopped the eyes."
"fsp_campaign_ch4_s11_l0.mp3","narrator","narration",169,"Lena looked down at her arm. That name. Zone 12. A name two people knew. One had engraved it on their arm. One had been there three years ago. That was at Sandstone now."
"fsp_campaign_ch4_s13_l0.mp3","narrator","narration",179,"Lena listened. It was a moment when a fast person became slow. A promise. Zone 12 name. Tool belt. Those things were at this junction. Sandstone. A place with a name for a reason."
"fsp_campaign_ch4_s14_l0.mp3","narrator","narration",217,"MCC wasn't visible. But that didn't mean absent. A drone was probably somewhere. Observing. MCC was always observing. That made this promise more important. Promises made before those who watched had different weight."
"fsp_campaign_ch4_s16_l0.mp3","narrator","narration",158,"The sun tilted. The sand of Sandstone turned redder. Three directions. Hellas. Erebus. Olympus. Between them two people stood. FSP. CV. And one name. Zone 12."
"fsp_campaign_ch4_s17_l0.mp3","narrator","narration",199,"There was a decision. Cinder heard. There was a reaction. She touched her tools. Or she didn't. What came next differed by that. At Sandstone decisions were like that. Small things made large things."
"fsp_campaign_ch4_s17_test1_l0.mp3","narrator","narration",252,"Cinder said nothing. She took something from the tool belt. A small metal pin. She pushed it into the ground. Into the sand. What it was couldn't be known. No explanation. She just did it. This was Cinder's way. Testing with something other than words."
"fsp_campaign_ch4_s18_l0.mp3","narrator","narration",153,"The MCC drone moved away. It had seen. It had recorded. That was MCC's way. Seeing. Recording. Then deciding. What it was deciding now couldn't be known."
"fsp_campaign_ch4_s19_l0.mp3","narrator","narration",165,"Lena looked at her arm. Zone 12 name. Cinder had known that name. She had been there. That was what had happened here today. Together with a promise. Or without one."
"fsp_campaign_ch4_s19_test3_l0.mp3","narrator","narration",241,"That was the test. Not planting the pin. Leaving Sandstone as belonging to neither side. That was the first condition for this promise to be possible. Cinder didn't say it in words. She did it with action. The action of not planting the pin."
"fsp_campaign_ch4_s21_test5_l0.mp3","narrator","narration",196,"Cinder turned her back. Looked in one direction. Toward Erebus. Something was there. Or wasn't. Unknowable. But Cinder looked that way. For a long time. That was the second test. Showing her back."
"fsp_campaign_ch4_s22_oath_l0.mp3","narrator","narration",168,"Cinder turned around again. She took something from the tool belt. A small knife. Flat. For mining. She drew it across her left palm. Slowly. Without sound. Blood came."
"fsp_campaign_ch4_s24_oath3_l0.mp3","narrator","narration",155,"The knife came across. From Cinder's hand. To this side. Lena looked. Cinder's bleeding hand. It was waiting. A hand bleeding alone. Waiting for an answer."
"fsp_campaign_ch4_s26_after_oath_l0.mp3","narrator","narration",231,"Blood mixed. Or didn't. That was today's business at Sandstone. There was a handshake. Or there wasn't. But that two people had stood at this junction didn't change. The arm with the Zone 12 name. The tool belt with the mine knife."
"fsp_campaign_ch4_s28_weight_l0.mp3","narrator","narration",219,"Cinder wrapped her hand. With cloth. Taken from the tool belt. Something she had prepared. This person had come knowing this. The bleeding. The wrapping. Things prepared. That was this person's way. Planning and acting."
"fsp_campaign_ch4_s29_erebus_l0.mp3","narrator","narration",228,"Dust rose from the Erebus direction. Not wind. Movement. CV people were there. Things that had been waiting. Waiting for Cinder's signal. Not coming this way now. Waiting. That was what Cinder had done. Came alone but not alone."
"fsp_campaign_ch4_s31_after_l0.mp3","narrator","narration",218,"Cinder looked at her wrapped hand. The cloth. Something she had prepared. This person had come today knowing this would happen. That the promise would be this way. Or not this way. Prepared for both. That was CV's way."
"fsp_campaign_ch4_s33_future_l0.mp3","narrator","narration",201,"The Sandstone Promise was before Kepler. There was an order. First the promise. Then Kepler. That was Cinder's plan. This person planned and acted. Not just acted. That was the difference from Butcher."
"fsp_campaign_ch4_s35_ending_narr_l0.mp3","narrator","narration",169,"Cinder looked toward Erebus. She signaled. With her hand. The CV people that way moved. Moving away. That was it for today. Business at the junction had ended. Or begun."
"fsp_campaign_ch5_s_ending_l0.mp3","narrator","ending",426,"Kepler Crater turned red. The Martian sun tilted. Liang Wei looked once more. At the crater. At what she had seen for thirty years. At what she had seen today for the first time with others. There were moments when what was alone became shared. That was a declaration. On Mars that was what a declaration was.  Ancient Metal was there. Extraterrestrial origin. Thirty years of data. One name. Kepler Commons. That existed now."
"fsp_campaign_ch5_s_fail_l0.mp3","narrator","narration",195,"MCC sealed the crater. Liang Wei was gone. Where she went was unknown. The thirty years of data was gone too. Kepler Crater was still there. Deep. Dark. It had a name now. A name given by others."
"fsp_campaign_ch5_s01_l0.mp3","narrator","narration",222,"Kepler Crater. Three kilometers deep. Where Liang Wei had surveyed alone for thirty years. Nobody had supported her. Not MCC. Not FSP. She came alone. Stayed alone for thirty years. She was the oldest thing in this crater."
"fsp_campaign_ch5_s02_l0.mp3","narrator","narration",190,"Liang Wei Jin. Geologist. First generation Mars settler. Seventies. People in their seventies on Mars were rare. Most had left. To Earth. Or farther. Liang Wei had stayed. Because of Kepler."
"fsp_campaign_ch5_s03_l0.mp3","narrator","narration",291,"Ancient Metal. The extraterrestrial origin hypothesis. MCC knew. MCC intended to monopolize it. Before that Liang Wei had contacted FSP. She didn't explain why. But the reason was visible. Someone who had been alone for thirty years wanted to share something. Especially something important."
"fsp_campaign_ch5_s04_l0.mp3","narrator","narration",229,"The crater floor. Light came in. Morning light. The angle was special. Only at this time did the angle become this. Liang Wei knew. Thirty years had made it known. The light touched something. Something like metal. But not metal."
"fsp_campaign_ch5_s06_l0.mp3","narrator","narration",175,"Words were spoken. What had not been said for thirty years was said now. The air changed. The air inside the crater. Thin. Cold. But those words were there. Harder than metal."
"fsp_campaign_ch5_s08_l0.mp3","narrator","narration",222,"Lena's left arm was visible. Tattoo. Names. Whether any of those names were connected to this crater was unknown. But the way Lena listened to this declaration was different. It was a moment when a fast person became slow."
"fsp_campaign_ch5_s10_l0.mp3","narrator","narration",194,"An MCC drone was visible above the crater. One. For observation. MCC was always observing. That was MCC's way on this planet. Sometimes it couldn't be seen. But that didn't mean it wasn't there."
"fsp_campaign_ch5_s11_l0.mp3","narrator","narration",184,"The drone became two. Then three. Observation intensified. That meant MCC had learned something. Liang Wei's declaration had already reached MCC. Or the drones had been listening here."
"fsp_campaign_ch5_s12b_assembly_l0.mp3","narrator","narration",186,"The miners' assembly began. Liang Wei led it. At the crater floor. Nearly a hundred people circled. FSP miners. Hellas village people. Nameless people. People who had waited a long time."
"fsp_campaign_ch5_s12d_miners_l0.mp3","narrator","narration",146,"People began to move. Data sticks. Copying. Hand to hand. That was how it spread. Not digitally. Person handing to person. The oldest way on Mars."
"fsp_campaign_ch5_s13_l0.mp3","narrator","narration",162,"One drone lowered. From observation altitude to approach altitude. That was different. Observation had distance. Approach had no distance. There was a difference."
"fsp_campaign_ch5_s13b_mcc_agent_l0.mp3","narrator","narration",151,"Then a person came. From the crater entrance side. Not alone. Three of them. Their suits were different. MCC suits. They tried to enter into the crowd."
"fsp_campaign_ch5_s13d_miners_block_l0.mp3","narrator","narration",198,"The miners moved. Without words. With their bodies. They stood before the MCC representatives. Blocking. No violence. Just standing. A hundred standing before three. The MCC representatives stopped."
"fsp_campaign_ch5_s13f_seed_l0.mp3","narrator","narration",227,"The word seed was said. Something not yet existing. But spoken. On Mars things that didn't exist were of two kinds. Things not yet existing. And things that would never exist. What Liang Wei spoke today was on the not-yet side."
"fsp_campaign_ch5_s15_l0.mp3","narrator","narration",218,"There was action. The drone responded. MCC responded. That was all. The rest time would decide. Kepler Crater. Three kilometers deep. Ancient Metal. Thirty years of data. One declaration. Those were colliding here now."
"fsp_campaign_ch5_s16_l0.mp3","narrator","narration",235,"People came to the outside of the crater. People who had heard. Hellas miners. People from neighboring villages. They looked at Kepler. The crater. Three kilometers deep. Where Ancient Metal was. They said nothing. But they were there."
"fsp_campaign_ch5_s18_l0.mp3","narrator","narration",193,"From the edge of Kepler Crater CV was watching. That was known. If there was the Sandstone Promise this moment was its test. CV was there. At the crater edge. Hadn't come inside. But was there."
"fsp_campaign_ch5_s20_data_spread_l0.mp3","narrator","narration",197,"The data spread. Hand to hand. Out of the crater. To the Hellas villages. The sticks moved. MCC blocked communications. But couldn't stop people walking. On Mars people walking couldn't be stopped."
"fsp_campaign_ch5_s22_weight_l0.mp3","narrator","narration",187,"Seventies. First generation on Mars. Thirty years. Alone. That was the reason for no fear. Being alone for thirty years changes fear. Doesn't eliminate it. Changes it. The object changes."
"fsp_campaign_ch5_s24_cv_outside_l0.mp3","narrator","narration",216,"CV was at the edge. Cinder was there. Hadn't come inside. That was also the limit of the Sandstone Promise. The promise existed. But it wasn't coming all the way inside. Guarding from the edge. That too was guarding."
"fsp_campaign_ch6_s_ending_l0.mp3","narrator","ending",372,"Mikhail heard the report. Made tea. The right hand supported the left. He drank it. There was an MCC person inside FSP. That might not be a new fact. On Mars no organization had no moles. Knowing it and not knowing it were different. Knowing meant you could choose.  The tea was warm. That was what could be confirmed tonight. The tea being warm. Beyond that was tomorrow."
"fsp_campaign_ch6_s_fail_l0.mp3","narrator","narration",126,"Guards in the passage. Kenji was gone. Data was gone. MCC had already known. Moles were on both sides. It was always that way."
"fsp_campaign_ch6_s01_l0.mp3","narrator","narration",235,"There was an underground passage. Below MCC headquarters. Built when it was constructed sixty years ago. MCC built it but MCC didn't know all of it. No one knew everything about a large building. That was the nature of large buildings."
"fsp_campaign_ch6_s02_l0.mp3","narrator","narration",199,"Hellas Central. MCC Hellas Basin headquarters. A large building. Glass and metal. Shining even in the Martian dust. That was intentional. Shining things looked strong. Looking strong mattered to MCC."
"fsp_campaign_ch6_s03_l0.mp3","narrator","narration",238,"Kenji Nakamura. Grade 3 MCC technical engineer. Five years in the same position. Five years without promotion. On Mars five years without promotion meant one of two things. Incompetence. Or doing something else. Kenji was not incompetent."
"fsp_campaign_ch6_s04_l0.mp3","narrator","narration",218,"There was a passage entrance. Behind the building. Waste disposal zone. A place nobody came. Even more so at night. That was why it was the meeting place. A place where nobody came. A place to exist as if not existing."
"fsp_campaign_ch6_s04b_labor_district_l0.mp3","narrator","narration",209,"Hellas labor district. Different at night. In the day people were there. At night fewer. But not completely empty. Night shift workers. Cleaners. People who worked in the Martian night were there. Always were."
"fsp_campaign_ch6_s06_l0.mp3","narrator","narration",220,"Lena heard it. The fast person stopped. That was rare. When Lena stopped something heavy was there. The names in the tattoo on her left arm. One of them might have died because of the FSP mole. That was not yet knowable."
"fsp_campaign_ch6_s06b_kenji_bg_l0.mp3","narrator","narration",253,"Kenji Nakamura. Thirty-five. Father had been a worker at Hellas Mine 8. After retirement there was no pension. MCC regulations had changed. He had worked thirty years before the change. After the change the pension was gone. That was why Kenji was here."
"fsp_campaign_ch6_s08_l0.mp3","narrator","narration",175,"Kenji handed over a package. Small. A data stick. Liang Wei's backup. And other things. MCC internal communications. Five years' worth. That was in the hand. Small. But heavy."
"fsp_campaign_ch6_s08c_danger_l0.mp3","narrator","narration",199,"Dangerous information. In two directions. First, this could make FSP stronger. Second, this could create suspicion inside FSP. The same information went two ways. That was the nature of intelligence."
"fsp_campaign_ch6_s09_l0.mp3","narrator","narration",193,"A sound from the end of the passage. Not footsteps. The ventilation fan. Sixty years old. But mixed with it was another sound. Small. But MCC buildings carried sound well. Stairs. Passages too."
"fsp_campaign_ch6_s11_l0.mp3","narrator","narration",159,"The data stick was in hand. Kenji was there. Lena was there. Sound from the end of the passage. Three minutes. That was the time for choices to become choices."
"fsp_campaign_ch6_s12_l0.mp3","narrator","narration",141,"Action within three minutes. That was choice on Mars. Choices made with time and choices made without. Both were choices. But different ones."
"fsp_campaign_ch6_s13_l0.mp3","narrator","narration",191,"The data was there. Or wasn't. Kenji was there. Or wasn't. One of two outcomes. But in both of them the FSP mole problem remained. That had nothing to do with data. It had been said. Already."
"fsp_campaign_ch6_s14_l0.mp3","narrator","narration",171,"There was an MCC person inside FSP. Someone senior. Communication patterns. In five years of data. That was what was now known. Two things were unknown. Who. And how long."
"fsp_campaign_ch6_s15_l0.mp3","narrator","narration",194,"Lena looked at her arm. The names. One of them might have died because of the FSP mole. Park Sung-jin. Mine 7. Three repair refusals. Whether that was coincidence. Or not. Couldn't yet be known."
"fsp_campaign_ch6_s17_l0.mp3","narrator","narration",186,"There was suspicion. That was worse to have inside than outside. Suspicion inside FSP. Suspecting each other. That was what MCC wanted. That was known. But even knowing, suspicion arose."
"fsp_campaign_ch6_s17c_response_l0.mp3","narrator","narration",185,"An assembly member. That narrowed it. But there were five assembly members. Five candidates. One of them. Unknowable. Patterns couldn't identify a person. They only pointed a direction."
"fsp_campaign_ch6_s18_mikhail_l0.mp3","narrator","narration",177,"Need to go to Mikhail. Need to report. The FSP mole. Communication patterns. The assembly. That was what was now known. Mikhail would react. Quietly. That was this person's way."
"fsp_campaign_ch7_s_ending_l0.mp3","narrator","ending",352,"The assembly ended. Mikhail remained alone. He stood before the window. The mines were visible. The people working in those mines. Their names had made this organization. Names outlasted organizations. He knew that. That was why he had made the windows.  A dust storm was coming. But the windows were there. They would be there even when the dust came."
"fsp_campaign_ch7_s_fail_l0.mp3","narrator","narration",190,"The assembly reached no conclusion. Five people. Five directions. On Mars too many directions meant going nowhere. Mikhail stood. His leg was troubled. But he stood. That was this man's way."
"fsp_campaign_ch7_s01_l0.mp3","narrator","narration",228,"The FSP Assembly Hall. Different from the MCC boardroom. Not sealed. There were windows. The outside was visible. The mines were visible. That was intentional. FSP tried not to forget the outside. That was what the windows were."
"fsp_campaign_ch7_s02_l0.mp3","narrator","narration",258,"Mikhail had made the windows. When the hall was built twenty-eight years ago. There had been opposition at first. Security concerns. But Mikhail had insisted. He said the reason was simple. We must not forget the outside. That was all. So there were windows."
"fsp_campaign_ch7_s03_l0.mp3","narrator","narration",188,"Mikhail was there. His right leg was troubled. That was old. Mine accident. The leg remembered it. Today it looked worse. He was sitting. When Mikhail sat in the assembly it was a bad day."
"fsp_campaign_ch7_s05_l0.mp3","narrator","narration",208,"Five people. Amara Okafor. Yuna Kim. Pak Seung-ho. Dr. Renata Vieira. Thomas Alder. Five sat before the table. Through the window the mines were visible. All five had connections to those mines. That was FSP."
"fsp_campaign_ch7_s07_l0.mp3","narrator","narration",242,"Mikhail listened. He wasn't holding tea. Today there was no tea. That was different. There weren't many days this man was without tea. His hands were on the table. Both hands. Still. When both hands were still this man was deciding something."
"fsp_campaign_ch7_s09_l0.mp3","narrator","narration",193,"Lena looked at Yuna. The names on the arm were visible. Yuna's father's name was there too. Hellas mining village cemetery. Metal plate. Old thing. That was in this room now. A room with names."
"fsp_campaign_ch7_s09e_alder_tension_l0.mp3","narrator","narration",241,"Thomas Alder. There was what Kenji had said. The FSP mole. Communication patterns. Before and after assembly meetings. The pattern pointed to an assembly member. Alder was an assembly member. Three years. From MCC. That was in this room now."
"fsp_campaign_ch7_s10_l0.mp3","narrator","narration",234,"Three more candidates. Pak Seung-ho was a pragmatist. Dr. Renata Vieira was a medical specialist. Thomas Alder had come from MCC. That was controversial. Could an MCC person become FSP chair. That was another item on today's assembly."
"fsp_campaign_ch7_s10c_contrast_l0.mp3","narrator","narration",235,"The difference between Mikhail and Amara. Mikhail doubted. Amara saw possibility. That was the difference between twenty-eight years and eleven years. Those who had seen longer doubted more. Whether that was good or bad was unknowable."
"fsp_campaign_ch7_s11_l0.mp3","narrator","narration",207,"An environmental alarm sounded. Assembly hall system. Dust storm warning for outer Hellas region. Scale 4. Large by Martian standards. Through the window the horizon was changing. The red was getting redder."
"fsp_campaign_ch7_s13_l0.mp3","narrator","narration",185,"Two things at once. The chair election. Environmental crisis. Two things coming at once on Mars was normal. But these two coming the same day might not be coincidence. If MCC had known."
"fsp_campaign_ch7_s14_l0.mp3","narrator","narration",211,"The FSP mole. What Kenji had said. Someone senior. Communication patterns. That was in this room now. One of the five candidates might be it. Or one of the representatives. Or someone around Mikhail. Unknowable."
"fsp_campaign_ch7_s14b_storm_inside_l0.mp3","narrator","narration",185,"Dust began hitting the windows. Scale 4 storm. The lights in the assembly hall flickered. Switching to emergency power. But the windows were there. They were there even as the dust hit."
"fsp_campaign_ch7_s15_l0.mp3","narrator","narration",178,"There was a vote. Representatives stood. Called names. On Mars decisions were made with names. Not machines but voices. That was FSP's way. Beings with names deciding with names."
"fsp_campaign_ch7_s15b_vote_scene_l0.mp3","narrator","narration",172,"The dust storm hit the windows. The lights flickered. But the voices were there. Those calling names. They didn't stop. On Mars voices didn't stop. Even when the dust came."
"fsp_campaign_ch7_s15d_mikhail_knew_l0.mp3","narrator","narration",137,"Mikhail knew. That was this person's thing. Knowing everything while not speaking. Making tea and waiting. The way of twenty-eight years."
"fsp_campaign_ch7_s16_l0.mp3","narrator","narration",185,"The dust storm warning continued. But the assembly ended. FSP's decision had been made. Whether it was good or bad time would tell. For now there was a decision. That was what mattered."
"fsp_campaign_ch7_s17_l0.mp3","narrator","narration",186,"Contact went to the mining villages. Evacuation preparation. Dust storm readiness. That was what FSP did. Even after the assembly ended the work continued. On Mars work always continued."
"fsp_campaign_ch7_s19_l0.mp3","narrator","narration",210,"Thomas Alder. From MCC. Became an FSP representative. That was possible. On Mars many things changed. People too. Affiliations too. But some things didn't change. Things of the past. Things the body remembered."
"fsp_campaign_ch7_s20_l0.mp3","narrator","narration",200,"The assembly hall was quiet. Dust hit the windows. The storm was coming. Mikhail stood before the window. The mines were visible. Visible even through the dust. That was why the windows had been made."
"fsp_campaign_ch7_s20c_mikhail2_l0.mp3","narrator","narration",182,"That was Mikhail's way. Even with suspicion, he waited for evidence. That's how it had been for twenty-eight years. That was what had brought FSP to now. Being right over being fast."
"fsp_campaign_ch8_s_ending_l0.mp3","narrator","ending",369,"Dawn. Light came to the shipyard. Light touched the side of Gaia. Meaning Earth. The name Hagar gave. A name given by the last generation to remember Earth.  Olu's letter was inside Gaia. Or wasn't. That depended on today's outcome. But the letter had been written. On paper. By hand. In the rarest way on Mars.  Mariam was there. In the letter. In the ship. As a name."
"fsp_campaign_ch8_s_fail_l0.mp3","narrator","narration",184,"The shipyard passed to MCC. Gaia was there. It would become MCC's. Where Olu's letter was could not be known. Hagar said nothing. When a quiet person said nothing it was quieter still."
"fsp_campaign_ch8_s01_l0.mp3","narrator","narration",271,"New Athens Shipyard. Southern hemisphere of Mars. A place of strong winds. Ships were built where the wind was strong. On Mars ships were spacecraft. Things that went to space. Mars people building spacecraft was rare. Most rode company vessels. This place was different."
"fsp_campaign_ch8_s02_l0.mp3","narrator","narration",235,"Hagar Volkov. Chief engineer of the shipyard. First generation on Mars. The last generation to remember Earth. A large and quiet person. Hands faster than words. Scars on the hands. Old ones. Old scars on Mars each had their own story."
"fsp_campaign_ch8_s03_l0.mp3","narrator","narration",223,"Inside the shipyard was a ship. Gaia. Not large. Not a warship. Closer to a freighter. But something was different. Even without seeing the blueprints it was knowable. This ship was for going far. Outside Mars. Beyond Mars."
"fsp_campaign_ch8_s05_l0.mp3","narrator","narration",244,"Hagar raised his hand. Toward the ship. The scarred hand. That was the hand that had built that ship. First generation. Seventeen years on Mars. People who remembered Earth while building Mars. This ship was the result of those seventeen years."
"fsp_campaign_ch8_s07_l0.mp3","narrator","narration",205,"Olu Adeyemi was there. Forties. Ship designer. Writing in a corner. By hand. On paper. Writing by hand on paper on Mars was rare. Digital was easier. But this person was writing by hand. That had a reason."
"fsp_campaign_ch8_s08_l0.mp3","narrator","narration",242,"Olu and Mariam. Two people who designed Gaia. One year. That had been their wedding fund. Hagar said later. They had built Gaia with the money they had saved to get married. Whether everyone knew that wasn't certain. Olu and Mariam had known."
"fsp_campaign_ch8_s09b_letter_l0.mp3","narrator","narration",215,"Olu was writing the letter. To Mariam. A letter that couldn't be sent. But he was writing. His hand moved over the paper. It didn't stop. He was someone without stopping. That was the person who had built this ship."
"fsp_campaign_ch8_s10_l0.mp3","narrator","narration",226,"MCC escort vessels were near the shipyard. Two of them. Maintaining a legal distance. But there was something visible at legal distance. MCC always pressured through legal means. That was the most frightening kind of pressure."
"fsp_campaign_ch8_s11_l0.mp3","narrator","narration",144,"Gaia's completion rate was 87%. Hagar said. Two more weeks were needed. MCC would wait two weeks. Or wouldn't. That was what was unknowable now."
"fsp_campaign_ch8_s12c_lena_arrives_l0.mp3","narrator","narration",159,"Lena went inside the shipyard. The fast person got faster. Checking something. The ship. Connections. Systems. That was Lena's way. Seeing fast. Deciding fast."
"fsp_campaign_ch8_s13_l0.mp3","narrator","narration",195,"Olu was writing the letter. In the corner. By hand. On paper. MCC escorts were there. Two ships. Thirty-six minutes. That was in this shipyard now. The letter. The ship. Time. They were together."
"fsp_campaign_ch8_s14_l0.mp3","narrator","narration",172,"Olu folded the letter. Stood. Looked at Hagar. Those eyes said. Ready. Olu was a ship designer. Not a fighter. But this ship was his. Mariam's too. That had made him stand."
"fsp_campaign_ch8_s14c_mariam_letter_l0.mp3","narrator","narration",231,"Olu's letter was folded. In his pocket. Written with the places Gaia would go. Written with the things Mariam had wanted to see. That was together with Gaia. The letter was with the ship. That was everything in this shipyard today."
"fsp_campaign_ch8_s15_l0.mp3","narrator","narration",208,"Thirty-six minutes began. The shipyard moved. Hagar's hands. Scarred hands. They directed. People followed. The shipyard moved as if already rehearsed. These people had been waiting for this. For a long time."
"fsp_campaign_ch8_s15b_36_count_l0.mp3","narrator","narration",243,"Lena worked on the cooling circuits. Fast hands. Things learned in the mines. The systems were different but the principles were the same. Pressure. Flow. Temperature. Those were the same. Things learned on Mars could be used anywhere on Mars."
"fsp_campaign_ch8_s15d_olu_position_l0.mp3","narrator","narration",184,"Olu unfolded the blueprints. He knew Gaia's weak points. He was the designer. He went to guard the weak points. The letter was in his pocket. That was everything for this person today."
"fsp_campaign_ch8_s16_l0.mp3","narrator","narration",153,"Gaia was there. 87%. Or more. Or complete. Depending. But Gaia was there. Built with Olu and Mariam's wedding fund. It was there regardless of which way."
"fsp_campaign_ch8_s18_l0.mp3","narrator","narration",205,"Mariam had been gone for six months. Mining accident. That marriage could happen twice. But there was no marriage. The spacecraft was complete. That was there now. Gaia. Meaning Earth. The name Hagar gave."
"fsp_campaign_ch8_s18c_letter3_l0.mp3","narrator","narration",230,"The letter was inside Gaia. Beside the navigation computer. Written with the places Gaia would go. The things Mariam had wanted to see. Outside Mars. Far places. Things without names. The letter would go there. Together with Gaia."
"fsp_campaign_ch8_s19_l0.mp3","narrator","narration",269,"Dawn. Light came to the shipyard. Light touched the side of Gaia. Meaning Earth. The name Hagar gave. A name given by the last generation to remember Earth. On Mars those who remembered Earth were diminishing. But the name remained. Names outlived those who remembered."
"fsp_campaign_ch8_s19c_generation_l0.mp3","narrator","narration",210,"What the first generation remembered the second didn't. That was generation. The Earth that Hagar remembered. Yuna and Lena didn't remember it. But Gaia was there. The name was there. Memory remained as a name."
"fsp_campaign_ch9_s_ending_l0.mp3","narrator","ending",51,"Descending from Olympus Rev. Hale called the names."
"fsp_campaign_ch9_s_ending_l1.mp3","narrator","ending",23,"Alone. Inside the mask."
"fsp_campaign_ch9_s_ending_l2.mp3","narrator","ending",52,"Kim Yong-jin. Mariam Adeyemi. The three of Sector 7."
"fsp_campaign_ch9_s_ending_l3.mp3","narrator","ending",43,"The names below. The names not yet written."
"fsp_campaign_ch9_s_ending_l4.mp3","narrator","ending",39,"The Martian sky was red. It always was."
"fsp_campaign_ch9_s_ending_l5.mp3","narrator","ending",64,"But descending while calling names the red sky looked different."
"fsp_campaign_ch9_s_ending_l6.mp3","narrator","ending",30,"That was the effect of prayer."
"fsp_campaign_ch9_s_fail_l0.mp3","narrator","narration",24,"The agreement collapsed."
"fsp_campaign_ch9_s_fail_l1.mp3","narrator","narration",50,"After the assassination attempt distrust remained."
"fsp_campaign_ch9_s_fail_l2.mp3","narrator","narration",52,"Three factions looked at each other. With suspicion."
"fsp_campaign_ch9_s_fail_l3.mp3","narrator","narration",20,"Rev. Hale descended."
"fsp_campaign_ch9_s_fail_l4.mp3","narrator","narration",32,"Praying. As when he had climbed."
"fsp_campaign_ch9_s_fail_l5.mp3","narrator","narration",53,"The names still unrecorded. But the prayer continued."
"fsp_campaign_ch9_s_fail_l6.mp3","narrator","narration",45,"If prayer stopped that would be the real end."
"fsp_campaign_ch9_s01_l0.mp3","narrator","narration",39,"Rev. Elias Hale prayed while ascending."
"fsp_campaign_ch9_s01_l1.mp3","narrator","narration",36,"Prayer was not words. It was breath."
"fsp_campaign_ch9_s01_l2.mp3","narrator","narration",48,"The breath of climbing Olympus. Inside the mask."
"fsp_campaign_ch9_s01_l3.mp3","narrator","narration",51,"Each breath a prayer. Prayer on Mars was like that."
"fsp_campaign_ch9_s01_l4.mp3","narrator","narration",47,"The act of breathing itself had to be a choice."
"fsp_campaign_ch9_s02_l0.mp3","narrator","narration",50,"Olympus. The tallest mountain in the solar system."
"fsp_campaign_ch9_s02_l1.mp3","narrator","narration",69,"West of the Martian equator. 21 kilometers high. Three times Everest."
"fsp_campaign_ch9_s02_l2.mp3","narrator","narration",60,"The summit sat above most of the Martian atmosphere. Almost."
"fsp_campaign_ch9_s02_l3.mp3","narrator","narration",38,"It had taken three days to reach here."
"fsp_campaign_ch9_s02_l4.mp3","narrator","narration",37,"MCC escort. FSP delegation. CV envoy."
"fsp_campaign_ch9_s02_l5.mp3","narrator","narration",55,"Three factions walked the same road for the first time."
"fsp_campaign_ch9_s03_l0.mp3","narrator","narration",52,"The summit station was small. One dome. Three rooms."
"fsp_campaign_ch9_s03_l1.mp3","narrator","narration",68,"It had been a science outpost ten years ago. Now nobody lived there."
"fsp_campaign_ch9_s03_l2.mp3","narrator","narration",39,"Someone had brought a table and chairs."
"fsp_campaign_ch9_s03_l3.mp3","narrator","narration",72,"Mikhail had come up himself to set it up, they said. That sounded right."
"fsp_campaign_ch9_s03_l4.mp3","narrator","narration",48,"On the table was one sheet of paper and one pen."
"fsp_campaign_ch9_s03_l5.mp3","narrator","narration",42,"Whether for signing or for notes. Unknown."
"fsp_campaign_ch9_s04_l0.mp3","narrator","narration",31,"Rev. Hale knew why he was here."
"fsp_campaign_ch9_s04_l1.mp3","narrator","narration",29,"Not a negotiator. A minister."
"fsp_campaign_ch9_s04_l2.mp3","narrator","narration",68,"His congregation was miners. He held service at the tunnel entrance."
"fsp_campaign_ch9_s04_l3.mp3","narrator","narration",37,"When they died he called their names."
"fsp_campaign_ch9_s04_l4.mp3","narrator","narration",41,"Not many could conduct a funeral on Mars."
"fsp_campaign_ch9_s04_l5.mp3","narrator","narration",29,"So he had come. That was all."
"fsp_campaign_ch9_s06_l0.mp3","narrator","narration",59,"Lena was beside him. The player was there. Amara was there."
"fsp_campaign_ch9_s06_l1.mp3","narrator","narration",28,"FSP delegation. Five people."
"fsp_campaign_ch9_s06_l2.mp3","narrator","narration",41,"There were others too. Bodyguards. Aides."
"fsp_campaign_ch9_s06_l3.mp3","narrator","narration",34,"Fifteen people inside the station."
"fsp_campaign_ch9_s06_l4.mp3","narrator","narration",36,"Rev. Hale looked at them one by one."
"fsp_campaign_ch9_s06_l5.mp3","narrator","narration",50,"He wanted to know their names. That was his habit."
"fsp_campaign_ch9_s08_l0.mp3","narrator","narration",20,"The room went quiet."
"fsp_campaign_ch9_s08_l1.mp3","narrator","narration",31,"Chen Weiss looked at Rev. Hale."
"fsp_campaign_ch9_s08_l2.mp3","narrator","narration",78,"Cinder Grace placed her hand on the tool belt. Didn't grip it. Just placed it."
"fsp_campaign_ch9_s08_l3.mp3","narrator","narration",24,"Lena uncrossed her arms."
"fsp_campaign_ch9_s08_l4.mp3","narrator","narration",33,"Rev. Hale took out paper. Folded."
"fsp_campaign_ch9_s08_l5.mp3","narrator","narration",49,"Old paper. Folded many times. Worn with handling."
"fsp_campaign_ch9_s10_l0.mp3","narrator","narration",40,"Chen Weiss set down her tea. First time."
"fsp_campaign_ch9_s10_l1.mp3","narrator","narration",45,"She hadn't drunk it. But she had set it down."
"fsp_campaign_ch9_s10_l2.mp3","narrator","narration",21,"That meant something."
"fsp_campaign_ch9_s10_l3.mp3","narrator","narration",19,"Cinder Grace spoke."
"fsp_campaign_ch9_s12_l0.mp3","narrator","narration",21,"A sound from outside."
"fsp_campaign_ch9_s12_l1.mp3","narrator","narration",68,"Not wind. The summit of Olympus had no wind. Too thin an atmosphere."
"fsp_campaign_ch9_s12_l2.mp3","narrator","narration",10,"Footsteps."
"fsp_campaign_ch9_s12_l3.mp3","narrator","narration",21,"One bodyguard ran in."
"fsp_campaign_ch9_s14_l0.mp3","narrator","narration",15,"The room froze."
"fsp_campaign_ch9_s14_l1.mp3","narrator","narration",49,"Chen Weiss and Cinder Grace looked at each other."
"fsp_campaign_ch9_s14_l2.mp3","narrator","narration",26,"Lena looked at the player."
"fsp_campaign_ch9_s14_l3.mp3","narrator","narration",33,"Amara moved to stand by the door."
"fsp_campaign_ch9_s14_l4.mp3","narrator","narration",36,"Rev. Hale folded the paper. Quietly."
"fsp_campaign_ch9_s14_l5.mp3","narrator","narration",54,"There were moments that required prayer. This was one."
"fsp_campaign_ch9_s16_l0.mp3","narrator","narration",26,"Pilgrim Arms had a target."
"fsp_campaign_ch9_s16_l1.mp3","narrator","narration",13,"Not just one."
"fsp_campaign_ch9_s16_l2.mp3","narrator","narration",65,"Five people in the summit station. The key figures of the summit."
"fsp_campaign_ch9_s16_l3.mp3","narrator","narration",54,"Rev. Hale. Chen Weiss. Cinder Grace. Lena. The player."
"fsp_campaign_ch9_s16_l4.mp3","narrator","narration",45,"Three guards to protect them. Four assassins."
"fsp_campaign_ch9_s16_l5.mp3","narrator","narration",54,"Someone could be sacrificed. That was the calculation."
"fsp_campaign_ch9_s18_l0.mp3","narrator","narration",57,"Outside the station. The rocky terrain of Olympus summit."
"fsp_campaign_ch9_s18_l1.mp3","narrator","narration",45,"Almost no air. Thirty seconds without a mask."
"fsp_campaign_ch9_s18_l2.mp3","narrator","narration",47,"Four Pilgrim Arms assassins came from the west."
"fsp_campaign_ch9_s18_l3.mp3","narrator","narration",60,"Their equipment was perfect. Trained for low-gravity combat."
"fsp_campaign_ch9_s18_l4.mp3","narrator","narration",52,"But Amara and the player had ascended Olympus first."
"fsp_campaign_ch9_s18_l5.mp3","narrator","narration",22,"They knew the terrain."
"fsp_campaign_ch9_s20_l0.mp3","narrator","narration",42,"The battle at Olympus summit had no sound."
"fsp_campaign_ch9_s20_l1.mp3","narrator","narration",42,"The atmosphere too thin to carry gunshots."
"fsp_campaign_ch9_s20_l2.mp3","narrator","narration",47,"A silent battle. It looked like shadows moving."
"fsp_campaign_ch9_s20_l3.mp3","narrator","narration",59,"Inside the station Rev. Hale watched it through the window."
"fsp_campaign_ch9_s20_l4.mp3","narrator","narration",74,"He prayed. Without names. There were assassins whose names he didn't know."
"fsp_campaign_ch9_s20_l5.mp3","narrator","narration",30,"They too were someone's names."
"fsp_campaign_ch9_s22_l0.mp3","narrator","narration",30,"Sound from outside the window."
"fsp_campaign_ch9_s22_l1.mp3","narrator","narration",55,"Not the silent battle. The sound of something breaking."
"fsp_campaign_ch9_s22_l2.mp3","narrator","narration",36,"Rev. Hale looked through the window."
"fsp_campaign_ch9_s22_l3.mp3","narrator","narration",15,"Amara was down."
"fsp_campaign_ch9_s22_l4.mp3","narrator","narration",24,"Getting up. Not injured."
"fsp_campaign_ch9_s22_l5.mp3","narrator","narration",40,"Two assassins were down. Not getting up."
"fsp_campaign_ch9_s24_l0.mp3","narrator","narration",17,"The battle ended."
"fsp_campaign_ch9_s24_l1.mp3","narrator","narration",45,"Three of four assassins subdued. One escaped."
"fsp_campaign_ch9_s24_l2.mp3","narrator","narration",52,"The player and Cinder Grace returned to the station."
"fsp_campaign_ch9_s24_l3.mp3","narrator","narration",44,"Amara had a wound on her left arm. Not deep."
"fsp_campaign_ch9_s24_l4.mp3","narrator","narration",29,"Lena saw it and said nothing."
"fsp_campaign_ch9_s24_l5.mp3","narrator","narration",50,"That was Lena's way. Silence when she saw a wound."
"fsp_campaign_ch9_s26_l0.mp3","narrator","narration",35,"Five people sat at the table again."
"fsp_campaign_ch9_s26_l1.mp3","narrator","narration",38,"They had just been fighting assassins."
"fsp_campaign_ch9_s26_l2.mp3","narrator","narration",39,"But at the table they were negotiators."
"fsp_campaign_ch9_s26_l3.mp3","narrator","narration",50,"The Martian way. Continue as long as you're alive."
"fsp_campaign_ch9_s26_l4.mp3","narrator","narration",35,"Rev. Hale unfolded the paper again."
"fsp_campaign_ch9_s26_l5.mp3","narrator","narration",17,"There were names."
"fsp_campaign_ch9_s29_l0.mp3","narrator","narration",31,"Rev. Hale was not a negotiator."
"fsp_campaign_ch9_s29_l1.mp3","narrator","narration",43,"But he knew how people opened their hearts."
"fsp_campaign_ch9_s29_l2.mp3","narrator","narration",51,"At funerals. At deathbeds. When children were born."
"fsp_campaign_ch9_s29_l3.mp3","narrator","narration",33,"There was a common thread. Names."
"fsp_campaign_ch9_s29_l4.mp3","narrator","narration",46,"When you called someone's name people changed."
"fsp_campaign_ch9_s29_l5.mp3","narrator","narration",65,"Chen Weiss had a name. Cinder Grace too. That was where to start."
"fsp_campaign_ch9_s32_l0.mp3","narrator","narration",33,"Cinder Grace looked at Rev. Hale."
"fsp_campaign_ch9_s32_l1.mp3","narrator","narration",16,"For a long time."
"fsp_campaign_ch9_s32_l2.mp3","narrator","narration",45,"Then she lowered her hand from the tool belt."
"fsp_campaign_ch9_s32_l3.mp3","narrator","narration",19,"Rev. Hale saw that."
"fsp_campaign_ch9_s32_l4.mp3","narrator","narration",44,"A small thing. But small things made tables."
"fsp_campaign_ch9_s34_l0.mp3","narrator","narration",43,"Negotiations proceeded. For the first time."
"fsp_campaign_ch9_s34_l1.mp3","narrator","narration",44,"Three factions looked in the same direction."
"fsp_campaign_ch9_s34_l2.mp3","narrator","narration",35,"Not completely. But it was a first."
"fsp_campaign_ch9_s34_l3.mp3","narrator","narration",43,"Rev. Hale looked at the paper on the table."
"fsp_campaign_ch9_s34_l4.mp3","narrator","narration",20,"A pen was beside it."
"fsp_campaign_ch9_s34_l5.mp3","narrator","narration",23,"Names could be written."
"fsp_campaign_ch9_s36_l0.mp3","narrator","narration",16,"The door opened."
"fsp_campaign_ch9_s36_l1.mp3","narrator","narration",49,"One subdued Pilgrim Arms assassin was dragged in."
"fsp_campaign_ch9_s36_l2.mp3","narrator","narration",48,"Amara was holding the arm. With her injured arm."
"fsp_campaign_ch9_s36_l3.mp3","narrator","narration",16,"Rev. Hale stood."
"fsp_campaign_ch9_s36_l4.mp3","narrator","narration",36,"He walked first toward the assassin."
"fsp_campaign_ch9_s38_l0.mp3","narrator","narration",26,"Cinder Grace watched that."
"fsp_campaign_ch9_s38_l1.mp3","narrator","narration",24,"Chen Weiss watched that."
"fsp_campaign_ch9_s38_l2.mp3","narrator","narration",18,"Lena watched that."
"fsp_campaign_ch9_s38_l3.mp3","narrator","narration",35,"Rev. Hale wrote Ramos on the paper."
"fsp_campaign_ch9_s38_l4.mp3","narrator","narration",60,"An assassin's name and negotiators' names on the same paper."
"fsp_campaign_ch9_s38_l5.mp3","narrator","narration",16,"A first on Mars."
"fsp_campaign_ch9_s40_l0.mp3","narrator","narration",28,"Talon Group. A name emerged."
"fsp_campaign_ch9_s40_l1.mp3","narrator","narration",43,"Where there was a name there was existence."
"fsp_campaign_ch9_s40_l2.mp3","narrator","narration",39,"What existed could be held accountable."
"fsp_campaign_ch9_s40_l3.mp3","narrator","narration",30,"Rev. Hale wrote that name too."
"fsp_campaign_ch9_s40_l4.mp3","narrator","narration",31,"Names accumulated on the paper."
"fsp_campaign_ch9_s40_l5.mp3","narrator","narration",77,"The dead. The living. Those who had no names. Those now speaking their names."
"fsp_campaign_ch9_s42_l0.mp3","narrator","narration",25,"The agreement took shape."
"fsp_campaign_ch9_s42_l1.mp3","narrator","narration",61,"Each of the three factions didn't get everything they wanted."
"fsp_campaign_ch9_s42_l2.mp3","narrator","narration",49,"But together they made one thing they all wanted."
"fsp_campaign_ch9_s42_l3.mp3","narrator","narration",24,"A first in Mars history."
"fsp_campaign_ch9_s42_l4.mp3","narrator","narration",61,"Rev. Hale looked at the window. The sky above Olympus summit."
"fsp_campaign_ch9_s42_l5.mp3","narrator","narration",15,"Red. As always."
"fsp_campaign_ch9_s44_l0.mp3","narrator","narration",33,"Mikhail contacted them. By radio."
"fsp_campaign_ch9_s44_l1.mp3","narrator","narration",44,"He was below the station. Thirty kilometers."
"fsp_campaign_ch9_s44_l2.mp3","narrator","narration",25,"He would be drinking tea."
"fsp_campaign_ch9_s44_l3.mp3","narrator","narration",41,"Two cups. Right hand supporting the left."
"fsp_campaign_ch9_s46_l0.mp3","narrator","narration",41,"But there was still something unfinished."
"fsp_campaign_ch9_s46_l1.mp3","narrator","narration",21,"One escaped assassin."
"fsp_campaign_ch9_s46_l2.mp3","narrator","narration",12,"Talon Group."
"fsp_campaign_ch9_s46_l3.mp3","narrator","narration",24,"And an internal traitor."
"fsp_campaign_ch9_s46_l4.mp3","narrator","narration",28,"Who had called Pilgrim Arms."
"fsp_campaign_ch9_s46_l5.mp3","narrator","narration",50,"It had come from within one of the three factions."
"fsp_campaign_ch9_s48_l0.mp3","narrator","narration",25,"The agreement was signed."
"fsp_campaign_ch9_s48_l1.mp3","narrator","narration",37,"Three lines. As Rev. Hale had wanted."
"fsp_campaign_ch9_s48_l2.mp3","narrator","narration",45,"First: Every Mars worker is recorded by name."
"fsp_campaign_ch9_s48_l3.mp3","narrator","narration",40,"Second: Labor accidents are made public."
"fsp_campaign_ch9_s48_l4.mp3","narrator","narration",30,"Third: Names cannot be erased."
"fsp_campaign_ch9_s48_l5.mp3","narrator","narration",64,"Signed by Chen Weiss. Cinder Grace. Lena. The player. Rev. Hale."
"fsp_campaign_ch9_s48_l6.mp3","narrator","narration",50,"And Ramos. The assassin's signature was there too."
"fsp_campaign_ch9_s48_l7.mp3","narrator","narration",32,"That was Rev. Hale's insistence."
"fsp_campaign_ch9_s49_l0.mp3","narrator","narration",17,"Rev. Hale prayed."
"fsp_campaign_ch9_s49_l1.mp3","narrator","narration",26,"He didn't remove the mask."
"fsp_campaign_ch9_s49_l2.mp3","narrator","narration",39,"He prayed inside the mask. With breath."
"fsp_campaign_ch9_s49_l3.mp3","narrator","narration",52,"Kim Yong-jin. Mariam Adeyemi. The three of Sector 7."
"fsp_campaign_ch9_s49_l4.mp3","narrator","narration",76,"The twenty of Zone C. The forty-two of Hellas. The nameless ones of Zone 12."
"fsp_campaign_ch9_s49_l5.mp3","narrator","narration",27,"Now they would be recorded."
"fsp_prologue_p01_l0.mp3","narrator","narration",141,"2087. Year 17 of Mars settlement. New Athens — free settlement in Hellas Basin. Population 4,200. A town built by hand, not by a corporation."
"fsp_prologue_p02_l0.mp3","narrator","narration",190,"Nine months from Earth departure. Three days after Mars atmospheric entry. From above Hellas Basin the surface was visible for the first time. Red. Redder than expected. Not like the photos."
"fsp_prologue_p03_l0.mp3","narrator","narration",108,"You had just arrived. One sheet of paper with a green FSP stamp. That was all that proved you belonged here."
"fsp_prologue_p04_l0.mp3","narrator","narration",205,"People were at the landing pad. Most were miners. Rough hands. Eyes were different. Eyes not seen on Earth. The eyes of someone who had endured a long time. But there was light. Light not yet extinguished."
"fsp_prologue_p05_l0.mp3","narrator","narration",190,"Hellas labor district. Too narrow to call a village. Too human-smelling to call a base. Made by the first Mars generation. Added to by the next. And the one after. Seventeen years of layers."
"fsp_prologue_p06_l0.mp3","narrator","narration",131,"Names were on the walls. Written in chalk. Miners' names. Dates. Some were old. Some were new. Chalk was weak. But they were there."
"fsp_prologue_p08_l0.mp3","narrator","narration",180,"Lena Torres. A tattoo on the left arm. Names. Wrist to shoulder. What it was wasn't yet known. But that it was important was known. People engrave important things on their bodies."
"fsp_prologue_p09_l0.mp3","narrator","narration",184,"There was a corridor. Narrow. Leading inward. Lena walked ahead. A fast person. Fast walk, fast talk, fast judgment. Many such people in this village. On Mars being slow was expensive."
"fsp_prologue_p10_l0.mp3","narrator","narration",146,"A room. Small. One window. Through the window Mars was visible. Red plains. Beyond that something was there. A mine. Lights still on. Night shift."
"fsp_prologue_p11_l0.mp3","narrator","narration",197,"The sound of tea being made. From inside the room. And there was that person. Someone standing with their back turned. Shoulders not wide. Not tall. But that back was the largest thing in the room."
"fsp_prologue_p13_l0.mp3","narrator","narration",194,"Mikhail Anders. The man who made FSP. Twenty-eight years ago. A man who had been a miner. That was in both hands. The right hand cradled the left. The way he poured tea. That was this man's way."
"fsp_prologue_p14_l0.mp3","narrator","narration",161,"Tea was poured. Two cups. One came forward. With both hands. It was received. Still hot. Hot things on Mars didn't last. It was right to receive. To receive now."
"fsp_prologue_p16_l0.mp3","narrator","narration",168,"Lena picked up her cup. One hand. Drank quickly. That was her way. Mikhail held his cup with both hands. Looked at it long. That was his way. Two ways in the same room."
"fsp_prologue_p18_l0.mp3","narrator","narration",187,"The village was walked. Night. The Martian night. Many stars. Because the atmosphere was thin. Clearer than Earth. Below that the village. Lights. Coming from windows. People were living."
"fsp_prologue_p19_l0.mp3","narrator","narration",172,"A sound. A child's voice. Laughter. A child laughing on Mars. That was strangely surprising. Mars had become a place where children grew up. Seventeen years had made it so."
"fsp_prologue_p20_l0.mp3","narrator","narration",204,"The names on the wall were looked at again. Chalk. Dates. Some names had a star mark beside them. What that was wasn't known. Whether they were names of the dead. Of those who had left. Or something else."
"fsp_prologue_p21_l0.mp3","narrator","narration",144,"The mine was visible. Lights still on. Night shift. On Mars mines didn't stop. People took turns inside them. That was why this village existed."
"fsp_prologue_p23_l0.mp3","narrator","narration",193,"Yuna Kim. Twenty-one years old. Born on Mars. Mars 1.5 generation. What the first generation made and the next received. Children who had grown up. The newest and oldest things in this village."
"fsp_prologue_p25_l0.mp3","narrator","narration",207,"Dawn came. The Martian dawn. The sun rose slowly. Slower than Earth. The sky mixed red and yellow. First time seeing it. But not strange. There were moments when unfamiliar things felt natural. This was one."
"fsp_prologue_p26_l0.mp3","narrator","narration",157,"Mikhail was outside at dawn. Alone. Holding tea. With both hands. Seen through a window. He was looking toward the mines. No words. That was this man's dawn."
"fsp_prologue_p27_l0.mp3","narrator","narration",200,"Learned later. Mikhail's right leg. Mining accident. Old thing. It hurt more when the weather was bad. Bad weather days on Mars were many. But it was never seen mentioned. Nor stopping the tea making."
"fsp_prologue_p29_l0.mp3","narrator","narration",206,"The village woke. People came out. Each had work. Those going to the mines. Those bringing out children. Those making food. Those repairing things. Everyone had rough hands. Everyone moved with familiarity."
"fsp_prologue_p30_l0.mp3","narrator","narration",183,"Amara Okafor came. The person who had been unreachable. The reason for coming to Mars, half of it. She was waiting. Standing as if she had been waiting a long time and it was nothing."
"fsp_prologue_p32_l0.mp3","narrator","narration",191,"Amara Okafor. FSP representative. From southern Hellas. A political person. But also an idealist. Both in one person. Whether that was possible on Mars wasn't known. Here it would be learned."
"fsp_prologue_p33_l0.mp3","narrator","narration",169,"The mine was visible. The dawn shift started. People went inside. Someone waving. Someone nodding. Someone not looking back. Each their own way. The way of going inside."
"fsp_prologue_p34_l0.mp3","narrator","narration",197,"Mikhail drank tea. Holding the cup with both hands. Looking at the mine. Finished it. Set the cup down. With the right hand. Looked at it a moment. The empty cup. Then began preparing the next cup."
"fsp_prologue_p35_l0.mp3","narrator","ending",240,"The tea was warm. For the first time. This village felt like it could be home. If home is possible on this planet.  The mine had lights. Names were on the wall. Children were laughing. Mikhail was pouring tea with both hands.  That was FSP."
"hidden_campaign_ch1_s01_l0.mp3","narrator","narration",210,"Mars. Red. Always red. Not the observer's first sight. But the first time. Feet touching ground. The surface of Mars. Pressure mask. Oxygen. Numbers. The observer didn't look at numbers. Looked at other things."
"hidden_campaign_ch1_s02_l0.mp3","narrator","narration",196,"Hellas Central. There were people. People going in. People coming out. People standing. People moving. The observer stopped. Only the observer had stopped. That was this person's nature. Stopping."
"hidden_campaign_ch1_s03_l0.mp3","narrator","narration",287,"The MCC building was there. Different from before. The observer had seen photos. Before arriving on Mars. Photos and now were different. Whether the building had grown taller or shorter was unknown. But it was different. The people were different. The faces of the people were different."
"hidden_campaign_ch1_s04_l0.mp3","narrator","narration",229,"The faces were tired. Or vigilant. Or both. Tiredness and vigilance made the same expression. Eyes narrowed. Mouths closed. Shoulders lowered. That was the expression of Mars people. Or the expression of Mars people in this time."
"hidden_campaign_ch1_s05_l0.mp3","narrator","narration",237,"Someone looked at the observer. While passing. These people didn't stop. Stopping on Mars was a luxury. That gaze said the observer had stopped. A stranger. Someone who didn't know Mars. The observer saw that gaze. That too was a record."
"hidden_campaign_ch1_s06_l0.mp3","narrator","narration",231,"Next to the MCC building was another building. An old one. Older than the MCC building. In front of it people stood in a line. Waiting for something. Rations or permits or news. The observer looked at that line. It was a long line."
"hidden_campaign_ch1_s07_l0.mp3","narrator","narration",255,"In the line there was a child. Next to an adult. There were children on Mars. That was a first sight. Not in the photos. The child looked at the Martian soil. The adult looked forward. The child and adult saw the same thing differently. That too was Mars."
"hidden_campaign_ch1_s08_l0.mp3","narrator","narration",268,"On the outer wall of Hellas Central there was something. Not clearly visible. The observer moved closer. A handprint. Old. Red soil embedded. Someone had leaned on this wall. The reason was unknown. But a hand had been there. The size of the hand. It was a small hand."
"hidden_campaign_ch1_s09_l0.mp3","narrator","narration",228,"The observer stood next to the handprint. Raised their own hand. Didn't match. Someone else's. Long ago this hand had been on this wall. Where that person was now was unknown. Only the wall remained. Only the handprint remained."
"hidden_campaign_ch1_s10_l0.mp3","narrator","narration",247,"The mine exterior was visible. From Hellas Central. Far away. There were smokestacks. No smoke. Smokestacks without smoke were different. Different from operating ones. Something had changed. Or was changing. The observer looked in that direction."
"hidden_campaign_ch1_s11_l0.mp3","narrator","narration",230,"The mine exterior. Equipment. Things not in use. Things parked. They received the dust. Martian dust. Red. The equipment didn't rust. No air. But dust accumulated. If not used dust accumulated. That was the time of this equipment."
"hidden_campaign_ch1_s12_l0.mp3","narrator","narration",203,"There were miners. At the mine entrance. Miners not going inside. Sitting. Standing. Some were talking. Some were not talking. Their eyes faced the entrance. But they didn't enter. There was some reason."
"hidden_campaign_ch1_s13_l0.mp3","narrator","narration",250,"Two miners spoke in low voices. The observer heard. Not all of it. Fragments. Accident. Compensation. Numbers. A name. A name was audible. The observer didn't know it. But it was a name. On Mars there were many names. Some remembered. Some forgotten."
"hidden_campaign_ch1_s14_l0.mp3","narrator","narration",284,"Next to the mine entrance there was a board. A notice of some kind. The observer read it. MCC logo. Date. Numbers. Legal terms. Below that someone had written by hand. A pen. In small writing. The observer bent down. The writing looked like it might be erased. But it was still there."
"hidden_campaign_ch1_s15_l0.mp3","narrator","narration",266,"The writing was names. Three. Four. Five. Whether that was all was unknown. The space below the notice was small. The names were beneath MCC legal terms. The legal terms were large. The names were small. But the names were there. That they existed was what mattered."
"hidden_campaign_ch1_s16_l0.mp3","narrator","narration",234,"The observer stood. The miners were still in front of the entrance. Not going in. The observer could have asked the reason. But didn't ask. Asking was intervention. Intervention was not the observer's work. That was this person's way."
"hidden_campaign_ch1_s17_l0.mp3","narrator","narration",327,"A mining village. Empty. Not entirely. But many houses were empty. Doors were open. Doors with nothing inside. The observer walked. Walked through alleys. Footsteps sounded. No other footsteps. There was no way to know that this village had once been full of people. But it could be known. The way of being empty was different."
"hidden_campaign_ch1_s18_l0.mp3","narrator","narration",273,"Inside a house there were objects. Some houses. Things left behind by those who left. A cup. A shoe. A photograph. There was a photograph. The observer didn't go inside. Only looked from the doorway. What that photograph showed couldn't be known. But it had been someone's."
"hidden_campaign_ch1_s19_l0.mp3","narrator","narration",267,"In the center of the village was an open space. Something like a gathering place. There was a table. A broken one. Chairs too. In one corner there were traces of a fire. Ash. Recent and old mixed. People had come here recently too. To an empty village. To burn fires."
"hidden_campaign_ch1_s20_l0.mp3","narrator","narration",219,"The observer crouched in front of that ash. Didn't touch it with fingers. Only looked. The ash was gray. Gray ash on red Martian soil. The colors were different. That fire had been there the color said. That was enough."
"hidden_campaign_ch1_s21_l0.mp3","narrator","narration",279,"At the end of the village there were traces of an explosion. An old one. The wall was charred black. The observer walked in that direction. Where the explosion had come from. Whether from inside or outside. Unknown. But it was there. There were traces. Things not yet cleaned up."
"hidden_campaign_ch1_s22_l0.mp3","narrator","narration",275,"On the charred wall there were handprints. Multiple handprints. Those of people who had escaped. They had leaned on the wall to get out. Those handprints all faced the same direction. The exit direction. All had tried to get out alive. Whether they got out alive was unknown."
"hidden_campaign_ch1_s23_l0.mp3","narrator","narration",264,"There was a person cleaning. One person. An old person. Looked at the observer. Didn't speak. The observer didn't speak either. The old person swept ash with a broom. Old ash. How long they had been sweeping was unknown. How long they would sweep was also unknown."
"hidden_campaign_ch1_s24_l0.mp3","narrator","narration",231,"The outskirts of Zone 4. A closed zone. There was a sign. MCC logo. No entry. The observer stopped. Looked at the sign. Behind the sign there was something. Building rubble. Or what had been a building. The entire zone was blocked."
"hidden_campaign_ch1_s25_l0.mp3","narrator","narration",276,"Next to the sign there was a small stone marker. Not erected by MCC. Erected by someone. Names were carved in the stone. The observer approached. Tried to read the names. Couldn't read them. The writing had been erased. Whether deliberately erased. Or erased by time. Unknown."
"hidden_campaign_ch1_s26_l0.mp3","narrator","narration",280,"The names on the marker couldn't be read. But the marker was there. Someone had erected it. There was someone who wanted to remember names. There was also someone who wanted to erase names. The marker was between them. Between memory and oblivion. The marker was winning. For now."
"hidden_campaign_ch1_s27_l0.mp3","narrator","narration",241,"Next to the marker there were flowers. No flowers on Mars. They had been brought. Someone had brought them from Earth. Or grown them on Mars. They were dried. Dead. But they had been brought. For these names. For names that couldn't be read."
"hidden_campaign_ch1_s28_l0.mp3","narrator","narration",276,"The trace of an explosion was visible in the distance. An old one. Thirty years at least or more. Explosion traces on Mars didn't disappear. No air. No rain. Traces remained as they were. On Earth traces were erased after thirty years. Not on Mars. On Mars traces lasted long."
"hidden_campaign_ch1_s29_l0.mp3","narrator","narration",303,"The observer looked in that direction. Looked for a long time. Even someone who didn't know what had been there could know that something had been there. That was the nature of Mars traces. They didn't disappear. So Mars was a place with many memories. A place with memories even when no one remembered."
"hidden_campaign_ch1_s30_l0.mp3","narrator","narration",258,"Night. The labor district. There were lights. Windows. Small lights. People were there. Inside the windows. The observer watched from outside. People inside windows. The observer outside windows. One pane of glass was the difference. But the glass was there."
"hidden_campaign_ch1_s31_l0.mp3","narrator","narration",279,"In one window there were shadows. Two people. They were talking. No sound was audible. Only shadows were visible. The shadows moved. One person raised a hand. Lowered it. The other watched. That was conversation. The content was unknown. Only that conversation existed was known."
"hidden_campaign_ch1_s32_l0.mp3","narrator","narration",302,"In the alley a person sat alone. Leaning against a wall. Knees raised. Doing nothing. The observer passed by. That person looked up. Looked down. The observer passed. It was brief. But those eyes were there. The eyes were seen. What the eyes were saying was unknown. But the eyes were saying something."
"hidden_campaign_ch1_s33_l0.mp3","narrator","narration",272,"In the center of the labor district there was a bulletin board. Flyers were posted. MCC notices. On top of them other things. Handwritten things. Small things. The observer read. Jobs. Missing persons. Names. Meetings. They were mixed. Each person's need was posted there."
"hidden_campaign_ch1_s34_l0.mp3","narrator","narration",247,"One missing person flyer. There was a photo. A person. A name. A date. Contact information. The observer looked at it. Didn't know where this person was. No way to know. But someone was looking for this person. Someone was searching. That existed."
"hidden_campaign_ch1_s35_l0.mp3","narrator","narration",244,"From high up in Hellas Central. The observer had ascended. Below was visible. All of it. MCC building. Mining village. Labor district. Mine. Zone 4. They were all in the same place. On the same red surface. Different things on the same surface."
"hidden_campaign_ch1_s36_l0.mp3","narrator","narration",189,"Other routes were here. As traces. In one route MCC had won. In one route FSP had won. In one route CV had won. But here was different. Here nothing had won. Everything remained. As traces."
"hidden_campaign_ch1_s37_l0.mp3","narrator","narration",274,"First night on Mars. The observer stood in front of the outer wall of Hellas Central. Where the handprint had been. A small handprint. A marker with unreadable names. An old person cleaning. A missing person flyer. All of those were in one day. The first day. That was Mars."
"hidden_campaign_ch1_s38_l0.mp3","narrator","ending",313,"The observer watched. That was why this person had come here. Watching. There were things seen on the first day. A handprint. Names. Ash. Explosion traces. Gazes. Those were traces. Traces of other routes. Traces of where this Mars had come from. The observer had to see more. Mars was there. That was everything."
"hidden_campaign_ch2_s01_l0.mp3","narrator","narration",240,"The northern Hellas. The wilderness. Where few people were. The observer walked. The surface was uneven. The surface of Mars was always uneven. But this area was different. People had dug. Machines had dug. Those traces were on the surface."
"hidden_campaign_ch2_s02_l0.mp3","narrator","narration",245,"A mining village. There was chalk. On the wall. Names. Kim Yong-jin. Names below. The observer looked. Who wrote them. Why they wrote. When they wrote. Those things were on the wall. Written by people who knew chalk was weak. So they wrote more."
"hidden_campaign_ch2_s03_l0.mp3","narrator","narration",243,"Below the name Kim Yong-jin there was a date. An old date. Below that other names. Dates. Some names had no date. Whether there had been no time to write dates. Or dates hadn't mattered. There were ones with only names. Only names were enough."
"hidden_campaign_ch2_s04_l0.mp3","narrator","narration",307,"The names were different sizes. Large names. Small names. Names written by trembling hands. Names written quickly. The names each spoke of their circumstances. Those with space wrote large. Those without time wrote small. Those who were afraid wrote with trembling hands. All of those were on the same wall."
"hidden_campaign_ch2_s05_l0.mp3","narrator","narration",282,"Near the bottom of the wall there was one name. Low down. It looked like a child had written it. Or like it had been written while sitting. The name couldn't be read. The handwriting was rough. But it was known to be a name. It had tried to say it had been here. The name said that."
"hidden_campaign_ch2_s06_l0.mp3","narrator","narration",270,"The observer read the names. Couldn't read all of them. Some had been erased. Erased by time. Or someone had erased them. Or part of the wall had broken. But there were names that could be read. The observer read those. Without sound. Not with the mouth. Only with eyes."
"hidden_campaign_ch2_s07_l0.mp3","narrator","narration",220,"Sandstone Junction. Where three directions split. There was much sand. Martian sand was red. This sand was also red. But there were footprints here. Many. In many directions. Many people had passed through this junction."
"hidden_campaign_ch2_s08_l0.mp3","narrator","narration",264,"The footprints were each different. Different sizes. Different depths. Footprints of heavy people. Footprints of fast people. Footprints of those who had run. Footprints of those who had walked. Those were in the sand. Sand was erasable. But they were still there."
"hidden_campaign_ch2_s09_l0.mp3","narrator","narration",298,"In each of the three directions there were traces of flags. Marks of flags planted and pulled. Small holes. The MCC direction. The FSP direction. The CV direction. Three flags had been here. Not now. They had been planted and pulled. The order was unknown. But it was known all three had been here."
"hidden_campaign_ch2_s10_l0.mp3","narrator","narration",239,"Three holes. The same size. The same depth. The same diameter flag poles. Three factions had used the same flag poles. Or had the same size will. The observer looked at the holes. The holes were empty. Empty holes said more than full ones."
"hidden_campaign_ch2_s11_l0.mp3","narrator","narration",326,"The observer stood in the center of the junction. Three directions were visible. In the MCC direction there was dust. In the FSP direction there were footprints. In the CV direction there was nothing. Three directions each had different things. The observer watched from the middle. The middle was the place that saw the most."
"hidden_campaign_ch2_s12_l0.mp3","narrator","narration",240,"The mine shaft entrance. The observer entered. Light decreased. Gloves. Hard hat. Equipment. These should have been there. The observer didn't have them. But entered. Observation could be done without equipment. Or the observer believed so."
"hidden_campaign_ch2_s13_l0.mp3","narrator","narration",306,"Inside the shaft there were tools. Abandoned things. A drill. Surveying equipment. Metal containers. Those leaned against the shaft walls or lay on the floor. Things used and discarded. Or things left behind. There was a difference. Discarded meant value was gone and left behind meant intending to return."
"hidden_campaign_ch2_s14_l0.mp3","narrator","narration",261,"On one container a name was carved. An owner. The observer read it. An unknown name. But a name was there. This container had been this person's. The person whose whereabouts were now unknown. Only the container was here. The container stood in for that person."
"hidden_campaign_ch2_s15_l0.mp3","narrator","narration",254,"On the shaft walls there were scratch marks. Traces of searching for ore. But there were other things too. Stars. Dates. Simple drawings. Someone had waited here. While waiting for ore. While waiting in the shaft. Drew something. Those were on the walls."
"hidden_campaign_ch2_s16_l0.mp3","narrator","narration",299,"Among the drawings there was a person. A stick figure. A simple one. Next to it was a smaller stick figure. Two people. An adult and a child. In a Martian mine shaft there was a drawing of an adult and a child. What the person who drew it had been thinking was unknown. But they had drawn it. There."
"hidden_campaign_ch2_s17_l0.mp3","narrator","narration",251,"MCC archive sublevel. The observer entered. Entered without permission. That was not the observer's way. But entered. There were cases where watching crossed a boundary without intervention. This was the first time the observer had crossed a boundary."
"hidden_campaign_ch2_s18_l0.mp3","narrator","narration",277,"There were documents. Old ones. Early Mars. When MCC was founded. The observer didn't look at them. Didn't want to know their content. But there was something else. Fast footprints. Recent. Two people. One of them had black hands. Ore dust. A miner's footprints in the archive."
"hidden_campaign_ch2_s19_l0.mp3","narrator","narration",251,"A drawer was open. Empty. Something had been there and was gone. Someone had taken it. Inside the drawer there was dust. A rectangular mark without dust. Where a chip had been. How long it had been there was unknown but a chip had been there. Not now."
"hidden_campaign_ch2_s20_l0.mp3","narrator","narration",297,"The observer looked at the empty drawer. For a long time. Didn't know where the chip had gone. Didn't know who had taken it. There were miners' footprints. Two people. The chip was gone. Whether those were connected was unknown. The observer didn't connect them. Looked at traces. That was enough."
"hidden_campaign_ch2_s21_l0.mp3","narrator","narration",259,"MCC Sector 12 ruins. This too was closed. For a different reason. Not an explosion. It had become unused. MCC had decided not to use it. Deciding not to use something and something being abandoned were different. But the result was the same. No one was there."
"hidden_campaign_ch2_s22_l0.mp3","narrator","narration",260,"Inside the building there was equipment. Equipment with MCC logos. Things not properly cleaned out. Things that could be used. But they were here. Usable equipment was here unused. What that said was unknown. Budget. Plans. People. One of those or all of them."
"hidden_campaign_ch2_s23_l0.mp3","narrator","narration",255,"In one room there was a photo. Posted on the wall. Not posted by MCC. Posted by someone later. In the photo there were people. A group photo. People wearing helmets. Miners. Or engineers. The observer looked. Didn't know who they were. The photo was here."
"hidden_campaign_ch2_s24_l0.mp3","narrator","narration",231,"Below the photo there was a note. A small one. The observer read it. A date. Names. And a short sentence. Zone 12. We were here. That was everything the note said. It was trying to say that they had been here. Nothing more or less."
"hidden_campaign_ch2_s25_l0.mp3","narrator","narration",175,"Outside Erebus crater. The observer had come. Come from far away. Coming here was not easy. But came. Because it was known there were traces here. Erebus had traces. Old ones."
"hidden_campaign_ch2_s26_l0.mp3","narrator","narration",202,"Ash from barrel fires. Old. New. Thirty years' worth were mixed. People had lived in this base. They burned fires. After fires went out ash remained. Ash was a trace too. Trace that fire had been there."
"hidden_campaign_ch2_s27_l0.mp3","narrator","narration",283,"The ashes were layered. Old ones below. New on top. That was time. The layers of ash spoke of time. Someone had burned fires here for a long time. Whether the same person or different people was unknown. The reason for burning fires was also unknown. There was fire. For a long time."
"hidden_campaign_ch2_s28_l0.mp3","narrator","narration",264,"Inside Erebus base. A small base. Not an MCC base. Something someone had built. Built by one person. The observer looked. There were characteristics of a base built by one person. Only necessities. Nothing unnecessary. Built by someone who knew what was necessary."
"hidden_campaign_ch2_s29_l0.mp3","narrator","narration",279,"On the table there was a photo. One. Old. Multiple people. Miners. That photo was on the table. No dust on it. Someone looked at it often. Or it had been wiped recently. The photo had been here a long time. The person who was here with the photo had looked at it for a long time."
"hidden_campaign_ch2_s30_l0.mp3","narrator","narration",210,"Kepler Crater. Footprints. Equipment marks. Analysis tools. Thirty years of traces were here. Liang Wei. The person who came alone. Who was alone for thirty years. Those traces were layered. Thirty-year layers."
"hidden_campaign_ch2_s31_l0.mp3","narrator","narration",257,"There was one set of footprints. One person's footprints. For thirty years walked in many directions. All those footprints were in this crater. Came alone. Walked alone. Analyzed alone. Those showed as footprints. That it had been alone the footprints said."
"hidden_campaign_ch2_s32_l0.mp3","narrator","narration",333,"In the center of the crater there was a collection point. There were markings. Numbers. Dates. Layered. The observer looked. Dates spanning thirty years. The same person every year. Every month. Some things every day. Had recorded. Recorded for thirty years to find out what this was. Whether it had been figured out yet was unknown."
"hidden_campaign_ch2_s33_l0.mp3","narrator","narration",274,"The observer stood at the edge of the crater. The sun was setting. Evening at Kepler Crater. Red sky. Redder crater. Thirty years of traces caught the evening light. Traces were more visible. Or looked more beautiful. The observer didn't record beauty. Only recorded traces."
"hidden_campaign_ch2_s34_l0.mp3","narrator","narration",241,"There was an abandoned object. At the edge of the crater. An old cup. Without an MCC logo. A personal item. Must have been some miner's. Or an engineer's. The cup was there. No one had taken it. Its owner was not here. Only the cup was here."
"hidden_campaign_ch2_s35_l0.mp3","narrator","narration",254,"The observer stopped in front of the cup. Didn't pick it up. Only see traces. That was the observer's way. If an object is picked up that object moves. The trace changes. The observer must not change traces. So didn't pick it up. Looked. That was enough."
"hidden_campaign_ch2_s36_l0.mp3","narrator","narration",293,"But while looking at the cup, thoughts arose. Who owned this cup. How this cup had come here. Why there was a cup at Kepler Crater. There were questions. The observer didn't ask questions. But there were questions. That was the first thing the observer had admitted. That there were questions."
"hidden_campaign_ch2_s37_l0.mp3","narrator","narration",314,"Came back to Zone 4. The closed place. The marker. The marker with unreadable names. The observer looked again. Nothing had changed. The names were still unreadable. There were flowers. Dead flowers. But there was something different from before. There was a new flower. Someone had come. Had brought a new flower."
"hidden_campaign_ch2_s38_l0.mp3","narrator","ending",285,"There were traces. Names. Footprints. A cup. Photos. Ash. A marker. A new flower. These were the history of Mars. History not in official records. History that existed only as traces. The observer watched them. Didn't pick up objects. Didn't connect. Watched. That was enough. For now."
"hidden_campaign_ch3_s01_l0.mp3","narrator","narration",226,"The foothills of Olympus Mons. The observer had come. After the Three Flags conference. How long after was unknown. That didn't matter. What mattered was that a conference had been. And that the observer was now at that place."
"hidden_campaign_ch3_s02_l0.mp3","narrator","narration",237,"Olympus was vast. The largest thing on Mars. The largest volcano in the solar system. The observer looked up. The summit wasn't visible. There were clouds. Or there was distance. Below on the foothills were traces of the conference site."
"hidden_campaign_ch3_s03_l0.mp3","narrator","narration",290,"There was a conference site. Traces of temporary structures. Where pillars had been. Where tents had been. Marks on the ground of things placed. Marks of people who had stood. It could be known that three groups had come. Each group had come from different directions. Footprints said that."
"hidden_campaign_ch3_s04_l0.mp3","narrator","narration",207,"Where flags had been. Three. Holes. The same kind of holes as seen at Sandstone. But larger. Larger flags had been here. More significant. Three holes formed a triangle. The center of the triangle was empty."
"hidden_campaign_ch3_s05_l0.mp3","narrator","narration",275,"The center of the triangle. The observer stood there. Three holes were around. MCC. FSP. CV. Three directions. The observer was in the middle. The fourth position. The place without a flag. But someone could stand there. The observer was standing there now. Without any flag."
"hidden_campaign_ch3_s06_l0.mp3","narrator","narration",228,"There was something there. The observer looked down at their feet. It was blood-colored. A bloodstain. Old. The red surface of Mars hid blood. But the color was different. A little darker. There was blood. Someone had died here."
"hidden_campaign_ch3_s07_l0.mp3","narrator","narration",253,"The observer crouched. Looked at the bloodstain. Not a small amount. May not have been instant death. Or it may have been. The amount didn't tell. What could be known was that someone had bled here. At the conference site. At the center of the triangle."
"hidden_campaign_ch3_s08_l0.mp3","narrator","narration",253,"There were other things around. Glass fragments. Metal fragments. Things that had broken. The conference had not been peaceful. Or something had happened after the conference ended. Three factions had left this place. Before that something had occurred."
"hidden_campaign_ch3_s09_l0.mp3","narrator","narration",270,"The footprints had changed. Before and after the conference were different. The incoming footprints had come slowly. The outgoing footprints were fast. Some were disordered. Had run or fought. Directions were different. Not all had gone the same way. They had scattered."
"hidden_campaign_ch3_s10_l0.mp3","narrator","narration",311,"The observer stepped back from the conference site. To see the whole. Wider. At the edge of the conference site there was something. Small. The observer approached. It was a fragment of a flag. A piece of colored cloth. Which of the three factions it belonged to couldn't be determined. The piece was too small."
"hidden_campaign_ch3_s11_l0.mp3","narrator","narration",234,"Next to the piece there was another piece. A different color. Another piece. Another color. Three pieces. Flag pieces of the three factions. Those were in the same place. Torn. There had been anger. Or an accident. Or intent. Unknown."
"hidden_campaign_ch3_s12_l0.mp3","narrator","narration",246,"But there was a fourth piece. The observer found it. A little away from where the three were. A different color. Not the color of the three factions. What color exactly wasn't clear. Old. Hit by Martian dust. But it was different. A fourth color."
"hidden_campaign_ch3_s13_l0.mp3","narrator","narration",308,"The observer looked at the fourth piece. Didn't pick it up. Looked. Who had brought this. Someone who was not among the three factions had come here. There had been a person who brought a fourth flag. Or someone who had tried to bring one. That person had bled at the center of the triangle. Or not. Unknown."
"hidden_campaign_ch3_s14_l0.mp3","narrator","narration",304,"The observer stood. Looked up at Olympus. The summit was still not visible. This mountain had watched the conference. Below it. The mountain was old. Older than Mars. Geologically. There had been a conference. There had been blood. There had been a fourth piece. The mountain had seen them. Didn't speak."
"hidden_campaign_ch3_s15_l0.mp3","narrator","narration",271,"The sun was setting. Evening at the foothills of Olympus. Shadows grew long. The shadow of the conference site also grew long. Bloodstain. Flag marks. The fourth piece. The shadows of those grew long. As the sun set the shadows of traces grew long. That was Mars evening."
"hidden_campaign_ch3_s16_l0.mp3","narrator","narration",255,"The observer sat. Sat for a long time. Looked at the conference site. Three holes. Bloodstain at the center. Scattered footprints. Torn flag pieces. The fourth piece. What these were saying couldn't be known. Yet. But these things existed. That was known."
"hidden_campaign_ch3_s17_l0.mp3","narrator","narration",311,"In the evening light the conference site looked different. Different from daytime. Shadows made the traces clearer. Or made them more ambiguous. The same thing looked different depending on the light. The observer knew that. Traces were different depending on when they were seen. That was the nature of traces."
"hidden_campaign_ch3_s18_l0.mp3","narrator","narration",305,"There were things the observer knew about the conference. Three factions had come. Had tried to reach agreement. Whether agreement was reached or not. Unknown. But traces said something had happened after the agreement. The bloodstain said that. Agreement was not peace. On Mars agreement was never peace."
"hidden_campaign_ch3_s19_l0.mp3","narrator","narration",229,"The observer walked again. Walked around the conference site. Slowly. Drawing a large circle. To see if things further away were visible. Whether there were traces away from the conference site. The observer searched. There were."
"hidden_campaign_ch3_s20_l0.mp3","narrator","narration",306,"Ten meters away were lone footprints. Unlike the three groups' footprints they had come alone. Had a size. Adult. Neither fast nor slow. Whether the person of these footprints had joined the conference was unknown. The footprints headed toward the conference site. But whether they had arrived was unknown."
"hidden_campaign_ch3_s21_l0.mp3","narrator","narration",287,"The footprints stopped. In the middle. On the way to the conference site. Where they stopped there were knee marks. Had fallen. Or had sat. And then went in a different direction. The footprints changed. Became heavier. Were dragged. Had been injured. Or tired. Or decided not to arrive."
"hidden_campaign_ch3_s22_l0.mp3","narrator","narration",288,"The observer tried to follow those footprints. Stopped. Not the observer's way. Seeing traces. Following traces. Those two were different. Following would lead to finding the end. Finding the end would lead to intervention. The observer didn't intervene. That was this person's condition."
"hidden_campaign_ch3_s23_l0.mp3","narrator","narration",299,"But the observer thought about whether the person of those footprints was the one who had brought the fourth flag. Tried not to think. But thought came. This person had come with the fourth flag. Stopped in the middle. Went another direction. Couldn't take the fourth flag. That piece remained here."
"hidden_campaign_ch3_s24_l0.mp3","narrator","narration",311,"The observer came back to the center of the triangle. Bloodstain. The fourth piece. Whether two things were the same person's or different people's was unknown. Couldn't be known. To know would require following. Following was not the observer's way. So it was unknown. That was the price of the observer's way."
"hidden_campaign_ch3_s25_l0.mp3","narrator","narration",243,"Why had a fourth flag been needed. The observer thought. There were three flags. Mars could be divided with those. Three factions could divide Mars. But someone had tried to bring a fourth. Something other than the three factions. What was it."
"hidden_campaign_ch3_s26_l0.mp3","narrator","narration",239,"The answer was unknown. That was the observer's way. Not knowing the answer. Seeing traces. Waiting until traces give an answer. Or seeing traces even without an answer. That was what the observer could do. That was all that could be done."
"hidden_campaign_ch3_s27_l0.mp3","narrator","narration",279,"Night passed. The observer had spent the night here. Near the conference site. That was a first. Spending the night near traces. Wanted to see if traces looked different at night. They did. At night traces were quiet. In the day traces talked a lot. At night traces only existed."
"hidden_campaign_ch3_s28_l0.mp3","narrator","narration",287,"Dawn light came. Dawn at the foothills of Olympus. Red light came first. Then other lights came. The conference site became visible again. In the dawn light. Looked different. Different from evening and from day. The same traces were different three times. That was the nature of traces."
"hidden_campaign_ch3_s29_l0.mp3","narrator","narration",275,"In the dawn light the fourth piece looked different. The color looked different. The color that couldn't be determined yesterday. The dawn light told it. It was white. It had been a white flag. The fourth flag was white. What a white flag meant was unknown. But it was white."
"hidden_campaign_ch3_s30_l0.mp3","narrator","narration",239,"A white flag. Surrender? Peace? Something else? The observer didn't know. White things were rare on Mars. No snow. No flowers. White things were brought. Someone had brought a white flag here. To know what that said more needed to be seen."
"hidden_campaign_ch3_s31_l0.mp3","narrator","narration",258,"The observer stood. Prepared to leave the conference site. Looked one last time. Three holes. Bloodstain at center. White flag piece. Footprints. Those were here. Would be here even after the observer left. On Mars traces lasted long. No rain. Wind was weak."
"hidden_campaign_ch3_s32_l0.mp3","narrator","narration",288,"The observer saw one more thing last. Next to the three holes there was a small stone. A stone without a mark. Whether natural or placed by someone was unknown. But it was inside the triangle of three holes. Near the center. What this was. Who had placed it. Unknown. That was everything."
"hidden_campaign_ch3_s33_l0.mp3","narrator","narration",289,"The observer stayed looking at the stone for a long time. The stone seemed to be saying something. But the words couldn't be heard. The stone didn't speak. Traces had things they said. Traces had things they didn't say. This stone was one of the things that didn't speak. But it was there."
"hidden_campaign_ch3_s34_l0.mp3","narrator","narration",330,"Eventually the observer picked up the stone. The first time. The first time a trace had been picked up. That went against the observer's way. But picked it up. Under the stone there was something. A small thing. A metal piece. A name was carved in it. Read it. It was a name. A name the observer didn't know. But a name was there."
"hidden_campaign_ch3_s35_l0.mp3","narrator","narration",289,"The observer placed the metal piece back under the stone. Covered it with the stone as before. Returned the trace to its original state. But the name was known. That was what had changed. The observer knew a name. What that name meant was unknown. But a name was there. That name was here."
"hidden_campaign_ch3_s36_l0.mp3","narrator","narration",235,"The observer began descending the foothills of Olympus. Slowly. Looking back. The conference site grew distant. Traces became smaller. But didn't disappear. On Mars traces didn't disappear. Grew distant. Became smaller. But were there."
"hidden_campaign_ch3_s37_l0.mp3","narrator","narration",322,"Descending the observer thought. The person who brought the fourth flag. A white flag. A metal piece with a name carved. A bloodstain. Whether these were connected. Whether from the same person. Or different things. Unknown. But there were thoughts. For the first time the observer had thoughts. Thoughts about connection."
"hidden_campaign_ch3_s38_l0.mp3","narrator","narration",356,"That was dangerous. The observer knew. When beginning to connect, intervention would follow. With intervention, not an observer. But there were thoughts. Couldn't stop them. Olympus watched the observer from behind. The mountain watched. Had watched the conference. Had watched the bloodstain. Had watched the white flag. And watched the observer thinking."
"hidden_campaign_ch3_s39_l0.mp3","narrator","narration",297,"The observer stopped. Tried to stop thinking. Couldn't. When traces were seen they became a story. When they became a story they became thoughts. When they became thoughts they became connections. That was the danger of observation. For the first time the observer understood that danger. On Mars."
"hidden_campaign_ch3_s40_l0.mp3","narrator","ending",353,"Descended the foothills of Olympus. The conference site became invisible. But it was there. Three holes. A bloodstain. A white flag piece. Metal with a name. Had there been a fourth flag. The observer didn't know the answer. That was the observer's way. Not knowing the answer. But this time was different. Wanted to know the answer. For the first time."
"hidden_campaign_ch4_s01_l0.mp3","narrator","narration",219,"Erebus Crater. The observer had come again. Not the first time. Different from the previous visit. This time there was a purpose. Coming with a purpose was not the observer's way. But came. There was a person at Erebus."
"hidden_campaign_ch4_s02_l0.mp3","narrator","narration",232,"Watched from afar. There was a person. On the outer wall of Erebus Crater. Alone. Standing. Looking at the crater. The observer watched that person. That person didn't look at the observer. Only looked at the crater. It was Butcher."
"hidden_campaign_ch4_s03_l0.mp3","narrator","narration",248,"Recognized Butcher. Prosthetic arm. Coat. Wide back. The age was visible in the back. Thirty years were in that back. The observer watched that back. Watched for a long time. Butcher didn't move. Looked at the crater. The observer also didn't move."
"hidden_campaign_ch4_s04_l0.mp3","narrator","narration",215,"The observer moved closer. Without sound. That was not natural. Moving closer and moving without sound were different. Moving without sound was hiding. The observer hid. That was a first. Hiding one's own existence."
"hidden_campaign_ch4_s05_l0.mp3","narrator","narration",252,"Twenty meters. Ten meters. Butcher still looked at the crater. Inside the crater. The site of an old mine. Where it had been thirty years ago. The observer also looked inside. Saw the same thing. Same thing as Butcher. But each saw something different."
"hidden_campaign_ch4_s06_l0.mp3","narrator","narration",239,"Inside the crater were mine traces. Old. More than thirty years. The entrance was sealed. MCC had sealed it. Sealed long ago as well. In front of the sealed entrance there was a sign. The observer read it. Danger. No entry. Date. Old date."
"hidden_campaign_ch4_s07_l0.mp3","narrator","narration",259,"Butcher tried to descend toward the sign. Stopped. Descended. Stopped again. Several times. There was something other than what that body wanted. Whether legs hurt. Or afraid. The observer didn't know. But Butcher tried to descend. Toward the sealed entrance."
"hidden_campaign_ch4_s08_l0.mp3","narrator","narration",269,"Eventually Butcher descended. Slowly. Along the crater wall. Stood before the sealed entrance. Raised a hand. To the sealed wall. Touched it. With the hand that was not the prosthetic. It had been there. Beyond the sealed wall. Thirty years ago. It was still there now."
"hidden_campaign_ch4_s09_l0.mp3","narrator","narration",240,"The observer watched. Didn't intervene. Butcher had to be alone. At that place. Had to do it alone. If it were known the observer was there it would change. So watched from afar. Was there but as if not. That was what the observer could do."
"hidden_campaign_ch4_s10_l0.mp3","narrator","narration",277,"Butcher murmured something. Inaudible. Only saw the lip movements. Whether a name. Or a sentence. Unknown. There were words. Those words came out in front of the sealed wall. After thirty years. After thirty years words came from this place. Where those words went was unknown."
"hidden_campaign_ch4_s11_l0.mp3","narrator","narration",303,"Butcher stayed for a long time. The observer also stayed for a long time. Martian time passed. Martian time was different from Earth. A day was a little longer. That made Earth people age a little more on Mars. Butcher had lived thirty years on Mars. Thirty years was a little longer time than on Earth."
"hidden_campaign_ch4_s12_l0.mp3","narrator","narration",243,"Butcher lowered the hand. From the sealed wall. Turned around. Came up. Climbed out of the crater. The observer stepped back. To a place not visible. Butcher came up to the top. Looked far away. At Erebus Crater. Looked again. And walked away."
"hidden_campaign_ch4_s13_l0.mp3","narrator","narration",295,"Butcher left. The observer came out. Stood again at the crater edge. At the place Butcher had been. The observer looked at the same crater. Saw the same thing as Butcher. The sealed entrance. The old mine. The thirty-year-old thing. But it was different. The observer had no memory. Butcher did."
"hidden_campaign_ch4_s14_l0.mp3","narrator","narration",322,"The observer descended into the crater. On the path Butcher had descended. The same path. Stood before the sealed entrance. Looked at the spot where Butcher's hand had touched. There was a handprint. In the dust. The mark of the hand that was not the prosthetic. It was there. That hand had been there. After thirty years."
"hidden_campaign_ch4_s15_l0.mp3","narrator","narration",269,"The observer stood next to it. Next to the handprint. Raised their own hand. Next to Butcher's handprint. Didn't touch. Couldn't touch. The observer had no memory of this place. What was contained in that handprint couldn't be known. But the handprint was there. There."
"hidden_campaign_ch4_s16_l0.mp3","narrator","narration",230,"Hellas Zone 4. The observer had come. Come from Erebus. Come after watching Butcher. Zone 4 abandoned mine. Similar here too. Sealed things. MCC signs. Old things. But here was different. Older than Erebus. Or there was more here."
"hidden_campaign_ch4_s17_l0.mp3","narrator","narration",269,"Outside the abandoned mine there was rubble. Things that had been buildings. Things that had been buildings thirty years ago. There were walls. Partially. Walls without roofs. On the walls there were names. Not chalk. Old. Scratched. By fingernails. By something sharp."
"hidden_campaign_ch4_s18_l0.mp3","narrator","narration",226,"There were many names. More than the chalk names. They were scratched. Deeply scratched. Forceful. Hands with fear scratched hard. Or desperation. Desperation to leave a name gave force to hands. That was visible in the names."
"hidden_campaign_ch4_s19_l0.mp3","narrator","narration",239,"The observer read one name. Kim Yong-jin. Here. A name also in the chalk names. That name was scratched here. Thirty years old. Same name. Different tool. Same desperation. Kim Yong-jin had been here. Thirty years ago. And had left a name."
"hidden_campaign_ch4_s20_l0.mp3","narrator","narration",281,"The observer stood for a long time before that name. Kim Yong-jin. Name seen in chalk. Name seen in scratches. Same name. Twice. Thirty years apart. That name had lived thirty years. Whether the person who wrote that name had lived thirty years was unknown. But the name had lived."
"hidden_campaign_ch4_s21_l0.mp3","narrator","narration",263,"Entered the abandoned mine. The observer. Without permission. Second boundary crossing. The first was the archive. The second was here. Crossing boundaries was becoming easier. That was worrying. For the first time the observer had a worry. A worry about oneself."
"hidden_campaign_ch4_s22_l0.mp3","narrator","narration",297,"Inside the abandoned mine it was dark. There was light. The observer's light. Walls were visible. Ceiling was visible. Thirty-year-old things were visible. Supports. Cables. Equipment. They were old. Thirty years of neglect. But hadn't collapsed. The dryness of Mars had maintained things. No rot."
"hidden_campaign_ch4_s23_l0.mp3","narrator","narration",272,"There were traces of the strike. Inside the shaft. Graffiti. Slogans. Thirty-year-old things. 'We are people'. 'This belongs to everyone'. 'Zone 4 will be remembered'. Those were on the walls. For thirty years. Because MCC hadn't come inside. Traces remained as they were."
"hidden_campaign_ch4_s24_l0.mp3","narrator","narration",265,"The observer read those. One by one. Words from thirty years ago. Words written by striking people. They had had things they wanted. Things they feared. Things they claimed. Those were on the walls. For thirty years no one had read them. Now the observer read them."
"hidden_campaign_ch4_s25_l0.mp3","narrator","narration",215,"Went deeper. The shaft narrowed. More old things. Older things. Things before the strike. Things from when miners worked. Mining tools. Surveying equipment. Those were things used and then stopped. Stopped suddenly."
"hidden_campaign_ch4_s26_l0.mp3","narrator","narration",283,"Things that had stopped suddenly. Miners had been mining and stopped. There had been a strike. Or an order. Or something had been found. Something had been found. Mining tools had stopped at a specific point. That point was different. The wall was different. The color was different."
"hidden_campaign_ch4_s27_l0.mp3","narrator","narration",291,"The observer approached that wall. The color was different. Not ore. The strata were different. A mineral. Not a common mineral. The observer couldn't tell. Not an expert. But it was different. That was what mattered. Something different was here. Deep in this shaft. Since thirty years ago."
"hidden_campaign_ch4_s28_l0.mp3","narrator","narration",269,"The observer didn't know that it was Ancient Metal. Didn't know that name. But knew it was special. Miners had found this. Had struck. MCC had sealed it. Names had remained on walls. People had died. Everything had been because of this. Because of this different color."
"hidden_campaign_ch4_s29_l0.mp3","narrator","narration",283,"The observer stood before it. For a long time. It glinted. A little. Receiving the observer's light. Not glinting but receiving light in a different way. Absorbed and released differently. That was different. There were minerals that handled light differently. This was one of those."
"hidden_campaign_ch4_s30_l0.mp3","narrator","narration",304,"The observer raised a hand. Stopped just before touching. Touching would not be observation. Would be intervention. Lowered the hand. But watched for a long time. It was on Mars. Since thirty years ago. It was the beginning of everything. The strike. Death. Names. The sealing. Thirty years. It was here."
"hidden_campaign_ch4_s31_l0.mp3","narrator","narration",302,"Came out of the abandoned mine. There was light. Martian light. Red. What was inside the shaft was in the eyes. In the observer's eyes. A mineral of different color. It remained in the eyes. For a long time. Even with eyes closed it was there. That was a first sight. Something containing thirty years."
"hidden_campaign_ch4_s32_l0.mp3","narrator","narration",303,"The observer looked at the abandoned mine from outside. The sealed entrance. MCC signs. Rubble of the wall with names. A marker. A marker with unreadable names. These were together. In the same place. Traces of the event thirty years ago were in the same place. The observer stood in the middle of them."
"hidden_campaign_ch4_s33_l0.mp3","narrator","narration",281,"The observer had seen what Butcher did at Erebus. Touching the sealed wall with a hand. Knew what that was. It was remembering what had been there. Only someone with memory could do it. The observer had no memory. So did it in a different way. Watched. That was the observer's way."
"hidden_campaign_ch4_s34_l0.mp3","narrator","narration",273,"Leaving Zone 4 the observer looked one more time. At everything. Abandoned mine. Rubble. Signs. Marker. Flowers. Names. And the different colored mineral deep in the shaft. Those were one story. A thirty-year story. The observer knew that story. Not all of it. But knew it."
"hidden_campaign_ch4_s35_l0.mp3","narrator","narration",261,"The observer thought. What Butcher had done at Erebus. Touching. The sealed wall. What had that been. The observer wanted to know. Could have asked Butcher. But didn't ask. That was this person's way. But wanted to know. That desire existed. For the first time."
"hidden_campaign_ch4_s36_l0.mp3","narrator","narration",256,"It was dawn. Outside Zone 4. The observer had spent the night here. Near the abandoned mine. That was the second time. Spending a night near traces. The first was Olympus. The second was here. There was a pattern. The observer was getting closer to traces."
"hidden_campaign_ch4_s37_l0.mp3","narrator","narration",267,"In the dawn light Zone 4 looked different. The ruins looked different. Night and day and dawn were all different. The same ruins. The observer had seen three times. The same thing differently. That had now become meaning. Not one ruin. Three ruins. Depending on time."
"hidden_campaign_ch4_s38_l0.mp3","narrator","narration",246,"Butcher had been here thirty years ago. Or at Erebus. There was a strike. It ended. People died. Butcher survived alone. Thirty years passed. Butcher came back to Erebus. Touched the sealed wall. That was thirty years. The observer had seen that."
"hidden_campaign_ch4_s39_l0.mp3","narrator","narration",233,"Whether the observer knew or didn't know. That was unclear. The thirty-year story. The observer was seeing that story. In pieces. In traces. Didn't know the whole. Couldn't know. But was watching. That was what the observer could do."
"hidden_campaign_ch4_s40_l0.mp3","narrator","ending",312,"Dawn grew brighter. The Zone 4 abandoned mine received light. The wall with names. The marker. The sealed entrance. Those had waited thirty years. The observer came. Watched. That was everything. For now. But it would not be everything. There was more. Had to see more. There were still things Mars had not said."
"hidden_campaign_ch5_s01_l0.mp3","narrator","narration",203,"Was ascending. Olympus Mons. The highest place in the solar system. The observer was climbing. There was a reason. To see the whole. All of Mars. This would be the last thing the observer did. Ascending."
"hidden_campaign_ch5_s02_l0.mp3","narrator","narration",250,"The ascent was long. The longest path on Mars. Olympus had a gentle slope. The highest in the solar system but with a gentle slope. That was Mars's paradox. The highest thing had the gentlest slope. It took a long time to ascend. The observer walked."
"hidden_campaign_ch5_s03_l0.mp3","narrator","narration",261,"While ascending Mars looked different. Low and high were different. At low altitude individual things were seen. At high altitude the whole was visible. The reason the observer had wanted to ascend was there. Seeing the whole. Things not seen from low altitude."
"hidden_campaign_ch5_s04_l0.mp3","narrator","narration",226,"While ascending dawn came. Dawn at Olympus. Light came from below. Light did not come from above. Came from below. That was the nature of high places. Light rising from below. The observer received that light. While ascending."
"hidden_campaign_ch5_s05_l0.mp3","narrator","narration",229,"Below began to be visible. Mars. Red. The places the observer had come from were visible. Hellas Central. Mines. Zone 4. Erebus. Sandstone. Kepler. Those were below. The observer watched from above. For the first time. The whole."
"hidden_campaign_ch5_s06_l0.mp3","narrator","narration",284,"The result of the MCC route was visible. Down there. There were cities. Large cities. Things MCC had built. But what the observer had seen was there. People in lines. Villages emptying. Dust-accumulated equipment outside mines. Even in the route where MCC won those things were there."
"hidden_campaign_ch5_s07_l0.mp3","narrator","narration",262,"The result of the FSP route was visible. In another direction. There were villages. Small ones. Things FSP had built. But there too. Miners still worked. Still dangerous. Still names were written in chalk. Even in the route where FSP won those things were there."
"hidden_campaign_ch5_s08_l0.mp3","narrator","narration",229,"The result of the CV route was visible. In yet another direction. There were bases. CV's bases. But there too. Things not yet resolved. The story from thirty years ago was still a story. Not ended. Even in the route where CV won."
"hidden_campaign_ch5_s09_l0.mp3","narrator","narration",277,"Three routes. Three results. None of them a complete victory. The observer watched from above. Things not visible from below were visible from above. All three routes were similar. Different flags. Different names. But similar things remained. Names. Traces. Unresolved things."
"hidden_campaign_ch5_s10_l0.mp3","narrator","narration",236,"Mars was there. Below the three routes. Mars was older than the three routes. Older than all factions. Older than all people. Mars was there. Under the blood-red sky. The three routes were on top of it. Mars had seen them. Didn't speak."
"hidden_campaign_ch5_s11_l0.mp3","narrator","narration",213,"Reached near the summit. The observer. Could have gone higher. But stopped. What was visible from here was enough. The whole was visible. All of Mars. All three routes. Things beneath those. Names. Traces. People."
"hidden_campaign_ch5_s12_l0.mp3","narrator","narration",261,"The sun was setting. Mars's sun. Different from Earth. Smaller. Looked colder. But it was the sun. The same sun. Earth and Mars received the same sun. From different distances. That was the same thing. Things that didn't know each other received the same thing."
"hidden_campaign_ch5_s13_l0.mp3","narrator","narration",246,"A blood-red sky. The Martian sky. The observer had watched. Watched often. From when first arriving. But seeing it from here was different. The blood-red sky seen from the highest place. The sky was closer than seen from below. Or wider. Or both."
"hidden_campaign_ch5_s14_l0.mp3","narrator","narration",207,"Mars was still there. Under the blood-red sky. The results of three routes were there. MCC. FSP. CV. None of them complete. But Mars was there. Still. Red. Always red. That hadn't changed. The color of Mars."
"hidden_campaign_ch5_s15_l0.mp3","narrator","narration",274,"The observer sat. Near the summit. Watched Mars. Watched for a long time. There were things seen from when first arriving. Handprints. Names. Ash. Footprints. A marker. A cup. Photos. Bloodstain. A white flag piece. A mineral. Butcher's hand. All of those were there. Below."
"hidden_campaign_ch5_s16_l0.mp3","narrator","narration",240,"Were those connected. The observer thought. At first didn't connect. That was the observer's way. Only see traces. Don't connect. But now was different. Connections were visible. Lines were visible. Between traces. Those spoke of one story."
"hidden_campaign_ch5_s17_l0.mp3","narrator","narration",292,"There was a story. Something that started thirty years ago. A mineral was discovered. People died. Names remained. Thirty years passed. Names were written again. People died again. Factions fought. A conference happened. There was blood. There was a white flag. That was the story. One story."
"hidden_campaign_ch5_s18_l0.mp3","narrator","narration",268,"Had that story ended. Didn't know. Had seen three routes. In none of the three routes had it ended. That story. Continued in different ways. In the MCC route. In the FSP route. In the CV route. The story continued. Even if flags were different. The story was the same."
"hidden_campaign_ch5_s19_l0.mp3","narrator","narration",258,"For the first time the observer was sad. No. Not sadness. Didn't know what it was. But there was something. While watching the things below. The things of three routes. Names. Traces. There was something. The observer didn't know the name. Of that sensation."
"hidden_campaign_ch5_s20_l0.mp3","narrator","narration",245,"The Martian sun descended further. The sky grew redder. The blood color deepened. The observer watched. The sky. Mars. Below. Three routes. Names. Traces. Watched everything. That was why the observer had come. Watching. Watching was everything."
"hidden_campaign_ch5_s21_l0.mp3","narrator","narration",234,"The sun set. Completely. Remembered the first night. The first night seen from Hellas Central. Lights. MCC. Labor district. Mine. Those lights were still there now. In three routes too. There were lights. That meant people were there."
"hidden_campaign_ch5_s22_l0.mp3","narrator","narration",234,"There were people. On Mars. In all three routes. In the MCC route too. In the FSP route too. In the CV route too. People with names. People who left traces. People who burned fires. People who wrote in chalk. They were there. On Mars."
"hidden_campaign_ch5_s23_l0.mp3","narrator","narration",217,"The observer recorded. For the first time. Recording. On what the observer had. Not paper. An electronic device. The observer recorded for the first time. Names. Traces. Things seen. That was the first. The recording."
"hidden_campaign_ch5_s24_l0.mp3","narrator","narration",212,"Kim Yong-jin. Wrote the name. Zone 12. Wrote. Sandstone Junction. Wrote. Erebus Crater. Wrote. Butcher's hand. White flag. Zone 4 mineral. Names. Traces. Wrote all of it. That was a record. The observer's record."
"hidden_campaign_ch5_s25_l0.mp3","narrator","narration",210,"Thought about whether recording fit the observer's way. Did observation include recording. Unknown. But recorded. Didn't pick up traces. Didn't move traces. But recorded. Whether that was right or not. Unknown."
"hidden_campaign_ch5_s26_l0.mp3","narrator","narration",247,"Night passed. Near the summit. The observer had spent the night. The third time. First time was the Olympus foothills. Second was Zone 4. Third was near the summit. Spent night while ascending. That was a pattern. The higher, the more was visible."
"hidden_campaign_ch5_s27_l0.mp3","narrator","narration",243,"Dawn came. Dawn near the Olympus summit. Light came from below. Light rising from Mars. The observer received that light. There were recorded things. On the electronic device. Those existed as records. The observer's record. The fourth record."
"hidden_campaign_ch5_s28_l0.mp3","narrator","narration",253,"In three routes there were official records. MCC records. FSP records. CV records. Those were official. The observer's record was not official. Unofficial. But it existed. There was a fourth record. Not the record of three factions. The record of names."
"hidden_campaign_ch5_s29_l0.mp3","narrator","narration",212,"The observer looked at the record. Things written. Names. Places. Dates. Traces. Those were there. Didn't know what to do with that record. Who to give it to. Where to put it. Unknown. But it existed. The record."
"hidden_campaign_ch5_s30_l0.mp3","narrator","narration",174,"Mars was below. The observer was above. That difference was there. Above and below. Height. But Mars was Mars. Seen from above or below. Red. Always red. That hadn't changed."
"hidden_campaign_ch5_s31_l0.mp3","narrator","narration",220,"MCC won. In one route. But it was not a complete victory. Names remained. FSP won. In one route. But it was not a complete victory. Names remained. CV won. In one route. But it was not a complete victory. Names remained."
"hidden_campaign_ch5_s32_l0.mp3","narrator","narration",235,"Names remained. That was common. In all three routes. Whoever won names remained. Kim Yong-jin. The Zone 12 people. Those who struck. The people from thirty years ago. Their names remained. On walls. In chalk. In scratches. As markers."
"hidden_campaign_ch5_s33_l0.mp3","narrator","narration",188,"That was Mars. The observer understood. Not flags. Not factions. Names. What remained were names. On Mars. Names were Mars. Chalk names. Scratched names. Names on markers. Names were Mars."
"hidden_campaign_ch5_s34_l0.mp3","narrator","narration",277,"A second sun was setting. The second sun seen near the summit. The observer watched. Mars was below. Red. The blood-red sky grew redder. Sky and Mars were the same color. That was Mars evening. An evening without boundaries. An evening where sky and ground were the same color."
"hidden_campaign_ch5_s35_l0.mp3","narrator","narration",228,"The observer wrote the last thing in the record. Date. Location. Near the summit of Olympus Mons. And what was seen. All of Mars. Three routes. Names. Blood-red sky. That was the last record. The observer's last record. On Mars."
"hidden_campaign_ch5_s36_l0.mp3","narrator","narration",266,"Closed the record. The observer. It existed. The record. Names. Traces. Thirty years. Three routes. Those were in the record. Were inside the observer. Mars was inside the observer. For the first time. That was what had changed. Mars had entered inside the observer."
"hidden_campaign_ch5_s37_l0.mp3","narrator","narration",270,"Would descend. The observer thought. If descending where would go. To Hellas Central. Or Zone 4. Or Erebus. Or would continue ascending Olympus. No answer. That was this person's condition. Having no direction. Being able to see everywhere. No place being a destination."
"hidden_campaign_ch5_s38_l0.mp3","narrator","narration",224,"Mars was below. Under the blood-red sky. The results of three routes were there. None complete. There were names. There were traces. There were thirty years. Those were Mars. Not factions. Not flags. Names. Traces. Memories."
"hidden_campaign_ch5_s39_l0.mp3","narrator","narration",222,"The observer stood. With the record. With names. With traces. Those were inside the observer. Mars was inside the observer. Where the observer would go with those. Unknown. But had them. That was a first. Having something."
"hidden_campaign_ch5_s40_l0.mp3","narrator","narration",235,"Looked at Mars one last time. The observer. From near the Olympus summit. The whole. All of Mars. Under the blood-red sky. On top of three routes' traces. On top of names. On top of thirty years. Mars was there. Still. Red. Always red."
"hidden_campaign_ch5_s41_l0.mp3","narrator","narration",262,"That was everything. The observer understood. Mars was everything. Names were everything. Traces were everything. Three routes were everything. Nothing was everything. Everything was everything. That was Mars. That was the last thing the observer had understood."
"hidden_campaign_ch5_s42_l0.mp3","narrator","narration",29,"The observer did not descend."
"hidden_campaign_ch5_s43_l0.mp3","narrator","narration",276,"What it meant that the observer did not descend. The observer didn't know. Didn't need to know. Mars was below. Names were below. The observer was above. That was enough. The observer had seen the names. The names hadn't waited for the observer. But were there. That was Mars."
"hidden_campaign_ch5_s44_l0.mp3","narrator","narration",217,"Mars was there. Under the blood-red sky. The observer was above. That was the last observation. Mars seen from above. Blood-red sky. Names. Traces. Three routes. Thirty years. Those were together. That was everything."
"hidden_campaign_ch5_s45_l0.mp3","narrator","ending",320,"The observer did not descend. Mars was below. The blood-red sky was above. The observer was between them. Names were below. The record was inside the observer. That was enough. Mars was there. Had always been there. Before the observer came. After the observer left. Mars was there. Red. Always red. That was everything."
"mcc_campaign_ch1_s_ending_l0.mp3","narrator","ending",231,"Li Fang stood at the window looking at the northern sky. The direction the storm was passing. What he was thinking was unknowable. On Mars nobody tried to know that. Everyone was busy with their own thoughts.  It was the first day."
"mcc_campaign_ch1_s_success2_l0.mp3","narrator","narration",190,"The briefing room light flickered. Li Fang cleared the map. The convoy marker disappeared. When missions ended markers disappeared. New markers would appear. On Mars markers always appeared."
"mcc_campaign_ch1_s01_l0.mp3","narrator","narration",172,"Hellas Central. MCC headquarters. The building was enormous. Nothing on Mars was this large. It had been built sixty years ago. It had kept growing since. It never stopped."
"mcc_campaign_ch1_s02_l0.mp3","narrator","narration",150,"MCC. Mars Colonial Corporation. No company was as honest as its name. It was unashamed of calling Mars a colony. It knew that shame didn't make money."
"mcc_campaign_ch1_s03_l0.mp3","narrator","narration",213,"There was a line at the checkpoint. Miners. Technicians. Mercenaries. They were given numbers. When a number was called they entered. If not called they waited. Not many people on Mars didn't have to wait in line."
"mcc_campaign_ch1_s04_l0.mp3","narrator","narration",190,"The checkpoint officer took the ID card. Scanned it. Returned it. That was all. No eye contact. They looked at the card before the person. That was how Mars worked. Cards came before people."
"mcc_campaign_ch1_s05_l0.mp3","narrator","narration",265,"MCC main lobby. Thirty meters high. Martian stone floor. At the center of the lobby was a map of Mars. A map that updated in real time. Where what was being mined. Where oxygen was being produced. Where MCC facilities were. All visible. There was a will to show it."
"mcc_campaign_ch1_s06_l0.mp3","narrator","narration",171,"Employees passed by. Everyone was busy. No one looked unbusy. Whether they were pretending or genuinely busy was impossible to tell. In MCC that distinction didn't matter."
"mcc_campaign_ch1_s07_l0.mp3","narrator","narration",126,"Gate 3. Briefing room. One fluorescent light flickered. A map on the table. Nobody by the map. A moment later someone came in."
"mcc_campaign_ch1_s08_l0.mp3","narrator","narration",189,"Li Fang. Director of Operations for the Hellas region. Age was unclear. A face of someone who had worked on Mars a long time. Mars didn't age people, it hardened them. Li Fang was hardened."
"mcc_campaign_ch1_s10_l0.mp3","narrator","narration",144,"Li Fang didn't pull out a chair. Didn't say to sit. He stood looking at the map. The table was wide. The map covered the table. Northern Hellas."
"mcc_campaign_ch1_s12_l0.mp3","narrator","narration",181,"Li Fang stood before the map. Northern Hellas sector. Oxygen refinery markers. Seven bases. Numbers written. What the numbers meant couldn't be asked. It wasn't yet the time to ask."
"mcc_campaign_ch1_s15_l0.mp3","narrator","narration",183,"Li Fang pointed to a spot on the map. Northern transport corridor. A convoy was passing through there. Already departed, it meant. Not yet arrived. Something could be done in between."
"mcc_campaign_ch1_s17_l0.mp3","narrator","narration",185,"The fluorescent light flickered again. It hadn't been repaired. No one cared about the flickering fluorescent light in MCC headquarters' briefing room. Other things were more important."
"mcc_campaign_ch1_s19_l0.mp3","narrator","narration",156,"850 kilotons. Recover it and MCC acquires the refineries. Fail and it vanishes in the storm. Li Fang looked at you. The briefing room light flickered again."
"mcc_campaign_ch1_s21_l0.mp3","narrator","narration",212,"A last look at the map. Northern transport corridor. Convoy position. Predicted storm path. Six hours. Calculated distance and time. The calculation might be right or wrong. On Mars calculations were often wrong."
"mcc_campaign_ch1_s22_l0.mp3","narrator","narration",159,"Outside headquarters. Two vehicles. Three team members waiting. All expressionless. Hard to find someone with an expression on Mars. Expressions were a luxury."
"mcc_campaign_ch1_s23_l0.mp3","narrator","narration",190,"The northern sky was different. Not red. Dark. The direction the storm was coming from. Whether six hours was accurate was uncertain. Martian storms sometimes came before the predicted time."
"mcc_campaign_ch1_s24_l0.mp3","narrator","narration",152,"Northern Hellas transport corridor. Unpaved road. The vehicle ran. Dust rose. The dust wasn't a good color. Martian dust was always like that. Not good."
"mcc_campaign_ch1_s25_l0.mp3","narrator","narration",159,"The radio crackled. One team member adjusted the channel. Noise remained after adjustment. Radio on Mars always had noise. You had to listen through the noise."
"mcc_campaign_ch1_s26_l0.mp3","narrator","narration",120,"Two hours passed. Midway along the transport corridor. Traces of the convoy. Tire tracks. Oil marks. Recent ones. Ahead."
"mcc_campaign_ch1_s27_l0.mp3","narrator","narration",154,"The northern sky got darker. The storm was accelerating. Faster than predicted. On Mars some things were faster than predicted. The storm was one of them."
"mcc_campaign_ch1_s28_l0.mp3","narrator","narration",130,"The convoy was visible. Tank trucks. Thirty-six tanks. Moving slowly. Heavy. 850 kilotons was heavy. Guard vehicles on both sides."
"mcc_campaign_ch1_s29_l0.mp3","narrator","narration",211,"Helion guards spotted the MCC vehicles. They accelerated. Just as Li Fang said. They would block. Blocking was their job. Being blocked wasn't allowed. Six hours had become four hours. The storm was coming fast."
"mcc_campaign_ch1_s30_l0.mp3","narrator","narration",159,"The lights of Hellas Central came on. It was night. The Martian night was long. Inside the building MCC kept running. It never stopped. You were inside it now."
"mcc_campaign_ch1_s31_l0.mp3","narrator","narration",206,"The storm passed in the north. Hellas Central windows shook. Briefly. The building shook but didn't fall. A sixty-year-old building. It had weathered storms for sixty years. It would weather tomorrow's too."
"mcc_campaign_ch10_s_ending_casualty_l0.mp3","narrator","ending",17,"The outer Hellas."
"mcc_campaign_ch10_s_ending_casualty_l1.mp3","narrator","ending",68,"A relay station. Closed. The name had been deleted from the records."
"mcc_campaign_ch10_s_ending_casualty_l2.mp3","narrator","ending",48,"MCC had a long memory. But it also deleted well."
"mcc_campaign_ch10_s_ending_casualty_l3.mp3","narrator","ending",78,"The old miner's words came back. Someone to put it in the record, he had said."
"mcc_campaign_ch10_s_ending_casualty_l4.mp3","narrator","ending",50,"One more name that didn't make it into the record."
"mcc_campaign_ch10_s_ending_casualty_l5.mp3","narrator","ending",55,"But there was chalk. The alley children would write it."
"mcc_campaign_ch10_s_ending_casualty_l6.mp3","narrator","ending",54,"[ Ending: Casualty — One the System Doesn't Remember ]"
"mcc_campaign_ch10_s_ending_crown_l0.mp3","narrator","ending",22,"Dawn broke on Olympus."
"mcc_campaign_ch10_s_ending_crown_l1.mp3","narrator","ending",70,"The highest point in the solar system. Where light came first on Mars."
"mcc_campaign_ch10_s_ending_crown_l2.mp3","narrator","ending",22,"No MCC. No FSP. No CV."
"mcc_campaign_ch10_s_ending_crown_l3.mp3","narrator","ending",45,"For the first time there were no three flags."
"mcc_campaign_ch10_s_ending_crown_l4.mp3","narrator","ending",38,"But Mars was there. People were there."
"mcc_campaign_ch10_s_ending_crown_l5.mp3","narrator","ending",47,"People working in mines. Children. Chalk names."
"mcc_campaign_ch10_s_ending_crown_l6.mp3","narrator","ending",44,"Those remained. Things that outlasted flags."
"mcc_campaign_ch10_s_ending_crown_l7.mp3","narrator","ending",80,"Outlasting a cup of tea. Outlasting twenty-five degrees. Those things were Mars."
"mcc_campaign_ch10_s_ending_crown_l8.mp3","narrator","ending",57,"[ Ending: Crown — One Who Transcends All Three Factions ]"
"mcc_campaign_ch10_s_ending_empire_l0.mp3","narrator","ending",29,"The largest building on Mars."
"mcc_campaign_ch10_s_ending_empire_l1.mp3","narrator","ending",60,"Built sixty years ago. Kept growing since. Now it was yours."
"mcc_campaign_ch10_s_ending_empire_l2.mp3","narrator","ending",99,"Not only that. The mines of Mars. The refineries. Oxygen supply network. Water distribution system."
"mcc_campaign_ch10_s_ending_empire_l3.mp3","narrator","ending",40,"All yours. There was an empire. On Mars."
"mcc_campaign_ch10_s_ending_empire_l4.mp3","narrator","ending",82,"Outside the window Hellas was visible. Small. From an empire everything was small."
"mcc_campaign_ch10_s_ending_empire_l5.mp3","narrator","ending",57,"But in C-7 block there was chalk. Small things continued."
"mcc_campaign_ch10_s_ending_empire_l6.mp3","narrator","ending",49,"[ Ending: Empire — One Who Controls Mars as One ]"
"mcc_campaign_ch10_s_ending_heir_l0.mp3","narrator","ending",21,"The 25-Degree Lounge."
"mcc_campaign_ch10_s_ending_heir_l1.mp3","narrator","ending",39,"You sat. Held the tea. Didn't drink it."
"mcc_campaign_ch10_s_ending_heir_l2.mp3","narrator","ending",82,"Outside the window was Hellas. The city MCC built. Now the city you would inherit."
"mcc_campaign_ch10_s_ending_heir_l3.mp3","narrator","ending",63,"Chen turned her back. Didn't leave. Just looked out the window."
"mcc_campaign_ch10_s_ending_heir_l4.mp3","narrator","ending",71,"Two people looking at the window. Twenty-five degrees. Tea didn't cool."
"mcc_campaign_ch10_s_ending_heir_l5.mp3","narrator","ending",36,"Things to be remembered didn't cool."
"mcc_campaign_ch10_s_ending_heir_l6.mp3","narrator","ending",43,"[ Ending: Heir — One Who Would Change MCC ]"
"mcc_campaign_ch10_s_fail_l0.mp3","narrator","narration",44,"It wasn't over. Things rarely ended on Mars."
"mcc_campaign_ch10_s_fail_l1.mp3","narrator","narration",90,"Starting again was Mars's way. Miners descended into tunnels every morning. That was Mars."
"mcc_campaign_ch10_s_pre_battle_l0.mp3","narrator","narration",64,"A decision was made. Chen heard it. Lifang heard it at the door."
"mcc_campaign_ch10_s_pre_battle_l1.mp3","narrator","narration",48,"The 25-Degree Lounge was quiet. Tea didn't cool."
"mcc_campaign_ch10_s_pre_battle_l2.mp3","narrator","narration",93,"But outside Hellas there was movement. Osei hadn't resigned. Instead Pilgrim Arms came again."
"mcc_campaign_ch10_s_success_l0.mp3","narrator","narration",57,"There were lights in Hellas Central. Below was block C-7."
"mcc_campaign_ch10_s_success_l1.mp3","narrator","narration",68,"Chalk names. Kim Yong-jin. The names below. The eleven from Zone 12."
"mcc_campaign_ch10_s_success_l2.mp3","narrator","narration",74,"The mine elevator was still descending. Still ascending. Mars didn't stop."
"mcc_campaign_ch10_s01_l0.mp3","narrator","narration",36,"Three days had passed since Olympus."
"mcc_campaign_ch10_s01_l1.mp3","narrator","narration",81,"The lights of MCC headquarters were on. It was night. The Martian night was long."
"mcc_campaign_ch10_s01_l2.mp3","narrator","narration",55,"The 25-Degree Lounge was lit too. Chen Weiss was there."
"mcc_campaign_ch10_s02_l0.mp3","narrator","narration",72,"The Zone 12 records had been released. All three factions received them."
"mcc_campaign_ch10_s02_l1.mp3","narrator","narration",112,"The MCC board reacted. Seventy-two hours. Within seventy-two hours they demanded an explanation from Chen Weiss."
"mcc_campaign_ch10_s02_l2.mp3","narrator","narration",17,"And from you too."
"mcc_campaign_ch10_s03_l0.mp3","narrator","narration",35,"Lifang was waiting in the corridor."
"mcc_campaign_ch10_s03_l1.mp3","narrator","narration",113,"Twelve years. From the first time, he had been in the corridor. A person more often outside the door than inside."
"mcc_campaign_ch10_s05_l0.mp3","narrator","narration",152,"Osei. Marchetti. Ryu. Those three names had been heard before. In the board chamber. During the Kepler presentation. During the C-7 block interrogation."
"mcc_campaign_ch10_s05_l1.mp3","narrator","narration",45,"All of that connected. To ten in the morning."
"mcc_campaign_ch10_s08_l0.mp3","narrator","narration",60,"The first time she saw the records. Those words came slowly."
"mcc_campaign_ch10_s08_l1.mp3","narrator","narration",119,"Chen saw the Zone 12 records in her second year. Internal MCC audit. But the records were locked. For twenty-two years."
"mcc_campaign_ch10_s08_l2.mp3","narrator","narration",62,"It was the board that locked them. And Chen was in that board."
"mcc_campaign_ch10_s10_l0.mp3","narrator","narration",57,"The archive sublevel. That chip. A shelf with dust on it."
"mcc_campaign_ch10_s10_l1.mp3","narrator","narration",97,"It had been there for twenty-two years. Not that no one had looked. Chen had made sure it stayed."
"mcc_campaign_ch10_s10_l2.mp3","narrator","narration",115,"That meant this had been a plan from the beginning. From the moment of going down to the archive. Before that even."
"mcc_campaign_ch10_s12_l0.mp3","narrator","narration",70,"Thirty years ago. A Zone 12 miner. The tunnel communication frequency."
"mcc_campaign_ch10_s12_l1.mp3","narrator","narration",92,"Butcher had remembered that voice. In cv_ch10 that memory surfaced. One voice had saved him."
"mcc_campaign_ch10_s12_l2.mp3","narrator","narration",79,"That voice was Chen's mother. The person who died at Zone 12 eight years later."
"mcc_campaign_ch10_s14_l0.mp3","narrator","narration",40,"Even one person. Those words were heavy."
"mcc_campaign_ch10_s14_l1.mp3","narrator","narration",80,"Eleven died. The report knew it. The MCC board knew it. And one person came out."
"mcc_campaign_ch10_s14_l2.mp3","narrator","narration",99,"That one person built CV thirty years later. CV came to Olympus. The Zone 12 records were released."
"mcc_campaign_ch10_s16_l0.mp3","narrator","narration",54,"It was the night of Hellas Central. There were lights."
"mcc_campaign_ch10_s16_l1.mp3","narrator","narration",120,"Upper floors. Administration. Middle. Engineers. Lower. Workers. Mines. The mine elevator was descending. Even at night."
"mcc_campaign_ch10_s16_l2.mp3","narrator","narration",75,"Twenty-two years. That meant twenty-two years of watching from that window."
"mcc_campaign_ch10_s19_l0.mp3","narrator","narration",5,"Osei."
"mcc_campaign_ch10_s19_l1.mp3","narrator","narration",131,"The director who asked the first question during the Kepler presentation. The sharpest director during the C-7 block interrogation."
"mcc_campaign_ch10_s19_l2.mp3","narrator","narration",89,"He had commissioned Pilgrim Arms. To eliminate Chen. Before the Zone 12 records came out."
"mcc_campaign_ch10_s21_l0.mp3","narrator","narration",69,"Chen had known. From the beginning. That Osei was using Pilgrim Arms."
"mcc_campaign_ch10_s21_l1.mp3","narrator","narration",132,"That's why Cinder Grace had moved first at Olympus. A person who fought by outside means protecting a person who fought from within."
"mcc_campaign_ch10_s24_l0.mp3","narrator","narration",88,"The board was waiting. Ten in the morning. That was what would be decided on Mars today."
"mcc_campaign_ch10_s24_l1.mp3","narrator","narration",36,"Osei. Marchetti. Ryu. Chen. And you."
"mcc_campaign_ch10_s28_l0.mp3","narrator","narration",29,"The board chamber went quiet."
"mcc_campaign_ch10_s28_l1.mp3","narrator","narration",70,"Osei stopped. Marchetti shifted in his chair. Ryu looked at the table."
"mcc_campaign_ch10_s31_l0.mp3","narrator","narration",32,"Outsider. That word came at you."
"mcc_campaign_ch10_s31_l1.mp3","narrator","narration",71,"Osei looked at you. Chen looked at you. The entire board looked at you."
"mcc_campaign_ch10_s31_l2.mp3","narrator","narration",91,"This was the moment. The moment Lifang had spoken of. The moment your statement was needed."
"mcc_campaign_ch10_s34_l0.mp3","narrator","narration",62,"Marchetti had changed position. Lifang's prediction was right."
"mcc_campaign_ch10_s34_l1.mp3","narrator","narration",46,"Ryu kept looking at the table. He was neutral."
"mcc_campaign_ch10_s34_l2.mp3","narrator","narration",59,"Osei and Chen. Marchetti and Ryu. The balance was breaking."
"mcc_campaign_ch10_s37_l0.mp3","narrator","narration",24,"Osei rose from his seat."
"mcc_campaign_ch10_s37_l1.mp3","narrator","narration",19,"Said nothing. Left."
"mcc_campaign_ch10_s37_l2.mp3","narrator","narration",75,"In the board chamber remained Marchetti and Ryu and Chen. And you remained."
"mcc_campaign_ch10_s39_l0.mp3","narrator","narration",70,"The MCC way. Resignation. Committee. That was this organization's way."
"mcc_campaign_ch10_s39_l1.mp3","narrator","narration",122,"Chen had been with that for twenty-two years inside. Using that way. Fighting against that way. Her mother had started it."
"mcc_campaign_ch10_s41_l0.mp3","narrator","narration",39,"Inside this. That condition came again."
"mcc_campaign_ch10_s41_l1.mp3","narrator","narration",64,"Must decide within MCC, Chen had said. Outside MCC I can't help."
"mcc_campaign_ch10_s41_l2.mp3","narrator","narration",113,"But on Mars there was also outside MCC. CV was there. FSP was there. Pilgrim Arms was there. Those too were Mars."
"mcc_campaign_ch10_s44_l0.mp3","narrator","narration",50,"Hellas was visible. In the window the entire city."
"mcc_campaign_ch10_s44_l1.mp3","narrator","narration",69,"People inside it. Miners. Engineers. C-7 block children. Chalk names."
"mcc_campaign_ch10_s44_l2.mp3","narrator","narration",85,"The mine elevator was descending. Ascending. Mars didn't stop. Even after a decision."
"mcc_campaign_ch10_s46_l0.mp3","narrator","narration",51,"Chen Weiss drank her tea. Drank the second cup too."
"mcc_campaign_ch10_s46_l1.mp3","narrator","narration",150,"Someone who hadn't drunk for twenty-two years drank today. After passing through the board. After presenting evidence. After speaking of thirty years."
"mcc_campaign_ch10_s46_l2.mp3","narrator","narration",62,"The tea didn't cool. Twenty-five degrees. That hadn't changed."
"mcc_campaign_ch2_s_ending_l0.mp3","narrator","ending",252,"It was night. The mine didn't stop. The mine ran at night too. Shift system. Miners shifted. The mine didn't shift. The machines didn't shift. Some things didn't stop.  The report was uploaded to the server. It became something that couldn't be undone."
"mcc_campaign_ch2_s_fail_l0.mp3","narrator","narration",160,"The sector was still unsafe. The miners had to go back in. They had no other choice. The old man looked at the radio. Said nothing. That too was how Mars spoke."
"mcc_campaign_ch2_s_success2_l0.mp3","narrator","narration",190,"The old miner went back. His back still small. But slightly different from before. Exactly what was different was unclear. Just a little different. On Mars some things changed just a little."
"mcc_campaign_ch2_s01_l0.mp3","narrator","narration",191,"The next mission was an audit. Li Fang pushed a file across. A thick file. No need to ask what was inside. Mine audit report. All MCC mines on Mars were audited quarterly. It was a formality."
"mcc_campaign_ch2_s03_l0.mp3","narrator","narration",248,"Li Fang stood up. He took the file back. Left one sheet. Audit checklist. Thirty-seven items. Safety equipment status. Support conditions. Ventilation system. Emergency exit locations. Accident records. Item thirty-seven was last. Accident records."
"mcc_campaign_ch2_s04_l0.mp3","narrator","narration",219,"Northern Hellas transport corridor. Three hours to the mine facility. Wilderness outside the window. Nothing. The northern Hellas had nothing. That was why they mined there. In a place with nothing, there was something."
"mcc_campaign_ch2_s05_l0.mp3","narrator","narration",240,"Occasional structures in the wilderness. Exhaust pipes. Old signal towers. Power line supports. All MCC's. There was nothing that wasn't MCC's. In the northern hemisphere of Mars. Nobody asked about ownership. Those who had asked were gone."
"mcc_campaign_ch2_s06_l0.mp3","narrator","narration",162,"Mine entrance. Iron gate. A guard. The guard checked the ID. MCC audit team, it was said. The guard relayed something on the radio. A short wait. The gate opened."
"mcc_campaign_ch2_s07_l0.mp3","narrator","narration",189,"The mine facility manager came out. Quick steps. A prepared expression. He knew the audit team was coming. Knowing means preparing. Preparing means hiding. That was the premise of an audit."
"mcc_campaign_ch2_s09_l0.mp3","narrator","narration",176,"Sector 7. An asterisk was made on the checklist. The manager saw it. His expression didn't change. A prepared person. A prepared expression was the most frightening expression."
"mcc_campaign_ch2_s10_l0.mp3","narrator","narration",165,"Started with Sector A. Checklist. Safety equipment status. Present. Ventilation system. Operating. Emergency exits. Marked. Everything satisfactory. Prepared things."
"mcc_campaign_ch2_s11_l0.mp3","narrator","narration",235,"The mine elevator descended two kilometers below the surface. As it went down the temperature rose. The surface was below zero but underground was different. Miners knew this difference. Whether knowing it was a good thing was unclear."
"mcc_campaign_ch2_s12_l0.mp3","narrator","narration",205,"Sector B. Sector C. Sector D. Check. Check. Check. The manager walked ahead. Gave explanations. Stated numbers. Production output. Efficiency. Shift system. The numbers were good. Numbers were always good."
"mcc_campaign_ch2_s13_l0.mp3","narrator","narration",162,"Miners were working. Some had no safety equipment. No masks. Hands black with ore dust. How much they'd inhaled wasn't visible. Not visible didn't mean not there."
"mcc_campaign_ch2_s14_l0.mp3","narrator","narration",240,"Written on the checklist. Multiple workers not wearing safety equipment. The manager saw it. His expression didn't change. He said it. Only today. Usually everyone wears them. A few forgot during today's inspection. A plausible explanation."
"mcc_campaign_ch2_s15_l0.mp3","narrator","narration",220,"Sector E. Passed. Sector F. Passed. Sector 7. The manager stopped. He said next. Said to go to Sector 8. Said again that Sector 7 was under work and couldn't be entered. The asterisk on the checklist was looked at again."
"mcc_campaign_ch2_s17_l0.mp3","narrator","narration",194,"Went to Sector 7. The manager followed. He couldn't stop you. Stopping would be more suspicious. Sector 7 entrance. Yellow tape. A sign saying under work. No sound. Under work should have sound."
"mcc_campaign_ch2_s18_l0.mp3","narrator","narration",179,"Sector 7. Where a support had collapsed. The support had been repaired. But the date of collapse wasn't in the records. No record meant no accident. That was MCC's record-keeping."
"mcc_campaign_ch2_s19_l0.mp3","narrator","narration",191,"New supports and old supports were mixed. Where the new support had been installed there was evidence. Fresh cement. Around it older cement. The cement colors were different. Different dates."
"mcc_campaign_ch2_s20_l0.mp3","narrator","narration",171,"Marks on the ground. Scrape marks. Marks from something heavy being dragged. The marks of a stretcher. There was one reason a stretcher would be dragged in a Martian mine."
"mcc_campaign_ch2_s23_l0.mp3","narrator","narration",181,"The old miner turned away. His back was small. It was the look of someone who had worked there a long time. The clipboard person wrote something. You didn't look at what they wrote."
"mcc_campaign_ch2_s24_l0.mp3","narrator","narration",262,"The manager came close. His expression still unchanged. He said the old man had always had complaints. Maintaining accurate records was MCC policy. If there had been an accident it would have been recorded. His words sounded right and not right at the same time."
"mcc_campaign_ch2_s25_l0.mp3","narrator","narration",257,"The radio was turned on. Li Fang was contacted. The situation in Sector 7 was relayed. Stretcher marks. Fresh cement. The old man's testimony. Li Fang was silent for a moment. There was a length to the silence. Short silence and long silence were different."
"mcc_campaign_ch2_s27_l0.mp3","narrator","narration",213,"Li Fang cut the radio. The radio went quiet. The mine wasn't quiet. Machine sounds. Distant work sounds. Among those sounds the old man was working. Couldn't be seen. His sound couldn't be heard. But he was there."
"mcc_campaign_ch2_s28_l0.mp3","narrator","narration",168,"The checklist was in hand. Thirty-seven items. Thirty-six checked. Last item. Accident records. Not checked. There was nothing to check. Or there was too much to check."
"mcc_campaign_ch2_s29_l0.mp3","narrator","narration",181,"The elevator ascended. Surface light returned. Blood-red. The mine stayed below. The miners stayed below. The old man stayed below. The report was in hand. The hands didn't tremble."
"mcc_campaign_ch3_s_ending_l0.mp3","narrator","ending",335,"Twenty-five degrees. It was a temperature. But it was not only that. On Mars maintaining warmth was power. Chen Weiss knew this. She held the tea. Didn't drink it. Tea that wouldn't cool. But that tea was made from miners' allowances. She knew that too. She maintained twenty-five degrees to not forget. That was this room's real name."
"mcc_campaign_ch3_s_fail_l0.mp3","narrator","narration",209,"You returned. The data was incomplete. Chen would already know. She always did. She would be holding her tea. Not drinking. Tea didn't cool at twenty-five degrees. She could wait. That too was a form of power."
"mcc_campaign_ch3_s01_l0.mp3","narrator","narration",177,"A summons arrived. Sender: Chen Weiss. Content: 10 AM. 25-Degree Lounge. Brief. In MCC brief summons meant one of two things. Unimportant or very important. This was the second."
"mcc_campaign_ch3_s02_l0.mp3","narrator","narration",199,"On Mars maintaining twenty-five degrees cost money. A great deal. Chen Weiss's office was always twenty-five degrees. That was the room's name. The 25-Degree Lounge. There was a reason it had a name."
"mcc_campaign_ch3_s03_l0.mp3","narrator","narration",254,"MCC executive floor. Sixth floor. There was an elevator. But the elevator required a separate key. The 6th floor button was locked. Stairs existed. The stairs also needed a code. The code changed. Weekly. That was why the sixth floor was the sixth floor."
"mcc_campaign_ch3_s04_l0.mp3","narrator","narration",187,"Chen Weiss was holding a cup of tea. The cup was full. But she wasn't drinking it. This was her way. In the twenty-five degree room the tea wouldn't cool. It could stay like that forever."
"mcc_campaign_ch3_s05_l0.mp3","narrator","narration",193,"Her parents had been miners. Born on Mars. Second generation. They worked the mines and they died in them. Chen didn't talk about it often. But whenever she held the tea it was there somewhere."
"mcc_campaign_ch3_s06_l0.mp3","narrator","narration",236,"The window was full-wall. All of Hellas Central visible. A panorama. The city's layers visible. Upper. Middle. Lower. More dust the lower you went. From the window everything was small. The layer where her parents had been was smallest."
"mcc_campaign_ch3_s08_l0.mp3","narrator","narration",165,"Tea came. The cup was taken. Chen looked at her own cup. Didn't drink. Just held it. In the twenty-five degree air the tea wouldn't cool. That was this room's power."
"mcc_campaign_ch3_s10_l0.mp3","narrator","narration",180,"Chen looked toward the window. Briefly. Came back. Held the tea. Didn't drink. This repeated. There were things that repeated in this room. Those things made this room what it was."
"mcc_campaign_ch3_s12_l0.mp3","narrator","narration",196,"She looked at the window. The panoramic window. All of Hellas. The mine district was visible. Small. She held her tea. Didn't drink. Even while telling that story. That said more. More than words."
"mcc_campaign_ch3_s14_l0.mp3","narrator","narration",204,"The tea didn't cool. Twenty-five degree air. Chen held the tea. Didn't drink. The conversation continued. But not drinking the tea said more. In this room what was not done was heavier than what was done."
"mcc_campaign_ch3_s16_l0.mp3","narrator","narration",228,"Later. When that word was said in this room it had different weight. A later that was certain. Not many people in MCC had a certain later. Chen Weiss was one. That was another name for this room. A place where later was certain."
"mcc_campaign_ch3_s18_l0.mp3","narrator","narration",238,"Your thoughts. That was strange. In MCC people rarely asked for your thoughts. It was an organization that wanted your reports. Reports were facts. Facts could be managed. Thoughts were different. Chen Weiss wanting thoughts had a reason."
"mcc_campaign_ch3_s20_l0.mp3","narrator","narration",229,"Tea was in the hand. Warm. Twenty-five degrees. Miners paid for that warmth. Chen kept this room at twenty-five to not forget. That was understood. But whether fully understood was uncertain. On Mars nothing was fully understood."
"mcc_campaign_ch3_s22_l0.mp3","narrator","narration",228,"Quiet. Beyond the panoramic window was Hellas. The city MCC built. From this room everything was small. That was intentional. Distinguishing what should look small from what should not. That was what twenty-two years had taught."
"mcc_campaign_ch3_s24_l0.mp3","narrator","narration",218,"Chen looked at the window. Long. Held the tea. Didn't drink. Hellas was in that window. Small. But from this room it was known that wasn't everything. What looked small wasn't actually small. That was what Mars taught."
"mcc_campaign_ch3_s26_l0.mp3","narrator","narration",263,"Contract. Everything on Mars was contract. Oxygen was contract. Water was contract. Mines were contract. But when people died within contracts the cause section was blank. That blank was in the contract. Filling that blank. That was what Chen said without saying."
"mcc_campaign_ch3_s28_l0.mp3","narrator","narration",144,"Held the tea. Drank. Warm. Chen held her cup. Didn't drink. Two cups. One emptying. One staying full. That difference was this room's real name."
"mcc_campaign_ch3_s30_l0.mp3","narrator","narration",184,"Chen Weiss was holding the tea. Still not drinking it. Through the window Hellas Central was visible. The city MCC built. From this room everything looked small. She had intended that."
"mcc_campaign_ch3_s31_l0.mp3","narrator","narration",179,"Chen reacted. Subtly. Lowered the cup slightly. Just slightly. The hand of someone who had held a cup for twenty-two years lowering it. That was the largest movement in this room."
"mcc_campaign_ch3_s33_l0.mp3","narrator","narration",202,"Before leaving looked at the window. All of Hellas visible. Upper. Middle. Lower. Dust. Mine. Block C-7. Where chalk names were. From this room not visible. Too small. But they were there. Always there."
"mcc_campaign_ch3_s34_l0.mp3","narrator","narration",266,"Walked toward the door. Chen was looking at the window. Holding her tea. Not drinking. From behind her shoulders were visible. 22 years of MCC. Miner parents. Twelve and alone. Those things were in those shoulders. Invisible but there. Things on Mars were like that."
"mcc_campaign_ch4_s_ending_l0.mp3","narrator","ending",218,"Kepler Crater was still there. Deep and dark. A basin within a basin. Now it was known what was inside. Dark silver. Thirty years of waiting. Blue sunset. Those things were there. Whose it was had not yet been decided."
"mcc_campaign_ch4_s_fail_l0.mp3","narrator","narration",172,"The site was lost. FSP got there first. Or CV. Either way the sample was gone. Liang Wei said nothing. That was heavier. The silence of someone who had waited thirty years."
"mcc_campaign_ch4_s01_l0.mp3","narrator","narration",196,"Kepler Crater. Three kilometers deep. A basin within a basin. Where MCC and FSP disputed mineral rights. Whether there were minerals or not nobody knew exactly. That was also why they disputed it."
"mcc_campaign_ch4_s02_l0.mp3","narrator","narration",250,"400 kilometers east of Hellas Central. Six hours by transport vehicle. No road. Martian surface. Red bedrock. Dust. Occasionally wind struck the window. Low sound. Martian wind always made low sounds. Different from Earth wind. Earth wind was higher."
"mcc_campaign_ch4_s04_l0.mp3","narrator","narration",192,"Dawn. The Martian dawn was different from Earth. The sky was red. Still red at dawn. Redder when the sun rose. Not going from dark to light. Going from red to redder. The first dawn at Kepler."
"mcc_campaign_ch4_s05_l0.mp3","narrator","narration",176,"Liang Wei was a geologist. An outsider. Neither MCC nor FSP. But she knew Kepler better than anyone. She had surveyed it for thirty years. Thirty years of data was in her head."
"mcc_campaign_ch4_s06_l0.mp3","narrator","narration",243,"Her research base was at the crater's edge. Small. Two containers. Solar panels. External antenna. Only what was necessary. The space of someone who had researched here alone for thirty years. Unnecessary things disappeared after thirty years."
"mcc_campaign_ch4_s08_l0.mp3","narrator","narration",236,"Liang Wei was talking to an MCC person. Knowing that. Someone who had researched alone for thirty years speaking to someone for the first time. That was felt. Careful. But she didn't stop. Thirty years of waiting kept her from stopping."
"mcc_campaign_ch4_s10_l0.mp3","narrator","narration",272,"Descended into the crater. Lifang came along. Lifang was silent descending. Inside the crater was quiet. Quieter than the Martian surface. Wind circled above. Didn't come down into the crater. Deep places were quiet. The quietest things on Mars were in the deepest places."
"mcc_campaign_ch4_s11_l0.mp3","narrator","narration",266,"One kilometer. Two kilometers. Three kilometers. Descended. The place where the geology team had stopped was visible. A marker. A warning marker. Ground instability. MCC standard marking. Below it no marker. Below it you could keep descending. There was a reason to."
"mcc_campaign_ch4_s13_l0.mp3","narrator","narration",211,"Liang Wei went first. Below the warning marker. She didn't hesitate. Someone who had spent thirty years in this crater. This warning marker wasn't a warning to her. It was a guide. Indicating to go further down."
"mcc_campaign_ch4_s15_l0.mp3","narrator","narration",194,"Looked at the stratum. What Liang Wei said was visible. Dark silver. Different from Martian minerals. Mars was red and ochre. This was different. Reached to touch it. Liang Wei stopped the hand."
"mcc_campaign_ch4_s17_l0.mp3","narrator","narration",219,"There was a mineral sample. The color was different. Not like ordinary Martian minerals. Analysis was needed to know what it was. Report to MCC before analysis and it would become MCC's. That was what the contract said."
"mcc_campaign_ch4_s18_l0.mp3","narrator","narration",198,"Liang Wei was looking at the sample. She had waited thirty years for this. What was in that face was hard to read. But her hands trembled. Slightly. The hands of someone who had waited thirty years."
"mcc_campaign_ch4_s20_l0.mp3","narrator","narration",200,"Lifang was beside. Said nothing. That was Lifang's way. A person who said only what was necessary. But his silence now was different. A silence waiting for something. A silence waiting for a decision."
"mcc_campaign_ch4_s22_l0.mp3","narrator","narration",218,"Above the crater the Martian sky was visible. Red. The sun tilted. The dark silver sample was in the hand. Small. But heavy. The weight of thirty years. The weight of the MCC contract too. Two weights in the same hand."
"mcc_campaign_ch4_s24_l0.mp3","narrator","narration",238,"Sunset. Edge of Kepler crater. The sun was going below the horizon. Martian sunsets were different from Earth. They turned blue. The red sky turned blue at dusk. That moment was brief. But it was there. The first time seeing it at Kepler."
"mcc_campaign_ch4_s26_l0.mp3","narrator","narration",230,"In the blue sunset was Kepler Crater. A basin 3 kilometers deep. Dark silver inside. Thirty years of research. MCC contract. Academic rejection. All of that was in this sunset. In the blue light. Light only visible on this planet."
"mcc_campaign_ch4_s28_l0.mp3","narrator","narration",226,"Night came. Kepler's night. No wind below in the crater. Wind above on the rim. Inside the crater and outside were different. Standing on this boundary. Inside and outside. Before decision and after decision. On that boundary."
"mcc_campaign_ch4_s30_l0.mp3","narrator","narration",186,"Next day's dawn. Second dawn at Kepler. Red again. From red to redder. The sample was in a pocket. Had been there all night. Decision not yet made. But dawn came. Time for decision came."
"mcc_campaign_ch4_s31_l0.mp3","narrator","narration",202,"A decision was made. Whatever that decision — Kepler Crater was unchanged. Three kilometers deep. Basin within basin. Dark silver inside. The decision didn't change that. But it changed what came after."
"mcc_campaign_ch4_s33_l0.mp3","narrator","narration",221,"A dust storm. Came suddenly. Martian dust storms came suddenly. Visibility decreased. 50 meters. 20 meters. 10 meters. FSP vehicle signal was approaching. In the dust. Not visible but there. Things on Mars were like that."
"mcc_campaign_ch5_s_ending_l0.mp3","narrator","ending",272,"Li Fang was waiting for the report. That was his way. What to tell him had already been decided. What remained undecided was what not to say. The difference between the two was large. On Mars it always was. Chalk names were on the alley wall. Wind blew. They didn't erase."
"mcc_campaign_ch5_s_fail_l0.mp3","narrator","narration",144,"No chip. No miner. MCC security filled the stairs. Sublevel 4. A place where footsteps carried well. The deaths since 2009 remained underground."
"mcc_campaign_ch5_s_success_l0.mp3","narrator","narration",254,"Outside. Martian air came through the mask. The miner walked a different direction. His name wasn't asked. That was right. Names weren't protection. The chip was there. Small. The history of Mars was in the hand. The history that officially didn't exist."
"mcc_campaign_ch5_s01_l0.mp3","narrator","narration",238,"Returned from Kepler. Hellas Central. Same city. But looked different. Seen through eyes that had been to Kepler it was different. Three kilometers down. Dark silver. Blue sunset. Those were in memory. Hellas was unchanged. But different."
"mcc_campaign_ch5_s02_l0.mp3","narrator","narration",248,"MCC's archive was on the fourth sublevel. No elevator. Stairs. MCC favored spaces without elevators. Stairs made people slow. Slow people had time to think. People who thought became afraid. Afraid people kept quiet. That was the purpose of stairs."
"mcc_campaign_ch5_s03_l0.mp3","narrator","narration",240,"A message arrived. No sender. The content was short. Sublevel 4. Three in the afternoon. Alone. Bring only what you remember. That was all the message said. The message was deleted. But the memory wasn't deleted. Memory couldn't be deleted."
"mcc_campaign_ch5_s04_l0.mp3","narrator","narration",200,"Descended the stairs. Sublevel 4. 16 flights. The lighting grew darker with each level. Level 1. Level 2. Level 3. Level 4. Lowest. Darkest. That too was intentional. In MCC nothing was unintentional."
"mcc_campaign_ch5_s05_l0.mp3","narrator","narration",191,"He was there. Forties. Hands black. Ore dust. The kind that wouldn't wash out. Hollow around the eyes. Not the face of someone who hadn't slept. The face of someone who had never known sleep."
"mcc_campaign_ch5_s06_l0.mp3","narrator","narration",262,"He was standing. Didn't sit. Nothing to sit on in sublevel 4. Archive shelves. Documents packed tight. 30 years. 40 years. 50 years of documents. MCC's memory was here. The irony was this. In this room of memory was where the most things absent from memory were."
"mcc_campaign_ch5_s08_l0.mp3","narrator","narration",281,"The chip lay in the palm. Small. A fingertip's length. Seventeen cases. The deaths of Mars since 2009 were inside it. He was trembling. The hand that held out the chip. But the eyes didn't tremble. The eyes of someone who had decided long ago. Those were the heaviest kind of eyes."
"mcc_campaign_ch5_s10_l0.mp3","narrator","narration",213,"Personal negligence. That phrase was in the sublevel 4 air. How many such phrases were in the archive shelves. Phrases that filled cause sections. But not the real cause. MCC's memory was filled with such phrases."
"mcc_campaign_ch5_s12_l0.mp3","narrator","narration",161,"Those words were heavy. You're the only one. In MCC. To take the chip holding 17 deaths. That was true. Here in sublevel 4. In this thick archive. That was true."
"mcc_campaign_ch5_s14_l0.mp3","narrator","narration",261,"The record remains. That phrase had strange resonance in this place. MCC archive. Place of records. But these records were not real records. Falsified records. Deaths without cause. A real record was being passed here in this sublevel. Among the falsified ones."
"mcc_campaign_ch5_s15_l0.mp3","narrator","narration",227,"A sound came from the stairs above. Footsteps. MCC's building carried sound well. The stairs especially. Two people. Descending slowly. People who descended slowly were not in a hurry. People not in a hurry were more dangerous."
"mcc_campaign_ch5_s17_l0.mp3","narrator","narration",251,"He turned. Went to the shelves. Pulled out documents. As if nothing had happened. A person who had waited thirty years became in two minutes someone for whom nothing happened. That was how you lived on Mars. The ability to become nobody in an instant."
"mcc_campaign_ch5_s18_l0.mp3","narrator","narration",217,"The chip was in the hand. Into the pocket. Footsteps grew closer. Two people. Slow footsteps. On the third sublevel stairs. Now the fourth. Would be visible soon. Had to explain what was being done here in sublevel 4."
"mcc_campaign_ch5_s19_l0.mp3","narrator","narration",191,"The decision was made. The next moved with that decision. Two people appeared from the stairs. MCC internal audit armbands. They came down. Slow. Not in a hurry. Knew that was more dangerous."
"mcc_campaign_ch5_s21_l0.mp3","narrator","narration",232,"The auditors looked. As if there was nothing. But they looked. On Mars auditors' eyes always looked. They recorded what was visible. They also recorded what was not visible. That was auditing. Recording absences more than presences."
"mcc_campaign_ch5_s22_l0.mp3","narrator","narration",202,"Outside. Hellas Central exterior. Night. The chip was in the pocket. Small. But heavy. Seventeen people. Since 2009. Names. Dates. Repair requests. Approval denials. All of that inside this small thing."
"mcc_campaign_ch5_s23_l0.mp3","narrator","narration",207,"The Hellas labor district was visible. Night. There were lights. Windows. Windows with people. Where miners lived. Where the seventeen had lived. Where their families still lived. The chip was in the pocket."
"mcc_campaign_ch5_s24_l0.mp3","narrator","narration",310,"A name appeared in an old MCC document. Cinder Grace. Former MCC mechanical engineer. Contract terminated three years ago. Reason: conduct violation. Current affiliation: unknown. There was a photo. The kind of person whose eyes you'd still remember. People on Mars with eyes like that had gone somewhere else."
"mcc_campaign_ch5_s25_l0.mp3","narrator","narration",235,"Cinder Grace. Conduct violation. What that was wasn't in the documents. In MCC documents there were things without reasons. Those things held the most stories. The absence of a reason was the reason. Many things on Mars were like that."
"mcc_campaign_ch5_s27_l0.mp3","narrator","narration",194,"Lifang's words. Whether that was a warning or permission was unclear. That was how Lifang's words were on Mars. Both or neither. Had to decide on that boundary. The chip was still in the pocket."
"mcc_campaign_ch5_s29_l0.mp3","narrator","narration",193,"In the labor district alley children were playing. Night. Wearing masks. Martian children. Chalk names on the wall. Kim Yong-jin. Names below. People who died in mines. Written by the children."
"mcc_campaign_ch5_s30_l0.mp3","narrator","narration",241,"The chip was in the pocket. Seventeen names inside. The wall names were there too. Kim Yong-jin. Names below. The names in the chip connected to the names on the wall. The same kind of names. Names not in records. But names written in chalk."
"mcc_campaign_ch6_s_ending_l0.mp3","narrator","ending",257,"The chalk names of block C-7 would not be erased by the morning wind. Chalk was weak. But no matter how strong the Martian wind, it could not erase names that had already been remembered. Kim Yong-jin. The names below. The names below that, not yet written."
"mcc_campaign_ch6_s_fail_l0.mp3","narrator","narration",139,"No server. FSP was first. The children watched from the alley. They knew which side had lost. Children on Mars learned such things quickly."
"mcc_campaign_ch6_s01_l0.mp3","narrator","narration",236,"Chen Weiss read the report. Holding her tea. Not drinking it. Outside the window was the Hellas labor district. A sector MCC built. A sector of people who lived for MCC. The window was thick. No sound came through. That was intentional."
"mcc_campaign_ch6_s02_l0.mp3","narrator","narration",192,"Information had leaked. MCC knew it. They knew where it came from. And who helped. MCC had a long memory. On Mars there was only one organization with a long memory. That was MCC's real power."
"mcc_campaign_ch6_s03_l0.mp3","narrator","narration",245,"Vendetta. On Mars that word took a different shape. Not violence. MCC didn't use violence. Violence left traces. Instead they suspended permits. Cancelled contracts. Adjusted oxygen allocations. That was cleaner than violence. And more complete."
"mcc_campaign_ch6_s05_l0.mp3","narrator","narration",201,"Chen held her tea. Didn't drink. Even giving this order. Orders on Mars came like this. In a quiet voice. Holding tea. Without directly threatening. But every word contained a threat. Chen Weiss's way."
"mcc_campaign_ch6_s07_l0.mp3","narrator","narration",229,"Understood. But understanding didn't justify everything. Understanding and agreement were different. On Mars that difference was large. But an order was an order. Refuse an order and there was a next. The next was also MCC's way."
"mcc_campaign_ch6_s08_l0.mp3","narrator","narration",186,"Block C-7. Night. The Martian night was long. People were in the alleys. Children. Miners' children. Wearing masks. Children wearing masks in alleys. That was what children on Mars were."
"mcc_campaign_ch6_s09_l0.mp3","narrator","narration",210,"Names were written on the wall. Chalk. Kim Yong-jin. More names below. Several. Not the names of people who died in FSP labor districts. The names of people who died in MCC mines. Written by the alley children."
"mcc_campaign_ch6_s10_l0.mp3","narrator","narration",176,"The children looked. There was a stranger. No MCC armband. But they knew. Martian children learned that quickly. Who was MCC. By gait. By gaze. By how they looked at the alley."
"mcc_campaign_ch6_s11_l0.mp3","narrator","narration",201,"The block C-7 server room was there. First sublevel. MCC built this block. MCC knew the structure of every block. Where servers were. Where emergency exits were. Where people gathered. MCC always knew."
"mcc_campaign_ch6_s13_l0.mp3","narrator","narration",227,"FSP contact network. Miners' contacts. A network for sharing safety information. Mine accident information. Danger zone information. Those were in this server. That was what MCC wanted. Without it FSP couldn't reach the miners."
"mcc_campaign_ch6_s14_l0.mp3","narrator","narration",310,"A name appeared in an old MCC document. Cinder Grace. Former MCC mechanical engineer. Contract terminated three years ago. Reason: conduct violation. Current affiliation: unknown. There was a photo. The kind of person whose eyes you'd still remember. People on Mars with eyes like that had gone somewhere else."
"mcc_campaign_ch6_s15_l0.mp3","narrator","narration",234,"Cinder Grace. The name was remembered. Seen in documents five sections back. Conduct violation. No reason. In MCC documents termination without reason. What that meant was now known. Had leaked safety reports. To FSP. Three years ago."
"mcc_campaign_ch6_s17_l0.mp3","narrator","narration",249,"Lifang said no more. That was enough. Cinder Grace was someone who had learned MCC's way. And someone who had told the outside. MCC didn't tolerate that. Vendetta came. Contract terminated. Deleted from records. On Mars deletion meant non-existence."
"mcc_campaign_ch6_s18_l0.mp3","narrator","narration",230,"Children were watching from the alley. Looking toward the server room direction. Children understood faster than adults. What was happening. Martian children grew up that way. As children who quickly understood what was happening."
"mcc_campaign_ch6_s19_l0.mp3","narrator","narration",257,"In front of the server room. Miner database. FSP contact network. What MCC wanted. But in this database were names. Miners' names. Their families' names. Contact information. What that would become in MCC hands was known. It would become a negotiating card."
"mcc_campaign_ch6_s21_l0.mp3","narrator","narration",272,"Lifang gave the decision to you. That was strange. Lifang was someone who followed orders. But now he didn't give an order. He gave a decision. That difference was large in this alley. Children were watching. Chalk names were there. Server room was there. One minute left."
"mcc_campaign_ch6_s22_l0.mp3","narrator","narration",198,"Decision made. The FSP team arrived. Into the alley. Children moved to both sides. The children knew situations like this. Knew when to get out of the way. They were Martian children. Fast learners."
"mcc_campaign_ch6_s23_l0.mp3","narrator","narration",201,"The FSP team stopped. Assessed the situation. They also had to decide. In this alley there were two decisions. MCC's. FSP's. Children were against the wall. Beside the chalk names. That was this scene."
"mcc_campaign_ch6_s24_l0.mp3","narrator","narration",196,"On the way back. Chalk names. Kim Yong-jin. Names below. Written by the alley children. Where the children went was unknown. Home probably. The homes where miners' children lived. Homes MCC built."
"mcc_campaign_ch6_s26_l0.mp3","narrator","narration",277,"One miner survived. Because of Cinder Grace. That was the conduct violation. MCC's logic. That logic came from the same organization as the person holding tea in the 25-Degree Lounge. Mars was like that. Different logics within the same organization. People lived between them."
"mcc_campaign_ch6_s27_l0.mp3","narrator","narration",230,"Outside Erebus Crater. Information arrived. Cinder Grace's trace was here. CV territory. A place MCC didn't reach. Or chose not to reach. CV was a different kind of danger. MCC threatened with contracts. CV threatened differently."
"mcc_campaign_ch6_s28_l0.mp3","narrator","narration",237,"Erebus. There was a reason for that name. In Greek myth Erebus was the darkness of the underworld. On Mars names were mostly from Earth. Names brought from Earth. But Martian landscapes fit those names. Erebus Crater. Crater of darkness."
"mcc_campaign_ch6_s30_l0.mp3","narrator","narration",209,"Lifang stopped. Would wait here. That was Lifang's final line on Mars. A place with no MCC order. He was someone who stopped there. That was his way. The way of someone who had lived like that for a long time."
"mcc_campaign_ch7_s_ending_l0.mp3","narrator","ending",201,"Chen left the chamber. Still holding her tea. But the cup was empty. One person saw it. In twenty-two years nobody had seen Chen Weiss's cup empty. First sightings were rare on Mars. But they happened."
"mcc_campaign_ch7_s_fail_l0.mp3","narrator","narration",197,"The board deferred the decision. That was a rejection. Board deferrals were always rejections. The tea had cooled. They said tea never cooled in this room. That was one more thing that wasn't true."
"mcc_campaign_ch7_s01_l0.mp3","narrator","narration",235,"The board chamber was completely sealed. No outside air entered. Its own oxygen circulation system. In all of MCC headquarters only the board chamber had its own air. The directors understood what it meant to have your own air on Mars."
"mcc_campaign_ch7_s02_l0.mp3","narrator","narration",215,"A summons arrived. Brief. Board chamber. 9 AM. There was a sender. MCC Board Secretariat. What the summons meant was still unknown. But it was to be accepted. Nobody in MCC refused a call from the Board Secretariat."
"mcc_campaign_ch7_s03_l0.mp3","narrator","narration",197,"Chen Weiss was waiting in the corridor. Holding her tea. Not drinking it. She had arrived first. That was a message. This person always arrived first. That was how she existed in this organization."
"mcc_campaign_ch7_s05_l0.mp3","narrator","narration",175,"Seven directors. The table was circular. No head seat. But everyone knew where Chen Weiss sat. That was another form of head seat. The form power takes without marking itself."
"mcc_campaign_ch7_s06_l0.mp3","narrator","narration",231,"Stopped briefly at the entrance. Voices from inside the door. Low. Indistinct. Seven directors. The most important people on Mars. Their decisions set oxygen prices. Set water prices. Set miners' contract conditions. One door away."
"mcc_campaign_ch7_s07_l0.mp3","narrator","narration",185,"You entered. The directors looked. Chen didn't stand. She held her tea. Didn't drink it. That was the introduction. That was enough. In the MCC boardroom Chen's silence was a statement."
"mcc_campaign_ch7_s09_l0.mp3","narrator","narration",268,"The directors listened. No expressions. That was the board's way. Trying to read expressions was pointless. There was nothing to read. When directors showed something it was because a decision had already been made. What was shown in this room was result. Not process."
"mcc_campaign_ch7_s11_l0.mp3","narrator","narration",196,"The board knew. It said so. And still wanted to hear it from you. That was this room's test. How you say what is already known. Or don't say it. Or say it differently. Three things were different."
"mcc_campaign_ch7_s13_l0.mp3","narrator","narration",255,"Kepler Crater. Three kilometers deep. Dark silver mineral. Extraterrestrial origin possibility. This was being said in this room. Before the directors. Seven of them. No expressions. But listening. The air in this room was its own. Different from outside."
"mcc_campaign_ch7_s15_l0.mp3","narrator","narration",252,"The third option. What wasn't said clearly. In MCC that was deletion. Research terminated. Researcher terminated. On Mars deletion took various forms. Contract terminated. Records deleted. Permits revoked. The result was the same. They ceased to exist."
"mcc_campaign_ch7_s17_l0.mp3","narrator","narration",266,"Directors waited. Circular table. Seven expressionless people. Chen held her tea. Didn't drink. In this room Chen always held her tea. For twenty-two years. No one had seen her drink it in this room. That was her ritual in this room. Hold the tea. Don't drink. Wait."
"mcc_campaign_ch7_s19_l0.mp3","narrator","narration",217,"The board knew everything. Block C-7. Server. Decision. They knew and were asking. They wanted to hear it from you. That was a test. The board's test. The oldest kind of test on Mars. Confirming what is already known."
"mcc_campaign_ch7_s21_l0.mp3","narrator","narration",206,"Directors waited. Seven. Circular table. Chen held her tea. Didn't drink. The air in this room was its own. Sealed. Knew where words spoken in this room went. MCC's memory. Remembered forever. Never erased."
"mcc_campaign_ch7_s23_l0.mp3","narrator","narration",249,"Already been handled. That phrase sounded soft in this room. Board words were soft. But their meaning was sharp. Already been handled. What that meant was something you didn't ask about. In this room. The things not asked made this room what it was."
"mcc_campaign_ch7_s25_l0.mp3","narrator","narration",258,"Outside the window Hellas was visible. MCC's city. The mine district visible. Small. Block C-7 visible. Smaller. Chalk names not visible. Too small. But they were there. Not gone. What was decided in this room went down there. That was what this window said."
"mcc_campaign_ch7_s27_l0.mp3","narrator","narration",181,"Directors waited. Chen held her tea. Didn't drink. Twenty-two years in this room. Never drinking it. Nobody knew the reason. For twenty-two years. But today she hadn't yet. Not yet."
"mcc_campaign_ch7_s29_l0.mp3","narrator","narration",254,"The 25-Degree Lounge. Adjacent to the board chamber. Chen was here. Holding tea. Not drinking. This room too was the same temperature as the board chamber. Always twenty-five degrees. That was why the lounge was called 25-Degree. That was where Chen was."
"mcc_campaign_ch7_s31_l0.mp3","narrator","narration",181,"Chen was asking the same question. The same as the board. But in a different way. The board asked through tests. Chen said it directly. What that difference meant was still unknown."
"mcc_campaign_ch7_s33_l0.mp3","narrator","narration",249,"Board approval. The weight of those words was known. When approval came from this room Mars changed. That change went down to the mine district. Down to block C-7. To where chalk names were. Board approval came from here but results were down there."
"mcc_campaign_ch8_s_ending_l0.mp3","narrator","ending",281,"Dawn. Outside Hellas Zone 4. The dust storm had passed. Mars's dawn was different from Earth's. Redder. The sun smaller. In the direction Cinder Grace walked was that light. She was someone you felt you could understand where she'd come from. Where she was going was still unknown."
"mcc_campaign_ch8_s_fail_l0.mp3","narrator","narration",159,"Cinder Grace was gone. The miner was gone. MCC would find out. MCC always found out. The relay station remained closed. There was still nothing in the records."
"mcc_campaign_ch8_s01_l0.mp3","narrator","narration",230,"Hellas Zone 4. Dawn. MCC operational area. Intelligence arrived. CV and FSP were operating a joint base. Outside Hellas Zone 4. They had occupied an old MCC facility. Unconfirmed intelligence. But the board requested confirmation."
"mcc_campaign_ch8_s02_l0.mp3","narrator","narration",227,"The intelligence was brief. Outside Zone 4. Closed MCC relay station. Multiple CV operatives. And something being moved. What unknown. When today. MCC left many things unexplained. Missions from the board were always like that."
"mcc_campaign_ch8_s03_l0.mp3","narrator","narration",239,"Zone 4 ruins. A place where there had been an accident thirty years ago. Same zone as Zone 12. Different tunnel. MCC closed it. Three years ago. No reason in the records. There were many things on this planet with no reason in the records."
"mcc_campaign_ch8_s04_l0.mp3","narrator","narration",246,"Sector 12 ruins. Outer Hellas. There had been an accident here three years ago. The MCC report said equipment failure. But records differed on who wrote the report. Multiple versions existed. In MCC records. Which was the truth was still unknown."
"mcc_campaign_ch8_s05_l0.mp3","narrator","narration",210,"Inside the relay station. Someone was there. Alone. A woman. Tools hung on her belt. Several. An engineer's tools. Oil on her hands. Working. But no weapon. On the outer plains people without weapons were rare."
"mcc_campaign_ch8_s07_l0.mp3","narrator","narration",238,"Cinder Grace. She hadn't said her name. But it was known. Those were the eyes from the file. Even in the photo it had seemed like eyes you'd remember. In person more so. This was someone who had been through something. It was in the eyes."
"mcc_campaign_ch8_s09_l0.mp3","narrator","narration",222,"The report. Three deaths in Sector 7. Writing it had meaning here. Cinder knew it. A report from inside MCC. It saved the miner. Someone MCC had processed as dead. It was connected. The report and this person and this day."
"mcc_campaign_ch8_s11_l0.mp3","narrator","narration",208,"Zone 12. Eleven people. Report. Revision request. Refusal. Tunnel collapse. That was Cinder Grace. Someone in MCC three years ago. Someone in CV now. Zone 12 was in between. That was why this person was here."
"mcc_campaign_ch8_s13_l0.mp3","narrator","narration",258,"A dust storm came. Mars's dust storm. Visibility narrowed. Outside the relay station was invisible. Through the dust storm an MCC team was approaching. An MCC team that didn't know about this mission. Standard procedure. Neutralize on CV operative detection."
"mcc_campaign_ch8_s15_l0.mp3","narrator","narration",209,"The miner was there. In the corner. Hidden. Old. Sixties. Oil on the hands. A miner. Listed as dead in the records. Three years ago. What Cinder had said. Someone processed as dead in MCC records. Alive. Here."
"mcc_campaign_ch8_s17_l0.mp3","narrator","narration",202,"A Zone 12 witness. Hidden for three years. Listed as dead in MCC records. Alive. And records were needed. Of what was seen. Cinder was moving for that. With tools. An engineer from MCC. Now a CV person."
"mcc_campaign_ch8_s19_l0.mp3","narrator","narration",194,"Cinder wasn't trying to kill. That was the strange thing. When CV met MCC it was battle. Always. But this person was talking. Holding tools. Asking about reasons. What that meant. Still unknown."
"mcc_campaign_ch8_s21_l0.mp3","narrator","narration",234,"The dust storm strengthened. MCC team sounds grew closer. At the relay station's outer wall. Minutes away. Had to decide. Cinder and the miner. The mission. MCC team. And reason. The difference between people with reasons and without."
"mcc_campaign_ch8_s23_l0.mp3","narrator","narration",190,"Cinder waited. Holding tools. The miner was in the corner. Dust storm sounds were heard. And MCC team sounds too. Two kinds of sound. Which was closer. That was what mattered most right now."
"mcc_campaign_ch8_s25_l0.mp3","narrator","narration",238,"The board. Circular table. Seven people. Expressionless. They knew. But they wanted to hear it from you. That memory was different here. What this person saw. At Zone 12. If it was put on record. Even before the board things could change."
"mcc_campaign_ch8_s27_l0.mp3","narrator","narration",189,"MCC team reached the outer wall. Through the dust storm. At the relay station door. Thirty seconds. That was the decision time. Mission. Or reason. Which carried more weight in this moment."
"mcc_campaign_ch8_s29_l0.mp3","narrator","narration",167,"This was the moment. Cinder Grace. Zone 12. Eleven people. Old miner. Records. MCC team. Mission. All of it was in this room. With dust storm sounds. With tool sounds."
"mcc_campaign_ch9_s_ending_l0.mp3","narrator","ending",254,"Descending from Olympus. All of Mars was visible. Red. Below was Hellas. MCC's city. Smaller still was block C-7. The chalk names. Coming down they would be large again. That was what this mountain taught. Small things became large again on the way down."
"mcc_campaign_ch9_s_fail_l0.mp3","narrator","narration",285,"The meeting didn't end. A meeting that didn't end was a collapse. Three factions went their separate ways. Olympus remained. Mountains always remained. Even when people left. Even without agreement. Zone 12 names remained locked. But Cinder had picked up her tools. That was different."
"mcc_campaign_ch9_s_success_l0.mp3","narrator","narration",250,"The agreement was signed. Three factions. Three signatures. Chen's was last. Before taking the pen she set down her tea. She signed with both hands. The right supporting the left. That was not her way. But today it was. This signature was worth that."
"mcc_campaign_ch9_s01_l0.mp3","narrator","narration",238,"Olympus Mons. The highest mountain in the solar system. Summit pressure was 0.07 percent of Earth's. Without a mask ten seconds. That was why this place was chosen for the meeting. No one could stay here long. That was the fair condition."
"mcc_campaign_ch9_s02_l0.mp3","narrator","narration",210,"Chen Weiss arrived first. That was her way. The person who arrived first defined the space. She held her tea. Didn't drink it. Even on Olympus it was the same as the 25-Degree Lounge. That consistency was hers."
"mcc_campaign_ch9_s04_l0.mp3","narrator","narration",178,"Three factions. Three flags. MCC. FSP. CV. Same planet. Different futures. One table. Three chairs. Fewer chairs than people was a problem anywhere in the world. On Mars more so."
"mcc_campaign_ch9_s06_l0.mp3","narrator","narration",207,"Rev. Hale sat. Didn't pray. This was not the place for that. Cinder Grace stood. Tool belt unchanged. She had worn it climbing to this summit too. Watching the two of them Chen held her tea. Didn't drink it."
"mcc_campaign_ch9_s08_l0.mp3","narrator","narration",200,"Not a negotiation. Intelligence gathering. Chen said that. In this room. To you. That was MCC's way. Everything was purpose. The tea too. This room too. The meeting too. All of it was for information."
"mcc_campaign_ch9_s10_l0.mp3","narrator","narration",189,"Zone 12. Eleven people. Photo. Names. Chen had known. For twenty-two years. It came to this table. Cinder brought it. With the tool belt. To Olympus. That was why today was a different day."
"mcc_campaign_ch9_s12_l0.mp3","narrator","narration",205,"Chen decided. At this table. To unlock the Zone 12 records. For the first time in twenty-two years. Cinder's photo made that decision. That was why today was special. Not information gathering. A decision."
"mcc_campaign_ch9_s14_l0.mp3","narrator","narration",211,"Chen's story. In this room. Before Cinder and Rev. Hale. First time telling it. Twenty-two years without telling it. Today first. In this room. In a room without windows. That was why this meeting was different."
"mcc_campaign_ch9_s16_l0.mp3","narrator","narration",280,"Chen said it. That her mother had called Butcher. Thirty years ago. This was the first time it was said in any room. Her mother died. Eight years later. At Zone 12. Twenty-two years inside MCC. And today. On Olympus. In a room without windows. That was what was said in this room."
"mcc_campaign_ch9_s18_l0.mp3","narrator","narration",262,"Chen had been keeping CV alive. For twenty-two years. Inside MCC. The eight years before that were her mother. Butcher didn't know. Cinder didn't know. Now they knew. In this room. On Olympus. At the highest point on Mars. That was said for the first time today."
"mcc_campaign_ch9_s20_l0.mp3","narrator","narration",197,"Pilgrim Arms. Hired from inside the board. To stop Chen. To stop the Zone 12 record unlock. To stop what had been held for twenty-two years inside MCC. That was what was happening on Olympus today."
"mcc_campaign_ch9_s22_l0.mp3","narrator","narration",184,"A choice. Follow Chen's instructions. Or act independently. Follow the board's instructions. Or protect Chen. Those were different directions. On Olympus. At the highest point on Mars."
"mcc_campaign_ch9_s24_l0.mp3","narrator","narration",175,"Outside Olympus. Pilgrim Arms four were moving. Two east. Two west. Along the base's outer wall. After Chen. To stop the Zone 12 record unlock. Hired by the board. Inside MCC."
"mcc_campaign_ch9_s26_l0.mp3","narrator","narration",208,"Cinder went out. With tools. On Olympus. At the highest point in the solar system. Tool sounds. That was the answer to this situation. Cinder's way. Fixing with tools. That went from this room to the outside."
"mcc_campaign_ch9_s28_l0.mp3","narrator","narration",224,"Chen held her tea. Didn't drink it. In this room. Twenty-two years without drinking. But today. A little. She drank. Zone 12 photo was on the table. What Cinder brought. It was in this room. That was why today was different."
"mcc_campaign_ch9_s30_l0.mp3","narrator","narration",234,"Names appearing in official documents. That was what the board was trying to stop. What had been locked away for twenty-two years. That was trying to open in this room today. And Pilgrim Arms had come to stop it. On the board's order."
"mcc_campaign_ch9_s32_l0.mp3","narrator","narration",190,"Chen picked up the pen. Before the agreement. The agreement with names. Zone 12. Needing the signatures of three factions. One of them. That was about to happen. Sounds from the west. Close."
"mcc_prologue_p_ending_l0.mp3","narrator","ending",134,"Mars was waiting for you. What would you become on this planet. Chen Weiss would be reading the report. Holding her tea. Not drinking."
"mcc_prologue_p01_l0.mp3","narrator","narration",128,"Time to Mars — 14 hours. Black space beyond the cargo ship window. You knew you wouldn't be coming back when this journey ended."
"mcc_prologue_p02_l0.mp3","narrator","narration",223,"The ship was called Kariope. Full of cargo. Oxygen tanks. Food packs. Machine parts. And people. People loaded like cargo too. Not enough seats. Nobody complained. People who boarded this ship had already made their choice."
"mcc_prologue_p03_l0.mp3","narrator","narration",238,"2087. Mars population: 12 million. Three factions divided this planet. MCC — Mars Corporate Consortium. Those who hold the resources. FSP — Free Settlers' Pact. Those who worked the land. CV — Crimson Warlords. Those who live without law."
"mcc_prologue_p04_l0.mp3","narrator","narration",229,"Mars was once a shared dream. Sixty years had passed. The shared dream divided into stakes. Stakes divided by negotiation. Negotiation ended with force. Now it was just like that. Like every place in the world eventually becomes."
"mcc_prologue_p05_l0.mp3","narrator","narration",158,"You received a summons from MCC. The reason was simple — they needed someone like you. What kind of person that was — you'd find out when you arrived on Mars."
"mcc_prologue_p06_l0.mp3","narrator","narration",191,"Others were in the cargo bay. Miners. Tired faces. People too tired going to Mars. Or people going to Mars to become tired. Hard to tell the difference. On Mars it amounted to the same thing."
"mcc_prologue_p08_l0.mp3","narrator","narration",230,"Lifang looked out the window after speaking. Space was there. He said nothing more. That was his way. A person who said only what was necessary. People who had lived long on Mars became that way. People who knew words used oxygen."
"mcc_prologue_p10_l0.mp3","narrator","narration",255,"There was an observation deck. A small window. People stood there. Looking out. Nothing. Just space. Still they looked. People trying to see Mars. It wasn't visible yet. Still they looked. That was the shape of hope. Looking for something not yet visible."
"mcc_prologue_p11_l0.mp3","narrator","narration",199,"Twelve hours passed. Sleep came. Before sleeping looked out the window. A red dot was there. At first it looked like a star. As it grew closer — it became a planet. Blood-red. Beautiful. Frightening."
"mcc_prologue_p12_l0.mp3","narrator","narration",212,"Two hours to landing. Announcement came. Masks on. Seatbelts. Entering Martian atmosphere. The voice was calm. A daily announcement. That calm felt strange. Strange that atmospheric entry could be daily and calm."
"mcc_prologue_p13_l0.mp3","narrator","narration",195,"Mars filled the window. Red. Different from photos seen on Earth. Photos were flat. In reality it had depth. It looked alive. Mars wasn't alive. But it looked that way. That was Mars's first lie."
"mcc_prologue_p14_l0.mp3","narrator","narration",167,"The docking bay. People disembarked. Miners. Engineers. Bureaucrats. Everyone wore masks. Masked faces were unreadable. No expressions. The first face of Mars. A mask."
"mcc_prologue_p16_l0.mp3","narrator","narration",261,"Hellas Central. The largest city on Mars. Population 800,000. An atmospheric dome. Inside was like Earth. Similar pressure. Similar oxygen. But Mars outside the windows was different. Red dust. A place humans couldn't survive. The dome maintained that boundary."
"mcc_prologue_p17_l0.mp3","narrator","narration",269,"The city was divided into layers. Upper floors MCC administration. Middle floors engineer residences. Lower floors labor district. On Mars hierarchy was vertical. More dust the lower you went. Quieter the higher you went. Every hierarchy eventually took the same shape."
"mcc_prologue_p19_l0.mp3","narrator","narration",196,"A briefing room. Other new arrivals. Six of them. From different places. Different ships. But in the same room. People MCC had called. Different reasons each. Same destination. That was MCC's way."
"mcc_prologue_p21_l0.mp3","narrator","narration",291,"The regulations were thick. 247 pages. Someone had underlined them. A previous person's copy. The lines were thick. Important sections. Procedure for oxygen shortage. Emergency medical report channels. Those were heavily underlined. You could guess what the previous person had been through."
"mcc_prologue_p22_l0.mp3","narrator","narration",285,"The first day ended. A residential zone was assigned. Middle level. There was a window. Through it the outer Hellas was visible. Beyond the dome. Red dust moving. Wind. The Martian wind made no sound. The dome blocked it. Wind visible but inaudible. Most things on Mars were like that."
"mcc_prologue_p23_l0.mp3","narrator","narration",287,"Night came. The Martian night was long. 37 minutes longer than Earth. A day was 24 hours 37 minutes. For the first few days those 37 minutes felt strange. Feeling that strange things were strange was the first stage of adapting to Mars. The next was those strange things becoming normal."
"mcc_prologue_p25_l0.mp3","narrator","narration",240,"Outside the mine. A tunnel entrance. An elevator. Going down. 3 kilometers. Where miners went every day. Miners were coming up. A shift change. Faces caked in dust. Masks darker. They said nothing coming up. The silence of exhausted people."
"mcc_prologue_p26_l0.mp3","narrator","narration",220,"One of the miners was young. About twenty. He lifted his mask. Just briefly. His face was visible. A tired face. Tiredness of that age. That age shouldn't be tired. But on Mars it didn't matter. The mine shaft was equal."
"mcc_prologue_p28_l0.mp3","narrator","narration",183,"Day three. Lifang gave documents. The first assignment. Sector 7 safety audit. Standard procedure. Field inspection. Write a report. Two-day deadline. Simple. That was how it started."
"mcc_prologue_p29_l0.mp3","narrator","narration",195,"Sector 7. A small mining outpost on the outer Hellas. Staff 30. Primary mineral iron ore. A report form existed. A checklist. Safety equipment. Emergency exits. Oxygen backup. Checked one by one."
"mcc_prologue_p30_l0.mp3","narrator","narration",214,"There was a problem. Not on the checklist. The ventilation system was old. No parts. Signs of improvised repair. Multiple times. Below standard. But formally it had passed. The checklist was designed to allow that."
"mcc_prologue_p31_l0.mp3","narrator","narration",234,"More was there. Accident records. Past two years. Three cases. The cause section was blank. All three. Only names. Death. Death. Death. Deaths without cause. That was possible on Mars. If you didn't write the cause there was no cause."
"mcc_prologue_p33_l0.mp3","narrator","narration",250,"Told Lifang. The ventilation system. Accident records. Three deaths without cause. He listened. No expression. Still no expression after everything was said. The face of someone who had hidden expressions for a long time. That too was what Mars made."
"mcc_prologue_p35_l0.mp3","narrator","narration",239,"Wrote the report. Wrote what was seen. Ventilation system. Aged parts. Improvised repairs. Blank cause of death. Three cases. The names. Wrote them. Didn't erase them. The first decision. The first decision on Mars. Mars would remember it."
"mcc_prologue_p37_l0.mp3","narrator","narration",211,"Submitted. The report was submitted. Exactly as seen. Lifang took it. Read it. Slowly. When done he was still for a moment. That silence was long. But it didn't feel long. It was a silence worth waiting through."
"mcc_prologue_p39_l0.mp3","narrator","narration",222,"Day four. Hellas Central was becoming familiar. Memorized routes. Memorized faces. Masks made faces hard to memorize. So people memorized other things. Gait. Voice. The way they moved. Knowing people on Mars was like that."
"mcc_prologue_p40_l0.mp3","narrator","narration",232,"A red dot appeared beyond the window. At first it looked like a star. As it grew closer — it became a planet. Blood-red. Beautiful. Frightening. Now inside that planet. Seen from inside it was different. That was Mars's second face."
"prologue_shared_s_ending_l0.mp3","narrator","ending",292,"The Kariyope left six hours later. Berk checked the manifest. The last name to disembark was there. Berk didn't read that name. A name on Mars began here. Different from the Kariyope's manifest.  The soil of Mars was beneath the feet. The blood-red sky was above. Somewhere was walked toward."
"prologue_shared_s01_l0.mp3","narrator","narration",283,"The stars didn't move. In space stars were always where they were. Only the ship moved. Cargo freighter Kariyope. Eighty thousand tons of freight. Forty-seven passengers. Under Captain Berk, twenty-three years in service, following the course toward Mars. The stars didn't know that."
"prologue_shared_s02_l0.mp3","narrator","narration",243,"The Kariyope drifted three more days before reaching Mars orbit. Navigator Berk didn't call it drifting. But his not calling it drifting didn't make it otherwise. The engines were efficient. The course was accurate. Still the arrival was late."
"prologue_shared_s03_l0.mp3","narrator","narration",197,"Arrivals are always late. That was one thing Berk had learned in twenty-three years. There were other things too but he hadn't written them down. There were more unwritten things than written ones."
"prologue_shared_s04_l0.mp3","narrator","narration",239,"The Kariyope's cargo hold was always filled with things returning from Mars. Scrap metal. Processed ore. Empty oxygen tanks. The next voyage would fill it again with the same things. Mars received and sent back. It didn't send people back."
"prologue_shared_s05_l0.mp3","narrator","narration",220,"This voyage's manifest. Two thousand eight hundred forty-seven items. Berk read half of it. The other half was always the same. The last entry was forty-seven passengers. Writing non-items as items was a navigator's job."
"prologue_shared_s06_l0.mp3","narrator","narration",258,"The vending machine was at the end of the corridor. Three drinks. Brown liquid. Different brown liquid. Yellowish brown liquid. Berk always chose the first. Called coffee. It wasn't coffee. But when he drank it Berk could pause for a moment. That was enough."
"prologue_shared_s07_l0.mp3","narrator","narration",244,"The Kariyope was entering Mars orbit. Final deceleration. Thirty-nine hours of it. There was nothing to do. Nothing that could be done was more accurate. Berk took a cup from the vending machine. He drank it. He could drink it. That was enough."
"prologue_shared_s08_l0.mp3","narrator","narration",216,"Twelve surveillance monitors. Berk could see all twelve at once. Old habit. Sector 1 sector 2 sector 3. The cargo hold. Engine room. Corridor. Dining cabin. Passenger cabin. Passenger cabin corner. Someone was there."
"prologue_shared_s09_l0.mp3","narrator","narration",204,"A small bag on the lap. A hand resting on top. The hand didn't move. Two days now. For two days Berk hadn't seen that hand move. Whether they were sleeping was unclear. The monitor resolution wasn't good."
"prologue_shared_s10_l0.mp3","narrator","narration",185,"Two days, Berk said to himself. No sleep. Standing at the vending machine. How far is Mars. Thirty-nine hours. That's survivable without sleep. Probably. He looked at the monitor again."
"prologue_shared_s11_l0.mp3","narrator","narration",174,"The name was on the manifest. Berk didn't look at it. People going to Mars often left their names behind. Sometimes they brought new ones. Either way it was the same to Berk."
"prologue_shared_s12_l0.mp3","narrator","narration",238,"One of the crew asked Berk. Is that person alright. Berk thought for a moment. Said yes. He didn't know precisely what alright meant but he said it anyway. People going to Mars were usually not alright. That's why they were going to Mars."
"prologue_shared_s13_l0.mp3","narrator","narration",240,"Dining cabin. Evening ration. Three of four rows full. Two mining families. Men who looked like engineers. A woman sitting alone. No expression. She ate. She didn't think about what the food tasted like. That too was a way of going to Mars."
"prologue_shared_s14_l0.mp3","narrator","narration",247,"A mining family's child dropped their tray. A sound. Everyone looked. The child didn't cry. The adult looked at the child. The child looked at the adult. No words. Mining children learned early. They learned before knowing what they were learning."
"prologue_shared_s15_l0.mp3","narrator","narration",181,"One person hadn't appeared at the dining cabin. A crewmember brought a ration tray. It wasn't accepted. The next day another tray. Also refused. On the third day no one brought one."
"prologue_shared_s16_l0.mp3","narrator","narration",143,"It was a seat without a window. The chosen seat. There was no desire to know Mars was out there. Not yet. When you get to Mars you'll see Mars."
"prologue_shared_s17_l0.mp3","narrator","narration",145,"The bag was heavy. It had always been heavy. Heavy since leaving Earth. Heavy even knowing what was inside. The weight wasn't about the contents."
"prologue_shared_s18_l0.mp3","narrator","narration",177,"There wasn't much in the bag. Even the owner didn't know everything that was in it. One old thing. What it was, there was no need to open the bag to know. The bag wasn't opened."
"prologue_shared_s19_l0.mp3","narrator","narration",187,"What would be on Mars. That question had ended long ago. There was no asking it now. On Mars there would be Mars. That was all. Whether that was enough could only be known by going there."
"prologue_shared_s20_l0.mp3","narrator","narration",191,"Whether there was somewhere to go or not, that was unknown too. There were people on Mars. That was known. Which direction to walk hadn't been decided. Decisions came after feet touched soil."
"prologue_shared_s21_l0.mp3","narrator","narration",211,"The Kariyope shuddered. Vibration from the deceleration. The cabin lights flickered. The hand still didn't move. Berk watched that hand for a long time. Then he looked away from the monitor and drank his coffee."
"prologue_shared_s22_l0.mp3","narrator","narration",273,"A small child from the mining family stirred awake. Slipped free from an adult's arm and wandered the cabin once. The adult didn't wake. The child returned. A hand in sleep closed around the child. The child slept again. The walls were thick. People were alone inside them."
"prologue_shared_s23_l0.mp3","narrator","narration",264,"Someone snored. Someone moaned. Someone whispered. Sleeping on a ship was different from sleeping on Earth. On the ship the ship kept moving. It didn't stop. That wasn't a bad thing. They were going to Mars. Whether going to Mars was a good thing was also unclear."
"prologue_shared_s24_l0.mp3","narrator","narration",237,"Berk went up to the observation deck. Four in the morning. No one on the deck. Stars through the glass. The stars didn't move. The ship was moving. Berk had felt this difference for twenty-three years. The difference was getting smaller."
"prologue_shared_s25_l0.mp3","narrator","narration",215,"The person was there too. Corner of the observation deck. The bag was on the floor. A hand rested on the strap. Not looking out the window. Eyes half-closed. It wasn't clear if they were sleeping. Berk didn't go in."
"prologue_shared_s26_l0.mp3","narrator","narration",214,"Berk went back to the corridor. One cup of brown liquid. He looked up at the ceiling. The ceiling was dark. Twenty-three years. Now Mars was twenty-two degrees off the right viewport. It was starting to look large."
"prologue_shared_s27_l0.mp3","narrator","narration",200,"An announcement. Six in the morning. Berk's voice. Approaching Mars. Beginning contact with Hellas control. Eighteen hours to arrival. Passengers please return to your seats and fasten your seatbelts."
"prologue_shared_s28_l0.mp3","narrator","narration",201,"People moved. Footsteps in the corridor. A child asked something. Is Mars visible. The adult answered. You'll see it soon. The child ran. Toward the window. The child's palms pressed against the glass."
"prologue_shared_s29_l0.mp3","narrator","narration",206,"No getting up from the seat. No going to the window. No desire to see Mars. Not yet. But knowing Mars was there. It was felt. The ship had changed. The sounds changed. The vibration changed. Mars was close."
"prologue_shared_s30_l0.mp3","narrator","narration",206,"Mars on the screen was a little larger. Blood-red. Like a sunset. But it wasn't a sunset. Mars was always like this. That was what Mars was. Someone said it was beautiful. There was no thought about beauty."
"prologue_shared_s31_l0.mp3","narrator","narration",212,"Berk exchanged communications with ground control. Kariyope. Hellas control. Requesting cargo clearance code. Hellas control responded. Code received. Protocol. Protocol that hadn't changed in twenty-three years."
"prologue_shared_s33_l0.mp3","narrator","narration",161,"Ten hours. Those words remained. Ten hours. Whether it was long or short was unclear. It had taken six months to come from Earth to Mars. And ten hours felt far."
"prologue_shared_s34_l0.mp3","narrator","narration",224,"The ship tilted. Entry angle adjustment. Where the Martian atmosphere began. Red light came through the windows. The Martian atmosphere wrapped around the ship. Deceleration. Heat. Sound. That was how Mars received the ship."
"prologue_shared_s35_l0.mp3","narrator","narration",244,"The vibration intensified. The child cried. The adult held them. The engineers looked at each other. They all had experience. Still the vibration was heavy. The Kariyope was always like this. Berk knew. On the deceleration this ship made noise."
"prologue_shared_s36_l0.mp3","narrator","narration",189,"A hand rested on the bag. The hand didn't move. The ship shuddered. The shuddering wasn't unfelt. It wasn't that it wasn't felt. It was felt but not reacted to. The arrival was coming soon."
"prologue_shared_s37_l0.mp3","narrator","narration",179,"A red horizon appeared. The Hellas Basin. The lowest point on Mars. The deepest basin. People lived there. The child's palms pressed to the window turned red. It was Mars's light."
"prologue_shared_s38_l0.mp3","narrator","narration",276,"Hellas Central was visible below. Its size was hard to judge. It looked small. It grew larger as they got closer. Upon arrival it would be enormous. All buildings on Mars were like that. Small from outside, enormous inside. It should have been the other way around but wasn't."
"prologue_shared_s39_l0.mp3","narrator","narration",223,"Berk made an announcement. Prepare for landing. Seatbelts. All electronics off. Luggage under seats. Protocol. Twenty-three years of the same words. The voice hadn't changed. The content hadn't changed. Mars hadn't changed."
"prologue_shared_s40_l0.mp3","narrator","narration",189,"The landing runway was visible. Long concrete. Blood-red dust running across it. There was wind. Hellas always had wind. Small winds. Before a major storm the small winds always came first."
"prologue_shared_s41_l0.mp3","narrator","narration",216,"The Kariyope landed. Sand struck the windows. That was Mars's business. Impact. The ship stopped. The sound stopped. Quiet. The quiet of Mars. Different from the quiet of space. The quiet of Mars had something in it."
"prologue_shared_s42_l0.mp3","narrator","narration",187,"No one moved. Just a moment. The moment after landing. Everyone seemed to be confirming they were on Mars. When confirmed they would move. The child moved first. Children confirm quickly."
"prologue_shared_s43_l0.mp3","narrator","narration",170,"The airlock opened. Air came in. Recycled air. Purified Martian atmosphere. Low oxygen content. It would be dizzying at first. That too was protocol. Three days to adapt."
"prologue_shared_s44_l0.mp3","narrator","narration",230,"The mining family disembarked first. A child holding an adult's hand. The engineers came down. The woman alone. No expression. No expression for the entire voyage. No expression on Mars. Whether that was the right way was unknown."
"prologue_shared_s45_l0.mp3","narrator","narration",170,"Everyone disembarked. Last one remaining. The bag was lifted. Heavy. Walking down the aisle. Through the airlock. There were stairs. At the bottom of the stairs was Mars."
"prologue_shared_s46_l0.mp3","narrator","narration",213,"The soil of Mars was there beneath the first step. Under a blood-red sky. Hellas Central stood ahead. Enormous. Enormous even from outside. Inside it would be more enormous. Wind came. The bag was gripped tighter."
"prologue_shared_s47_l0.mp3","narrator","narration",240,"Berk was watching from the gangway above. Looking down at the people disembarking. Saw them all. He'd been seeing this for twenty-three years. The last person off stood with the bag and stopped. Looking at Hellas Central. Berk saw that too."
"prologue_shared_s49_l0.mp3","narrator","narration",184,"Where to go was unknown. There was no answer to that question. No answer was given. Berk was expected to ask again. He didn't. That was Berk's way. On Mars not answering was an answer."
"prologue_shared_s50_l0.mp3","narrator","narration",255,"Hellas Central. Standing before it. Inside the building something was running. Things that didn't stop. To the right was MCC. To the left was the labor district. Straight ahead the main hall. Behind was the Kariyope. The Kariyope would leave in six hours."
"prologue_shared_s51_l0.mp3","narrator","narration",216,"Six hours. A return was possible. Some people came to Mars and turned back. Berk knew about them. People like that existed. They too set foot on Mars. That was enough for them. Those for whom it wasn't enough stayed."
"prologue_shared_s52_l0.mp3","narrator","narration",187,"The bag wasn't set down. Setting it down made it a decision. Holding it still meant not yet. People walked past. Miners. Engineers. Everyone going somewhere. They all had somewhere to go."
"fsp_campaign_ch10_s23_l0.mp3","olu_adeyemi","dialogue",9,"You came."
"fsp_campaign_ch10_s23_l1.mp3","olu_adeyemi","dialogue",52,"I know the Earth-side is trying to block the launch."
"fsp_campaign_ch10_s23_l3.mp3","olu_adeyemi","dialogue",14,"There is. One."
"fsp_campaign_ch10_s23_l4.mp3","olu_adeyemi","dialogue",39,"Gaia launches now. Before the blockade."
"fsp_campaign_ch10_s23_l5.mp3","olu_adeyemi","dialogue",57,"We're eighty percent ready. It's dangerous. But possible."
"fsp_campaign_ch10_s25_l1.mp3","olu_adeyemi","dialogue",53,"At first she didn't know. I explained. Then she knew."
"fsp_campaign_ch10_s25_l2.mp3","olu_adeyemi","dialogue",32,"And she agreed. That was Mariam."
"fsp_campaign_ch10_s25_l4.mp3","olu_adeyemi","dialogue",41,"There's a reason the ship's name is Gaia."
"fsp_campaign_ch10_s25_l5.mp3","olu_adeyemi","dialogue",66,"Mariam's first daughter had that name. She was stillborn. On Mars."
"fsp_campaign_ch10_s27_l1.mp3","olu_adeyemi","dialogue",49,"Eighty percent. That is my answer. It's possible."
"fsp_campaign_ch10_s27_l3.mp3","olu_adeyemi","dialogue",38,"What isn't dangerous on Mars. Mikhail."
"fsp_campaign_ch10_s27_l5.mp3","olu_adeyemi","dialogue",34,"That's right. Tea isn't dangerous."
"fsp_campaign_ch8_s14b_olu_joins_l1.mp3","olu_adeyemi","dialogue",47,"I'm this ship's designer. I know where is safe."
"fsp_campaign_ch8_s14b_olu_joins_l2.mp3","olu_adeyemi","dialogue",97,"Something Mariam said. Marriage can happen twice. A spacecraft gets made once. This ship is once."
"mcc_campaign_ch10_s25_l0.mp3","osei","dialogue",47,"Director Chen. Explain your actions at Olympus."
"mcc_campaign_ch10_s25_l1.mp3","osei","dialogue",122,"The Zone 12 records are MCC internal confidential material. Releasing them to all three factions is clear breach of trust."
"mcc_campaign_ch10_s25_l2.mp3","osei","dialogue",21,"I move for dismissal."
"mcc_campaign_ch10_s26_l1.mp3","osei","dialogue",46,"Marchetti. Breach of trust is breach of trust."
"mcc_campaign_ch10_s29_l2.mp3","osei","dialogue",18,"That is a forgery."
"mcc_campaign_ch10_s30_l2.mp3","osei","dialogue",70,"Chen fabricated it. To keep her position. Together with that outsider."
"mcc_campaign_ch10_s33_l1.mp3","osei","dialogue",39,"Marchetti. You're also an MCC director."
"fsp_campaign_ch7_s09b_pak_l1.mp3","pak_seung_ho","dialogue",71,"Pak Seung-ho. FSP economics committee fifteen years. I am a pragmatist."
"fsp_campaign_ch7_s09b_pak_l2.mp3","pak_seung_ho","dialogue",84,"Execution over ideals. Miners need to eat today. Today's meal over tomorrow's dream."
"fsp_campaign_ch9_s19_l0.mp3","pilgrim_assassin","dialogue",39,"Contract is five. Three came out. Good."
"fsp_campaign_ch9_s19_l2.mp3","pilgrim_assassin","dialogue",28,"FSP girl. Do you have a gun?"
"fsp_campaign_ch9_s37_l1.mp3","pilgrim_assassin","dialogue",3,"..."
"fsp_campaign_ch9_s37_l3.mp3","pilgrim_assassin","dialogue",8,"... Why."
"fsp_campaign_ch9_s37_l5.mp3","pilgrim_assassin","dialogue",10,"... Ramos."
"cv_campaign_ch1_s06_l2.mp3","player","dialogue",3,"..."
"cv_campaign_ch1_s14_l2.mp3","player","dialogue",22,"What kind of decision."
"cv_campaign_ch1_s16_l1.mp3","player","dialogue",4,"Yes."
"cv_campaign_ch1_s23_l2.mp3","player","dialogue",28,"What happens after I report."
"cv_campaign_ch1_s25_l1.mp3","player","dialogue",15,"Is this a test?"
"cv_campaign_ch1_s28_l1.mp3","player","dialogue",7,"I know."
"cv_campaign_ch1_s35_l1.mp3","player","dialogue",4,"Yes."
"cv_campaign_ch1_s36_l1.mp3","player","dialogue",7,"I know."
"cv_campaign_ch10_s32_l1.mp3","player","dialogue",34,"Should CV recognize the agreement."
"cv_campaign_ch2_s04_l2.mp3","player","dialogue",18,"What's the target."
"cv_campaign_ch2_s06_l2.mp3","player","dialogue",16,"How many guards."
"cv_campaign_ch2_s09_l2.mp3","player","dialogue",24,"The intel was different."
"cv_campaign_ch2_s15_l2.mp3","player","dialogue",28,"I need to go to that person."
"cv_campaign_ch2_s19_l1.mp3","player","dialogue",12,"Don't shout."
"cv_campaign_ch2_s19_l3.mp3","player","dialogue",40,"Just taking equipment. Not touching you."
"cv_campaign_ch2_s31_l2.mp3","player","dialogue",36,"The worker didn't trigger the alarm."
"cv_campaign_ch2_s34_l2.mp3","player","dialogue",47,"I told them. CV code. Non-combatants untouched."
"cv_campaign_ch3_s09_l1.mp3","player","dialogue",6,"Aisha."
"cv_campaign_ch3_s11_l1.mp3","player","dialogue",35,"What's the code. In this situation."
"cv_campaign_ch3_s13_l0.mp3","player","dialogue",19,"Reza. One question."
"cv_campaign_ch3_s13_l2.mp3","player","dialogue",15,"Where is Aisha."
"cv_campaign_ch3_s13_l4.mp3","player","dialogue",55,"A person with a name needs someone who knows that name."
"cv_campaign_ch3_s17_l2.mp3","player","dialogue",7,"Why me."
"cv_campaign_ch3_s19_l0.mp3","player","dialogue",39,"Reza. MCC C-zone routes. You know them."
"cv_campaign_ch3_s19_l2.mp3","player","dialogue",50,"Tell me and you can leave here. I'll tell Butcher."
"cv_campaign_ch3_s19_l4.mp3","player","dialogue",3,"No."
"cv_campaign_ch3_s27_l2.mp3","player","dialogue",24,"What are the conditions."
"cv_campaign_ch3_s29_l1.mp3","player","dialogue",19,"Not the first time."
"cv_campaign_ch3_s29_l3.mp3","player","dialogue",22,"I came. That's enough."
"cv_campaign_ch3_s31_l1.mp3","player","dialogue",76,"MCC D-zone intelligence. CV withdraws from Sandstone Junction. For one year."
"cv_campaign_ch3_s31_l3.mp3","player","dialogue",18,"Better than short."
"cv_campaign_ch3_s33_l1.mp3","player","dialogue",13,"Eight months."
"cv_campaign_ch3_s37_l2.mp3","player","dialogue",14,"What's hidden."
"cv_campaign_ch3_s40_l1.mp3","player","dialogue",19,"Why hide this here."
"cv_campaign_ch3_s42_l1.mp3","player","dialogue",21,"How much can we take."
"cv_campaign_ch4_s05_l1.mp3","player","dialogue",6,"Where."
"cv_campaign_ch4_s05_l3.mp3","player","dialogue",11,"Any reason."
"cv_campaign_ch4_s09_l1.mp3","player","dialogue",24,"Where you worked before."
"cv_campaign_ch4_s11_l1.mp3","player","dialogue",3,"..."
"cv_campaign_ch4_s27_l2.mp3","player","dialogue",4,"Yes."
"cv_campaign_ch4_s31_l1.mp3","player","dialogue",9,"For what."
"cv_campaign_ch4_s33_l1.mp3","player","dialogue",18,"Someone told them."
"cv_campaign_ch4_s35_l1.mp3","player","dialogue",11,"The report."
"cv_campaign_ch4_s39_l1.mp3","player","dialogue",15,"The report too."
"cv_campaign_ch9_s34_l2.mp3","player","dialogue",28,"Is that important right now."
"cv_prologue_s07_l1.mp3","player","dialogue",3,"..."
"cv_prologue_s15_l1.mp3","player","dialogue",4,"Yes."
"cv_prologue_s15_l3.mp3","player","dialogue",15,"Hellas Central."
"cv_prologue_s15_l5.mp3","player","dialogue",8,"A knife."
"cv_prologue_s17_l1.mp3","player","dialogue",18,"There was a rumor."
"cv_prologue_s17_l3.mp3","player","dialogue",40,"That you don't go find it. It finds you."
"cv_prologue_s19_l1.mp3","player","dialogue",4,"Why."
"cv_prologue_s30_l2.mp3","player","dialogue",10,"Surviving."
"fsp_campaign_ch10_s05_l4.mp3","player","dialogue",4,"Who."
"fsp_campaign_ch7_s09b_pak_l0.mp3","player","dialogue",35,"Third candidate Pak Seung-ho stood."
"mcc_campaign_ch10_s32_l0.mp3","player","dialogue",80,"I found the Zone 12 records in the archive sublevel. Directly. There was a chip."
"mcc_campaign_ch10_s32_l1.mp3","player","dialogue",85,"In those records was a safety defect report. There was a date. There was a signature."
"mcc_campaign_ch10_s32_l2.mp3","player","dialogue",68,"It's not a forgery. That was the decision MCC made thirty years ago."
"fsp_campaign_ch9_s39_l1.mp3","ramos","dialogue",29,"Pilgrim Arms' principle is..."
"fsp_campaign_ch9_s39_l3.mp3","ramos","dialogue",65,"... Earth. Not directly. There's a middleman broker. Talon Group."
"fsp_campaign_ch7_s09c_renata_l0.mp3","renata_vieira","dialogue",63,"Dr. Renata Vieira. FSP medical support team leader eight years."
"fsp_campaign_ch7_s09c_renata_l1.mp3","renata_vieira","dialogue",100,"The most important thing on Mars is people surviving. Mine safety. Medical access. Those come first."
"cv_campaign_ch9_s38_l0.mp3","rev_hale","dialogue",35,"Zone 12. May I call the names here."
"cv_campaign_ch9_s38_l3.mp3","rev_hale","dialogue",23,"Zone 12. Eleven people."
"cv_campaign_ch9_s38_l4.mp3","rev_hale","dialogue",45,"The names are being recorded. Starting today."
"cv_campaign_ch9_s40_l1.mp3","rev_hale","dialogue",32,"And the names. The eleven names."
"cv_campaign_ch9_s42_l0.mp3","rev_hale","dialogue",43,"The fourth signature line is for a witness."
"cv_campaign_ch9_s42_l2.mp3","rev_hale","dialogue",66,"You. CV's Cinder Grace. Today with tools you protected this place."
"cv_campaign_ch9_s42_l4.mp3","rev_hale","dialogue",48,"Not as CV representative. As a Zone 12 survivor."
"fsp_campaign_ch10_s07_l4.mp3","rev_hale","dialogue",62,"Thomas Alder has a name too. But what do we do with that name."
"fsp_campaign_ch10_s09_l5.mp3","rev_hale","dialogue",4,"Why."
"fsp_campaign_ch10_s10_l5.mp3","rev_hale","dialogue",23,"That statement is true."
"fsp_campaign_ch10_s12_l1.mp3","rev_hale","dialogue",49,"Being here. Being beside a person who has a name."
"fsp_campaign_ch10_s12_l3.mp3","rev_hale","dialogue",30,"Yes. And you are Thomas Alder."
"fsp_campaign_ch10_s12_l5.mp3","rev_hale","dialogue",70,"When a name is recorded accountability follows. You cannot avoid that."
"fsp_campaign_ch10_s17_l0.mp3","rev_hale","dialogue",49,"When names are recorded those names make demands."
"fsp_campaign_ch10_s17_l1.mp3","rev_hale","dialogue",55,"Water rights. Medicine. Education. The next generation."
"fsp_campaign_ch10_s19_l0.mp3","rev_hale","dialogue",32,"This wall tells you what FSP is."
"fsp_campaign_ch10_s19_l2.mp3","rev_hale","dialogue",19,"Names. That is FSP."
"fsp_campaign_ch10_s25_l3.mp3","rev_hale","dialogue",40,"Mariam Adeyemi. This ship has that name."
"fsp_campaign_ch10_s29_l5.mp3","rev_hale","dialogue",30,"That's why Gaia is the answer."
"fsp_campaign_ch9_s05_l0.mp3","rev_hale","dialogue",40,"A pleasure to meet you. Rev. Elias Hale."
"fsp_campaign_ch9_s05_l3.mp3","rev_hale","dialogue",33,"A minister. Not a representative."
"fsp_campaign_ch9_s05_l5.mp3","rev_hale","dialogue",13,"As a witness."
"fsp_campaign_ch9_s07_l4.mp3","rev_hale","dialogue",16,"Before we begin."
"fsp_campaign_ch9_s07_l5.mp3","rev_hale","dialogue",34,"There are names. We must say them."
"fsp_campaign_ch9_s09_l0.mp3","rev_hale","dialogue",13,"Kim Yong-jin."
"fsp_campaign_ch9_s09_l1.mp3","rev_hale","dialogue",15,"Mariam Adeyemi."
"fsp_campaign_ch9_s09_l2.mp3","rev_hale","dialogue",46,"The three of Sector 7. No names. Unregistered."
"fsp_campaign_ch9_s09_l3.mp3","rev_hale","dialogue",31,"The twenty of Zone C. No names."
"fsp_campaign_ch9_s09_l4.mp3","rev_hale","dialogue",75,"Hellas Basin miners. Forty-two that I know of. There are more I don't know."
"fsp_campaign_ch9_s09_l5.mp3","rev_hale","dialogue",23,"These names come first."
"fsp_campaign_ch9_s11_l5.mp3","rev_hale","dialogue",33,"That answer is already an answer."
"fsp_campaign_ch9_s13_l5.mp3","rev_hale","dialogue",23,"One of us brought them."
"fsp_campaign_ch9_s15_l5.mp3","rev_hale","dialogue",77,"There's something more urgent than accountability right now. The people here."
"fsp_campaign_ch9_s17_l5.mp3","rev_hale","dialogue",31,"I cannot fight. But I can move."
"fsp_campaign_ch9_s21_l1.mp3","rev_hale","dialogue",46,"Outside the three factions. There is a fourth."
"fsp_campaign_ch9_s21_l3.mp3","rev_hale","dialogue",66,"Those who lose when Mars unites. Those who profit from the middle."
"fsp_campaign_ch9_s21_l5.mp3","rev_hale","dialogue",36,"I want to know the names. As always."
"fsp_campaign_ch9_s23_l1.mp3","rev_hale","dialogue",28,"Miners. People born on Mars."
"fsp_campaign_ch9_s23_l3.mp3","rev_hale","dialogue",81,"The first generation of this planet. People like Yuna. The generation you raised."
"fsp_campaign_ch9_s25_l4.mp3","rev_hale","dialogue",12,"Amara first."
"fsp_campaign_ch9_s27_l0.mp3","rev_hale","dialogue",20,"FSP's demand is one."
"fsp_campaign_ch9_s27_l1.mp3","rev_hale","dialogue",62,"That miners' names be recorded. That accidents be made public."
"fsp_campaign_ch9_s27_l2.mp3","rev_hale","dialogue",24,"No empire. No territory."
"fsp_campaign_ch9_s27_l3.mp3","rev_hale","dialogue",45,"A person with a name exists even after death."
"fsp_campaign_ch9_s27_l5.mp3","rev_hale","dialogue",69,"Those follow when names are recorded. Without names there is nothing."
"fsp_campaign_ch9_s28_l5.mp3","rev_hale","dialogue",25,"Names first. Start there."
"fsp_campaign_ch9_s30_l0.mp3","rev_hale","dialogue",52,"Chen Weiss. When was the day you first came to Mars."
"fsp_campaign_ch9_s30_l2.mp3","rev_hale","dialogue",49,"I want to know. People remember their first time."
"fsp_campaign_ch9_s30_l4.mp3","rev_hale","dialogue",29,"What did Mars look like then."
"fsp_campaign_ch9_s31_l0.mp3","rev_hale","dialogue",22,"Cinder Grace. And you."
"fsp_campaign_ch9_s31_l2.mp3","rev_hale","dialogue",47,"You told me about Zone 12. That too is a story."
"fsp_campaign_ch9_s31_l5.mp3","rev_hale","dialogue",61,"That name should be recorded too. Cinder Grace. From Zone 12."
"fsp_campaign_ch9_s33_l4.mp3","rev_hale","dialogue",74,"And ministers. Religious communities. Preserving the records as witnesses."
"fsp_campaign_ch9_s37_l0.mp3","rev_hale","dialogue",18,"What is your name."
"fsp_campaign_ch9_s37_l2.mp3","rev_hale","dialogue",39,"I'm not asking who sent you. Your name."
"fsp_campaign_ch9_s37_l4.mp3","rev_hale","dialogue",61,"I want to record it. The people who were at this place today."
"fsp_campaign_ch9_s39_l5.mp3","rev_hale","dialogue",21,"Peace is their enemy."
"fsp_campaign_ch9_s41_l3.mp3","rev_hale","dialogue",109,"FSP will establish an independent witness network through religious communities. So records cannot be erased."
"fsp_campaign_ch9_s43_l1.mp3","rev_hale","dialogue",4,"Yes."
"fsp_campaign_ch9_s43_l3.mp3","rev_hale","dialogue",44,"The names themselves decide what comes next."
"fsp_campaign_ch9_s43_l5.mp3","rev_hale","dialogue",70,"Recorded names are not forgotten. What is not forgotten makes demands."
"fsp_campaign_ch9_s45_l3.mp3","rev_hale","dialogue",13,"First of all."
"fsp_campaign_ch9_s45_l5.mp3","rev_hale","dialogue",28,"We'll be down soon. Mikhail."
"fsp_campaign_ch9_s47_l4.mp3","rev_hale","dialogue",46,"That problem must not block the agreement now."
"fsp_campaign_ch9_s47_l5.mp3","rev_hale","dialogue",60,"Agreement first. The traitor comes after. There is an order."
"cv_campaign_ch1_s16_l0.mp3","reza","dialogue",9,"New here?"
"cv_campaign_ch1_s16_l2.mp3","reza","dialogue",56,"Don't stay long. This is a place where people disappear."
"cv_campaign_ch1_s16_l3.mp3","reza","dialogue",8,"Like me."
"cv_campaign_ch1_s35_l0.mp3","reza","dialogue",26,"Alive. Survived the night."
"cv_campaign_ch1_s35_l2.mp3","reza","dialogue",69,"I know how to endure. That's why I'm still here. But not much longer."
"cv_campaign_ch1_s36_l0.mp3","reza","dialogue",26,"Butcher will decide today."
"cv_campaign_ch1_s36_l2.mp3","reza","dialogue",63,"My sister's name is Aisha. Just know that. That there's a name."
"cv_campaign_ch1_s38_l2.mp3","reza","dialogue",29,"I'm not an informant. Listen."
"cv_campaign_ch3_s09_l0.mp3","reza","dialogue",30,"You said her name. To Butcher."
"cv_campaign_ch3_s09_l2.mp3","reza","dialogue",30,"That's why I'm here. Not dead."
"cv_campaign_ch3_s09_l3.mp3","reza","dialogue",60,"I'm not an informant. Really. But I have no way to prove it."
"cv_campaign_ch3_s13_l1.mp3","reza","dialogue",5,"What."
"cv_campaign_ch3_s13_l3.mp3","reza","dialogue",4,"Why."
"cv_campaign_ch3_s19_l1.mp3","reza","dialogue",4,"Yes."
"cv_campaign_ch3_s19_l3.mp3","reza","dialogue",14,"Is that a lie?"
"cv_campaign_ch3_s21_l0.mp3","reza","dialogue",111,"There's a west route in C-zone. MCC doesn't officially use it. But no guards. Empty passage. Old mine drainage."
"cv_campaign_ch3_s21_l1.mp3","reza","dialogue",71,"Rotation interval. Thirty minutes. Official guards are east. None west."
"cv_campaign_ch3_s21_l2.mp3","reza","dialogue",28,"That's all. Can I leave now?"
"mcc_campaign_ch10_s26_l2.mp3","ryu","dialogue",8,"Proceed."
"mcc_campaign_ch10_s30_l1.mp3","ryu","dialogue",23,"Verification is needed."
"mcc_campaign_ch10_s35_l0.mp3","ryu","dialogue",20,"I have one question."
"mcc_campaign_ch10_s35_l1.mp3","ryu","dialogue",101,"Director Chen. What is the reason you're releasing this now. The reason you waited thirty years also."
"mcc_campaign_ch10_s36_l2.mp3","ryu","dialogue",34,"Understood. I maintain neutrality."
"mcc_campaign_ch10_s38_l2.mp3","ryu","dialogue",69,"A separate committee will be formed for the Zone 12 records response."
"cv_prologue_s07_l0.mp3","stranger","dialogue",26,"You heard about the south."
"cv_prologue_s07_l2.mp3","stranger","dialogue",54,"You don't go find it. It finds you. Good to know that."
"fsp_campaign_ch10_s09_l0.mp3","thomas_alder","dialogue",21,"I know. Why you came."
"fsp_campaign_ch10_s09_l2.mp3","thomas_alder","dialogue",28,"I didn't say to kill anyone."
"fsp_campaign_ch10_s09_l4.mp3","thomas_alder","dialogue",15,"... Yes. I did."
"fsp_campaign_ch10_s10_l0.mp3","thomas_alder","dialogue",62,"I'm really from MCC. Genuinely. My father was an MCC engineer."
"fsp_campaign_ch10_s10_l1.mp3","thomas_alder","dialogue",41,"So Talon approached me. Twenty years ago."
"fsp_campaign_ch10_s10_l2.mp3","thomas_alder","dialogue",55,"At first they said just pass information. Just reports."
"fsp_campaign_ch10_s10_l3.mp3","thomas_alder","dialogue",44,"Then twenty years passed. It became my life."
"fsp_campaign_ch10_s10_l4.mp3","thomas_alder","dialogue",66,"While I was in FSP... I actually thought FSP was right. Genuinely."
"fsp_campaign_ch10_s12_l0.mp3","thomas_alder","dialogue",23,"... What are you doing."
"fsp_campaign_ch10_s12_l2.mp3","thomas_alder","dialogue",14,"I'm a traitor."
"fsp_campaign_ch10_s12_l4.mp3","thomas_alder","dialogue",3,"..."
"fsp_campaign_ch7_s09d_alder_l0.mp3","thomas_alder","dialogue",60,"Thomas Alder. Former MCC. Three years as FSP representative."
"fsp_campaign_ch7_s09d_alder_l1.mp3","thomas_alder","dialogue",105,"Inside MCC I understood FSP was right. So I came. Someone who knows the inside is needed for negotiation."
"cv_campaign_ch2_s19_l0.mp3","worker","dialogue",3,"CV?"
"cv_campaign_ch2_s19_l2.mp3","worker","dialogue",7,"Why us."
"fsp_campaign_ch10_s16_l2.mp3","yuna","dialogue",51,"What we wanted was names. For names to be recorded."
"fsp_campaign_ch10_s16_l3.mp3","yuna","dialogue",36,"If that happened... what comes next."
"fsp_campaign_ch10_s17_l2.mp3","yuna","dialogue",34,"The rights of people born on Mars."
"fsp_campaign_ch10_s19_l1.mp3","yuna","dialogue",6,"Names."
"fsp_campaign_ch10_s21_l5.mp3","yuna","dialogue",41,"Gaia needs to launch. That is the answer."
"fsp_campaign_ch10_s25_l0.mp3","yuna","dialogue",21,"Did Mariam want this."
"fsp_campaign_ch10_s30_l0.mp3","yuna","dialogue",54,"If Gaia launches it shows Mars can move without Earth."
"fsp_campaign_ch10_s30_l1.mp3","yuna","dialogue",52,"That neutralizes the economic blockade. As a symbol."
"fsp_campaign_ch10_s30_l3.mp3","yuna","dialogue",90,"What FSP did for twenty-eight years was symbols. Chalk names. Demanding name registration."
"fsp_campaign_ch10_s30_l4.mp3","yuna","dialogue",26,"Symbols changed the world."
"fsp_campaign_ch3_s_success_l0.mp3","yuna","dialogue",26,"They stayed. Sixty stayed."
"fsp_campaign_ch3_s_success_l1.mp3","yuna","dialogue",53,"MCC left. Officially they're reviewing the documents."
"fsp_campaign_ch3_s07_l0.mp3","yuna","dialogue",84,"Boss. If sixty people stay MCC can't force removal. There's a Mars residency clause."
"fsp_campaign_ch3_s07_l1.mp3","yuna","dialogue",102,"Right now there are thirty. We need thirty more. The neighboring village can come. If FSP supports it."
"fsp_campaign_ch3_s07_l2.mp3","yuna","dialogue",68,"There's a cemetery here too. My father is there too. There's a name."
"fsp_campaign_ch3_s12_l0.mp3","yuna","dialogue",115,"Father died here. Mining accident. When I was eight. Mother said she couldn't leave. Because father's name is here."
"fsp_campaign_ch3_s12_l1.mp3","yuna","dialogue",78,"I feel the same. But the living matter more. Father would have thought so too."
"fsp_campaign_ch3_s17_l0.mp3","yuna","dialogue",51,"We have the right to be here. The residency clause."
"fsp_campaign_ch3_s17_l1.mp3","yuna","dialogue",47,"There are sixty people here. Count them. Sixty."
"fsp_campaign_ch3_s21_l0.mp3","yuna","dialogue",16,"Boss. Thank you."
"fsp_campaign_ch3_s21_l1.mp3","yuna","dialogue",68,"Father is here. Maybe that's not what matters. But it matters to me."
"fsp_campaign_ch7_s08_l0.mp3","yuna","dialogue",51,"Yuna Kim. From Hellas mining village. Born on Mars."
"fsp_campaign_ch7_s08_l1.mp3","yuna","dialogue",83,"FSP's next step is the Mars-born. People born on this planet must lead this planet."
"fsp_campaign_ch7_s08_l2.mp3","yuna","dialogue",55,"My father died in a mining accident. That's the reason."
"fsp_campaign_ch7_s12b_delay_debate_l1.mp3","yuna","dialogue",53,"Can't postpone. This is what MCC wants. To divide us."
"fsp_prologue_p22_l0.mp3","yuna","dialogue",11,"You're new?"
"fsp_prologue_p22_l1.mp3","yuna","dialogue",43,"I'm Yuna. Born here. My father was a miner."
"fsp_prologue_p22_l2.mp3","yuna","dialogue",86,"You were looking at the names on the wall, right? The star marks are people born here."
"fsp_prologue_p24_l0.mp3","yuna","dialogue",17,"You came for FSP?"
"fsp_prologue_p24_l1.mp3","yuna","dialogue",86,"Welcome. Elder Mikhail is a good person. Truly. It's hard to meet good people on Mars."
